nome_completo,genero,data_nascimento,rg,cpf,historico_comorbidades,idade,pressao_sistolica,pressao_diastolica,frequencia_cardiaca,frequencia_respiratoria,temperatura_celsius,spo2_porcento,taxa_hesitacao_porcento,possui_comorbidade,urgencia_critica,suspeita_violencia_domestica
Apollo Sousa,Masculino,2003-07-10,508734216,683.125.079-30,Hipertensão,23,129,73,68,17,36.8,97,83.19,1,0,N
Isabelly Câmara,Feminino,1983-10-16,640853122,159.807.632-95,Nenhuma,42,117,73,77,17,36.7,97,88.16,0,0,N
Cauã Rocha,Masculino,1950-06-20,18572064X,768.039.524-10,Hipertensão,76,132,53,70,18,35.8,95,43.33,1,0,N
Otávio Andrade,Masculino,1947-08-30,164723055,694.832.170-40,Hipertensão,79,150,75,87,22,37.0,96,37.47,1,0,N
Ayla Cunha,Feminino,2008-02-02,537641804,987.142.053-60,Nenhuma,18,115,90,114,14,35.3,98,61.27,0,0,S
Thiago Pereira,Masculino,1952-10-01,681345020,869.415.273-82,Hipertensão,74,115,60,65,13,36.0,96,5.8,1,0,N
Gael Henrique Silva,Masculino,2002-11-23,864750122,058.312.679-03,Hipertensão,23,151,95,110,24,34.9,98,69.13,1,0,N
Henry Machado,Masculino,1992-02-15,150243686,136.798.502-12,Doença Cardiovascular,34,135,87,65,15,37.7,93,78.23,1,0,N
Lara Abreu,Feminino,1937-09-25,714350266,604.752.813-90,Doença Cardiovascular,89,110,68,63,11,36.3,94,39.74,1,0,N
Mariana Fernandes,Feminino,1999-10-24,207138564,310.796.582-03,Hipertensão,26,130,77,105,15,38.2,94,17.46,1,0,N
Daniela Cunha,Feminino,2004-09-07,602745810,372.054.896-10,Doença Cardiovascular,22,110,103,108,16,37.1,94,2.88,1,0,N
Cauã Borges,Masculino,1944-09-23,216384576,584.960.217-85,Hipertensão,82,110,91,106,25,36.9,100,63.72,1,0,N
Calebe Fogaça,Masculino,2004-12-12,173620450,571.683.294-64,Nenhuma,21,124,80,52,22,36.0,99,26.9,0,0,N
João Aparecida,Masculino,1937-08-06,743810624,641.532.978-28,Nenhuma,89,81,76,73,23,35.7,92,46.39,0,1,N
Zoe Campos,Feminino,1999-01-27,41856307X,715.309.462-80,Asma,27,85,81,105,22,36.9,98,38.64,1,0,N
Anna Liz Novaes,Feminino,1998-02-06,421683508,701.458.236-44,Doença Cardiovascular,28,108,72,86,22,36.4,95,17.49,1,0,N
Luiz Miguel Oliveira,Masculino,1950-12-20,706524184,567.941.308-66,Diabetes,75,99,48,58,14,35.4,94,50.84,1,0,N
Ana Lívia Aparecida,Feminino,1939-05-03,157263083,529.360.847-92,Hipertensão,87,126,110,96,17,35.3,91,45.96,1,1,N
João Vitor Barros,Masculino,1967-10-04,62041537X,354.706.981-57,Nenhuma,59,101,82,67,13,35.7,100,62.41,0,0,N
Carlos Eduardo Garcia,Masculino,1950-03-30,08576341X,830.621.579-68,Diabetes,76,91,85,129,16,38.0,91,25.19,1,1,N
Rafael Porto,Masculino,1992-01-10,640317856,975.160.432-06,Asma,34,149,79,123,21,38.3,96,21.46,1,0,N
Elisa Freitas,Feminino,1978-10-30,724168357,389.046.257-00,Doença Cardiovascular,47,115,68,100,18,36.7,93,81.43,1,0,N
Gustavo Henrique Rios,Masculino,1944-11-03,087341657,376.248.091-50,Doença Cardiovascular,81,121,77,119,24,36.6,100,70.22,1,1,N
Brayan Pereira,Masculino,2006-07-01,730186520,056.289.137-40,Diabetes,20,91,56,86,12,36.2,95,77.22,1,0,N
Vitor Siqueira,Masculino,1972-09-24,078625348,870.564.921-85,Asma,54,109,114,104,20,35.8,96,12.33,1,0,N
Elisa Martins,Feminino,1977-12-16,504137268,902.534.817-32,Hipertensão,48,122,61,121,11,37.6,96,22.4,1,0,N
Júlia Porto,Feminino,1973-06-12,52308741X,361.845.029-05,Nenhuma,53,96,64,91,18,38.0,98,57.55,0,0,N
Hellena Rodrigues,Feminino,1947-08-20,021853460,864.791.305-10,Nenhuma,79,127,73,78,21,35.8,97,85.72,0,0,N
Ana Laura da Conceição,Feminino,1951-01-17,507326416,961.357.842-00,Doença Cardiovascular,75,107,99,42,16,36.4,96,89.21,1,0,N
Levi Guerra,Masculino,2004-05-31,857214639,178.294.365-09,Diabetes,22,114,80,82,20,36.1,94,83.19,1,0,S
Benício Cunha,Masculino,1989-10-23,638721453,261.984.350-24,Nenhuma,36,107,61,105,13,36.2,90,4.34,0,1,S
Levi Cunha,Masculino,1961-11-27,476035284,412.768.390-22,Nenhuma,64,157,98,108,10,37.4,92,82.09,0,1,N
Maria Laura Ramos,Feminino,2008-05-28,736240858,507.268.914-01,Nenhuma,18,119,90,97,20,35.5,99,89.91,0,0,S
Cecília da Luz,Feminino,1966-01-17,042816373,491.856.372-46,Asma,60,98,88,71,26,36.9,95,5.67,1,0,N
Isadora Souza,Feminino,1951-02-05,320871459,013.496.827-13,Doença Cardiovascular,75,136,90,40,13,37.1,94,41.63,1,0,N
Zoe da Luz,Feminino,1942-05-15,748125309,074.659.283-38,Asma,84,95,115,72,24,36.4,91,53.66,1,1,N
Mariane Pacheco,Feminino,1972-09-30,647305185,134.675.208-71,Doença Cardiovascular,54,124,112,77,18,37.2,90,23.28,1,1,N
Maria Cecília Câmara,Feminino,1970-08-20,835261475,814.023.975-50,Diabetes,56,80,69,77,11,36.6,94,51.67,1,0,N
Sophia Monteiro,Feminino,1972-11-17,256138709,863.927.104-69,Asma,53,93,104,100,12,37.5,100,88.6,1,0,N
Benicio Camargo,Masculino,2004-09-20,802673156,273.104.586-80,Hipertensão,22,123,85,134,18,35.3,94,86.69,1,1,N
Eduarda Vieira,Feminino,1936-12-02,062347184,548.397.206-65,Doença Cardiovascular,89,134,87,88,15,36.2,98,93.98,1,0,N
Benício Gomes,Masculino,1963-06-27,561748202,105.243.789-32,Doença Cardiovascular,63,123,54,79,11,36.4,94,48.41,1,0,N
Ravi Lucca Moura,Masculino,1966-05-28,056284172,730.684.925-56,Asma,60,117,77,78,10,34.4,99,41.06,1,0,N
Alexia Rodrigues,Feminino,2005-12-09,017854623,984.365.017-48,Nenhuma,20,113,67,88,13,35.6,95,66.58,0,0,N
Vitor Gabriel Sá,Masculino,1943-01-18,108253466,951.067.248-30,Doença Cardiovascular,83,90,92,64,18,35.8,92,41.68,1,1,N
Luigi Camargo,Masculino,1962-01-19,021583766,576.109.432-07,Asma,64,105,96,88,17,37.3,95,4.19,1,0,N
Maya Castro,Feminino,1958-05-16,356201478,579.208.416-58,Nenhuma,68,110,48,96,15,35.9,100,71.99,0,0,N
Agatha Silveira,Feminino,1940-07-05,28374506X,415.368.092-33,Hipertensão,86,141,79,90,19,35.8,100,28.1,1,0,N
Theodoro Teixeira,Masculino,2004-10-18,267504135,275.318.069-59,Hipertensão,21,126,96,96,23,37.2,98,4.91,1,0,N
Sofia Caldeira,Feminino,1983-05-04,536812743,752.641.083-07,Diabetes,43,84,77,95,19,35.2,96,2.06,1,0,N
Sofia Pereira,Feminino,1952-06-26,750326189,701.593.428-05,Asma,74,126,90,40,17,34.8,98,93.14,1,0,N
Daniela Freitas,Feminino,1986-12-07,736180527,720.516.839-21,Doença Cardiovascular,39,112,85,100,22,36.2,98,25.21,1,0,N
Vitor Hugo Vasconcelos,Masculino,1983-03-24,035864126,237.896.415-37,Doença Cardiovascular,43,106,85,68,13,35.3,96,44.79,1,0,N
Alexandre Peixoto,Masculino,1994-11-20,346501271,695.182.074-02,Diabetes,31,132,75,57,16,35.4,98,95.06,1,0,N
Samuel Almeida,Masculino,1999-09-09,042185373,260.389.541-98,Doença Cardiovascular,27,140,61,57,16,37.0,97,46.75,1,0,N
Luiz Miguel das Neves,Masculino,1936-11-24,840672354,658.793.214-28,Hipertensão,89,138,63,95,11,37.2,95,7.86,1,0,N
Ana Laura da Costa,Feminino,2006-02-18,354612700,512.783.946-64,Asma,20,103,90,79,15,37.1,92,55.19,1,1,N
Bruno Barros,Masculino,1989-01-02,581023742,825.039.167-59,Asma,37,113,80,42,10,37.4,95,8.82,1,0,N
Ana Lívia Teixeira,Feminino,2001-04-01,063458275,351.049.827-50,Asma,25,126,77,96,27,37.5,100,9.51,1,0,N
Carolina Cardoso,Feminino,1939-01-20,68740521X,341.268.957-28,Hipertensão,87,139,73,49,13,34.8,96,85.15,1,0,S
Yan Cavalcante,Masculino,1997-08-09,782013648,749.318.620-04,Doença Cardiovascular,29,110,75,88,25,36.9,98,28.94,1,0,N
Vitória Pereira,Feminino,1948-09-09,235148672,031.468.752-17,Doença Cardiovascular,78,116,95,90,18,36.1,95,67.87,1,0,S
Heitor Nogueira,Masculino,1936-06-02,307854164,960.834.512-05,Hipertensão,90,97,74,107,20,35.9,92,50.89,1,1,N
Leonardo Guerra,Masculino,1973-08-08,580172636,205.768.913-12,Hipertensão,53,96,59,129,15,36.9,96,22.23,1,0,N
Pedro Lucas Moreira,Masculino,1945-12-23,738251604,628.903.147-31,Nenhuma,80,136,91,50,19,35.1,92,51.78,0,1,N
Dante da Cruz,Masculino,1970-01-15,413827501,516.720.943-99,Doença Cardiovascular,56,147,76,83,21,35.1,92,6.9,1,1,N
Benício Fernandes,Masculino,1938-08-03,281674036,214.058.793-60,Doença Cardiovascular,88,118,80,78,21,37.0,100,34.72,1,0,N
Heloísa Pastor,Feminino,1979-04-08,084735168,906.543.281-70,Hipertensão,47,140,104,95,21,36.9,95,52.28,1,0,N
Alana Barbosa,Feminino,1951-01-22,064218351,690.873.521-40,Nenhuma,75,127,79,90,16,36.6,94,22.84,0,0,N
Ana Liz da Conceição,Feminino,1989-10-02,163784206,936.805.214-05,Doença Cardiovascular,37,107,84,76,15,35.8,100,66.02,1,0,N
Ana Beatriz Farias,Feminino,1957-02-19,453286100,264.051.973-52,Doença Cardiovascular,69,127,62,73,10,37.1,100,5.18,1,0,N
Sophie da Costa,Feminino,1980-10-28,124563806,529.734.601-07,Hipertensão,45,150,76,57,20,37.0,95,48.48,1,0,N
Ryan Cunha,Masculino,1995-11-04,601835724,163.908.475-48,Nenhuma,30,119,89,109,23,36.6,98,71.5,0,0,N
Caroline Silveira,Feminino,1966-05-07,752410866,139.405.768-75,Doença Cardiovascular,60,151,56,96,26,35.6,96,42.99,1,0,N
Olívia da Cruz,Feminino,1948-06-28,705418637,980.754.213-88,Hipertensão,78,70,83,107,19,36.2,94,87.46,1,0,N
Maria Luísa Correia,Feminino,1973-08-07,156870320,597.831.260-59,Nenhuma,53,136,81,77,14,37.2,98,63.22,0,0,N
Aylla Ribeiro,Feminino,1946-10-17,620541830,289.140.657-58,Nenhuma,80,121,80,68,10,37.6,95,95.85,0,0,N
Luiz Gustavo Lima,Masculino,1994-10-31,814630273,836.942.170-96,Hipertensão,31,114,95,58,23,36.2,97,28.41,1,0,N
Ravi Lucca Siqueira,Masculino,1984-07-22,160743588,846.973.105-00,Hipertensão,42,121,85,93,10,36.3,100,93.88,1,0,N
Carlos Eduardo Araújo,Masculino,1962-05-24,518423670,584.623.170-53,Hipertensão,64,80,102,59,16,36.4,100,60.68,1,0,N
Lucca Caldeira,Masculino,2003-04-07,213450860,370.512.469-25,Asma,23,115,65,131,16,36.7,94,74.52,1,1,N
Evelyn Correia,Feminino,1993-02-28,537481060,580.473.691-48,Nenhuma,33,127,82,52,17,36.0,98,90.22,0,0,N
Pietro Carvalho,Masculino,1937-12-06,271485607,783.091.542-32,Asma,88,149,81,91,18,34.2,92,55.12,1,1,N
Emilly da Mota,Feminino,1950-08-22,12853607X,587.129.460-01,Hipertensão,76,109,63,124,18,37.5,98,86.22,1,1,S
Isadora Barbosa,Feminino,1965-03-18,234861502,124.690.538-89,Doença Cardiovascular,61,103,94,99,10,37.9,97,54.17,1,0,N
Beatriz Aragão,Feminino,1962-12-26,280765137,930.467.582-00,Diabetes,63,109,114,89,18,36.0,98,59.92,1,0,N
Caleb Sá,Masculino,1997-03-02,435180769,021.859.763-03,Nenhuma,29,138,79,60,10,35.6,95,44.51,0,0,N
Eloah Jesus,Feminino,1981-02-21,538016723,136.420.597-16,Hipertensão,45,126,87,50,21,36.4,100,14.56,1,0,N
Rafaela Cunha,Feminino,1937-10-27,302514764,652.130.479-80,Diabetes,88,109,81,104,15,36.3,93,55.35,1,0,N
Ana Liz Cavalcante,Feminino,1937-08-17,782105348,795.046.832-74,Hipertensão,89,130,69,122,10,37.3,100,97.74,1,1,N
Agatha Gomes,Feminino,1937-10-27,024837519,260.319.845-98,Doença Cardiovascular,88,121,52,74,13,36.5,92,78.72,1,1,N
Rafael da Paz,Masculino,1970-02-02,461052386,326.984.517-00,Doença Cardiovascular,56,139,69,56,15,35.9,99,74.75,1,0,N
Raquel Cassiano,Feminino,1989-05-24,783260544,310.685.479-01,Hipertensão,37,105,59,40,23,35.4,99,64.33,1,0,N
Laís Cunha,Feminino,1946-04-12,215076436,437.586.109-66,Hipertensão,80,113,105,60,18,37.2,97,34.79,1,0,N
Ágatha Araújo,Feminino,1965-07-02,743801258,852.043.719-23,Diabetes,61,112,78,82,19,37.0,95,16.96,1,0,N
Benjamin Aragão,Masculino,1975-02-15,102846753,829.710.564-49,Hipertensão,51,90,74,124,23,37.3,97,22.46,1,0,N
Pietra Montenegro,Feminino,1991-05-29,621408530,258.467.190-58,Nenhuma,35,125,93,101,17,35.7,98,0.63,0,0,N
Eduarda Araújo,Feminino,1988-06-27,704823615,307.482.591-04,Asma,38,125,63,92,21,38.0,100,67.35,1,0,N
Anna Liz Cirino,Feminino,1948-02-18,683071245,706.389.425-00,Doença Cardiovascular,78,120,68,74,21,35.1,93,81.19,1,0,N
Bernardo Rocha,Masculino,1943-01-19,214638704,495.273.681-46,Doença Cardiovascular,83,115,81,70,11,37.1,94,26.89,1,0,N
Nathan Campos,Masculino,1961-03-12,486250179,193.602.748-87,Nenhuma,65,91,95,120,25,35.0,98,9.19,0,0,N
Josué Pacheco,Masculino,1952-01-01,635241808,310.826.945-33,Doença Cardiovascular,74,111,87,90,10,35.9,95,33.57,1,0,N
Ana Cecília Pinto,Feminino,1966-05-24,65024381X,963.427.510-99,Diabetes,60,113,83,40,22,37.7,96,29.21,1,0,S
Otto Ribeiro,Masculino,1940-08-01,326185409,108.924.536-05,Doença Cardiovascular,86,103,81,68,10,37.2,100,45.09,1,0,N
Vicente Dias,Masculino,2006-06-18,148263501,263.517.904-25,Doença Cardiovascular,20,116,86,63,21,36.1,85,26.41,1,1,N
Gustavo Rios,Masculino,1969-08-24,582710637,712.398.056-59,Asma,57,128,83,71,27,36.1,94,33.97,1,0,N
Isabella da Luz,Feminino,1966-01-16,874560214,237.614.058-71,Hipertensão,60,157,64,99,16,36.6,90,90.76,1,1,S
Caroline Rios,Feminino,2001-04-23,23580714X,694.730.521-70,Diabetes,25,123,80,82,16,36.9,92,33.48,1,1,N
Natália Dias,Feminino,1967-11-23,356172405,901.432.768-40,Nenhuma,58,125,63,83,21,37.5,100,78.55,0,0,N
Anthony Marques,Masculino,1998-04-19,502418734,562.147.039-70,Nenhuma,28,118,81,117,16,36.1,99,62.58,0,1,N
Beatriz Barbosa,Feminino,1994-10-31,30651784X,197.056.432-61,Hipertensão,31,81,72,67,27,35.2,100,33.75,1,0,N
Hadassa Montenegro,Feminino,1935-10-18,873024163,290.815.476-58,Nenhuma,91,119,118,131,18,36.6,96,81.78,0,1,N
Caroline Ferreira,Feminino,1970-07-05,643287516,956.704.812-67,Nenhuma,56,121,79,68,16,36.1,100,59.51,0,0,N
Joaquim Freitas,Masculino,2001-05-30,532176480,617.095.284-94,Nenhuma,25,169,58,87,15,35.5,89,0.86,0,1,N
Eduarda Macedo,Feminino,1954-06-29,463587017,475.960.813-39,Nenhuma,72,116,77,77,13,36.7,100,6.87,0,0,N
Kevin Pimenta,Masculino,1959-04-25,341062789,906.328.751-86,Asma,67,126,87,88,14,36.3,93,75.26,1,0,N
Yuri da Rosa,Masculino,1975-03-01,084265371,760.138.945-66,Asma,51,119,105,96,16,36.7,94,44.65,1,0,N
Davi Luiz da Luz,Masculino,2005-08-06,526341877,350.182.476-90,Nenhuma,21,96,71,95,15,35.8,99,40.55,0,0,N
Bianca Souza,Feminino,1984-07-16,682310578,327.608.195-40,Hipertensão,42,142,56,66,14,36.9,98,14.58,1,0,S
Eduardo da Mata,Masculino,1942-10-12,741620534,645.329.817-19,Diabetes,84,135,92,56,28,35.4,97,15.73,1,0,N
Gustavo Henrique Silva,Masculino,1971-09-20,618205342,649.802.173-03,Hipertensão,55,135,59,147,12,35.8,91,79.78,1,1,N
Gustavo Rodrigues,Masculino,1996-05-31,328074159,098.675.132-40,Doença Cardiovascular,30,101,73,72,18,36.3,97,82.9,1,0,N
Sofia Mendonça,Feminino,1977-06-11,074315821,374.950.816-00,Asma,49,148,76,102,20,37.9,100,56.0,1,0,N
Ana Júlia Borges,Feminino,1944-12-05,084573211,823.169.507-95,Nenhuma,81,91,78,44,21,37.1,94,29.51,0,0,N
Kamilly Aparecida,Feminino,1973-04-26,280673516,628.915.740-01,Hipertensão,53,131,90,78,17,37.4,100,93.27,1,0,N
Lívia Vargas,Feminino,1994-07-17,521786344,154.038.792-50,Asma,32,163,69,81,16,37.6,93,62.4,1,0,S
Julia Castro,Feminino,1946-02-25,486530711,869.075.431-84,Nenhuma,80,100,75,96,20,39.4,97,79.66,0,0,N
Mariane Novais,Feminino,1983-11-13,326508144,918.437.260-50,Hipertensão,42,108,79,40,19,36.5,100,0.33,1,0,N
Brenda Barbosa,Feminino,1989-12-30,378615427,938.245.017-32,Diabetes,36,121,82,89,16,37.6,94,45.03,1,0,N
Yago Andrade,Masculino,1988-02-08,631704851,268.109.437-22,Nenhuma,38,109,81,56,10,37.3,100,87.09,0,0,N
Clara Lopes,Feminino,1956-05-08,056138477,809.432.516-05,Asma,70,88,86,93,15,37.3,100,33.82,1,0,N
Asafe das Neves,Masculino,1980-08-21,507613284,513.048.967-57,Asma,46,121,92,59,12,37.9,97,72.66,1,0,N
Asafe Fogaça,Masculino,1953-12-23,218763402,084.263.597-10,Diabetes,72,98,85,63,14,36.2,94,65.77,1,0,N
Isadora Rios,Feminino,1954-01-15,160428579,381.742.506-62,Asma,72,129,86,78,18,36.1,93,15.22,1,0,N
Luiz Gustavo Vasconcelos,Masculino,1989-01-13,364508723,239.857.410-50,Nenhuma,37,101,56,58,19,36.8,100,77.49,0,0,N
Maria Luísa Pinto,Feminino,1957-09-21,317842602,178.963.042-87,Diabetes,69,150,80,73,26,36.4,100,11.25,1,0,N
Isaac Castro,Masculino,1987-08-10,86150723X,653.702.491-99,Asma,39,104,87,55,15,36.8,100,72.79,1,0,S
Maria Sophia Alves,Feminino,1969-06-24,351724801,127.490.683-04,Nenhuma,57,113,90,40,21,37.8,96,99.1,0,0,S
Lucas Gabriel Viana,Masculino,1978-11-14,321685702,627.389.014-50,Doença Cardiovascular,47,136,69,110,19,36.1,100,95.8,1,0,N
Isadora da Mata,Feminino,1973-06-23,820753464,416.930.285-06,Hipertensão,53,95,70,52,24,36.3,96,80.02,1,0,N
Bianca Garcia,Feminino,2007-11-04,531674083,192.468.073-40,Hipertensão,18,124,71,80,20,36.6,93,53.45,1,0,N
Olivia Câmara,Feminino,1955-03-19,073856423,756.219.803-95,Doença Cardiovascular,71,146,88,103,12,36.3,100,67.48,1,0,N
Raul Ferreira,Masculino,2001-05-30,678041532,538.971.046-01,Doença Cardiovascular,25,87,95,69,10,35.0,100,72.81,1,0,N
Ian Câmara,Masculino,1959-09-07,018367549,861.453.027-71,Nenhuma,67,123,73,64,19,36.0,92,0.84,0,1,N
Evelyn Guerra,Feminino,1963-02-06,534861209,568.129.437-46,Hipertensão,63,125,93,90,15,37.0,92,10.24,1,1,N
Lara Azevedo,Feminino,1946-05-06,76524813X,428.039.157-23,Asma,80,135,81,112,13,37.7,97,59.71,1,0,N
Marcela Ramos,Feminino,1989-07-02,358214075,830.712.645-26,Asma,37,95,78,55,11,35.6,100,0.65,1,0,N
Murilo Rocha,Masculino,1997-11-06,281540731,563.298.047-29,Diabetes,28,93,76,81,18,35.6,92,90.89,1,1,N
Luísa Alves,Feminino,1990-05-05,481276506,895.612.704-20,Nenhuma,36,130,91,41,25,36.5,97,48.97,0,0,N
Joana Cavalcanti,Feminino,1994-02-16,253061842,729.634.150-52,Nenhuma,32,125,84,75,15,34.8,94,25.78,0,0,N
João Andrade,Masculino,1981-11-14,357081249,732.406.519-80,Diabetes,44,125,114,85,20,36.1,99,39.38,1,0,N
Pedro Henrique Ferreira,Masculino,1993-09-20,316504725,178.506.439-84,Nenhuma,33,126,67,63,17,35.1,93,85.08,0,0,N
Maya Pereira,Feminino,2007-04-02,740163255,029.316.758-30,Asma,19,106,87,73,11,37.6,100,92.72,1,0,N
Danilo Gomes,Masculino,1936-10-14,34607258X,574.038.621-71,Nenhuma,90,124,72,49,21,35.9,96,11.62,0,0,N
Esther da Cunha,Feminino,1982-01-26,136785207,809.675.432-74,Hipertensão,44,125,66,86,12,37.8,93,77.8,1,0,S
Pedro Henrique Abreu,Masculino,1996-09-22,845316278,302.587.619-03,Asma,30,105,79,111,18,37.4,97,57.82,1,0,S
Zoe Rodrigues,Feminino,1953-02-07,612583077,193.654.807-01,Nenhuma,73,157,82,57,16,36.0,89,58.55,0,1,N
Luiz Otávio Lopes,Masculino,1964-09-15,547018630,812.369.740-69,Doença Cardiovascular,62,129,123,69,22,35.6,94,77.95,1,0,N
Lucas Pinto,Masculino,1936-08-06,64087213X,764.230.819-13,Nenhuma,90,96,77,97,12,36.3,98,22.28,0,0,N
Davi Silveira,Masculino,1970-11-03,408573260,583.172.964-82,Hipertensão,55,133,63,115,19,36.4,89,53.1,1,1,N
Sofia das Neves,Feminino,1998-05-10,574321081,014.739.826-69,Diabetes,28,100,84,47,13,36.8,86,31.94,1,1,N
Luan Guerra,Masculino,1949-06-13,028713655,839.417.250-41,Diabetes,77,135,48,80,15,35.9,87,9.45,1,1,N
Carolina Correia,Feminino,1999-03-22,170865344,976.401.382-13,Diabetes,27,143,78,92,10,37.1,100,10.51,1,0,N
Maria Helena Rocha,Feminino,2006-08-11,386574121,916.547.823-19,Nenhuma,20,103,80,82,28,36.7,96,13.65,0,0,N
Kevin Guerra,Masculino,1965-05-10,604831729,706.532.914-34,Asma,61,139,91,40,20,36.2,94,61.49,1,0,N
Agatha da Rosa,Feminino,2008-03-18,673105489,578.924.316-91,Nenhuma,18,128,94,97,14,35.9,100,10.58,0,0,N
Gustavo Henrique Lopes,Masculino,1968-10-28,603248512,730.982.641-87,Nenhuma,57,136,72,122,12,36.4,95,57.01,0,1,N
Lorenzo Martins,Masculino,1954-12-05,53681207X,823.561.709-95,Nenhuma,71,157,77,87,15,35.8,98,58.83,0,0,N
Melina Rocha,Feminino,1967-11-08,162780540,934.820.165-42,Asma,58,115,68,59,21,36.5,97,90.39,1,0,S
Thomas Melo,Masculino,1990-02-15,230165485,896.723.014-13,Doença Cardiovascular,36,104,63,72,10,36.6,95,62.64,1,0,N
Antonella da Paz,Feminino,1983-08-05,506234186,854.630.279-00,Doença Cardiovascular,43,102,84,129,17,36.7,98,98.56,1,1,N
Lucas Gabriel Borges,Masculino,1973-04-20,743058616,732.015.694-61,Diabetes,53,103,60,107,26,37.9,100,3.1,1,0,N
Luana Câmara,Feminino,1960-05-15,873256141,872.654.039-83,Asma,66,118,73,101,12,36.4,96,70.41,1,0,N
Diogo Alves,Masculino,2008-07-02,478320152,958.637.102-68,Nenhuma,18,126,65,93,18,37.3,95,2.65,0,0,N
Isabelly Melo,Feminino,1949-05-06,653702140,709.456.823-10,Diabetes,77,125,88,68,29,36.7,95,72.94,1,0,S
Ana Sophia Marques,Feminino,1960-08-19,061257382,623.590.871-77,Asma,66,136,107,79,21,36.3,87,38.59,1,1,S
Evelyn Silva,Feminino,1999-05-26,062431572,348.706.912-13,Asma,27,120,60,83,18,36.4,98,61.13,1,0,N
Thales Guerra,Masculino,1992-02-06,185427637,084.753.692-00,Diabetes,34,149,52,98,20,36.5,92,30.95,1,1,S
Diogo Rezende,Masculino,1969-01-20,35102847X,724.968.301-22,Nenhuma,57,114,78,122,15,36.7,99,15.91,0,0,N
Cauê Vasconcelos,Masculino,1942-10-15,258014362,365.870.241-90,Doença Cardiovascular,84,174,80,112,24,35.7,96,72.35,1,0,N
Henry Cavalcanti,Masculino,1998-04-01,362107853,267.190.348-04,Doença Cardiovascular,28,132,83,49,16,35.3,97,90.46,1,0,N
Benicio Novais,Masculino,1991-06-18,854326170,013.892.764-22,Diabetes,35,102,73,90,10,37.0,99,18.36,1,0,N
Davi Marques,Masculino,1954-12-06,342651870,018.439.562-33,Hipertensão,71,98,76,103,16,37.2,93,92.07,1,0,S
Nicole Rios,Feminino,1992-10-29,14703825X,452.803.679-74,Doença Cardiovascular,33,129,85,100,13,37.1,98,14.02,1,0,N
Liam Sá,Masculino,1966-11-17,487321650,291.704.356-34,Nenhuma,59,115,95,69,16,36.6,98,73.57,0,0,S
Thiago Lima,Masculino,1937-08-06,640751829,034.895.671-10,Diabetes,89,134,50,157,16,37.1,96,95.94,1,1,N
Melissa Castro,Feminino,1975-05-29,054317289,174.023.598-32,Doença Cardiovascular,51,129,74,53,23,37.1,93,14.74,1,0,S
Milena da Luz,Feminino,1942-08-24,840156376,512.867.430-44,Asma,84,118,83,57,21,37.1,99,43.51,1,0,N
João Guilherme Vargas,Masculino,2006-12-04,205173469,641.253.809-70,Hipertensão,19,103,66,90,19,35.8,99,33.75,1,0,N
Raquel Pires,Feminino,1996-05-04,546721382,369.147.258-37,Doença Cardiovascular,30,89,105,137,17,35.6,97,38.85,1,1,N
João Guilherme Macedo,Masculino,1944-07-10,583417024,508.329.167-30,Hipertensão,82,111,70,64,12,36.2,92,75.31,1,1,N
Laura da Costa,Feminino,1987-10-09,082643155,501.483.297-05,Asma,39,137,79,78,10,36.5,94,66.12,1,0,N
Lívia Dias,Feminino,1944-12-17,125480374,470.635.921-06,Hipertensão,81,124,88,111,18,36.3,96,96.87,1,0,S
Bruno Carvalho,Masculino,1961-02-13,517063426,781.692.054-76,Diabetes,65,95,71,84,21,35.0,99,18.55,1,0,N
Isabel Gomes,Feminino,1968-10-12,561248370,248.739.061-13,Nenhuma,58,123,52,76,17,37.9,90,54.33,0,1,N
Hadassa Azevedo,Feminino,1976-02-19,067841533,350.472.198-79,Nenhuma,50,127,73,99,15,36.3,94,44.91,0,0,N
Nicolas Farias,Masculino,2004-05-01,541283601,840.319.526-51,Asma,22,102,95,91,20,36.6,95,91.89,1,0,N
Ravi Lucca Leão,Masculino,2006-04-14,187452039,651.978.302-12,Diabetes,20,123,74,110,17,37.5,96,1.06,1,0,N
Gabrielly Leão,Feminino,2006-09-04,42136807X,041.673.295-06,Diabetes,20,121,67,117,26,34.6,91,98.92,1,1,N
Alícia Teixeira,Feminino,1949-01-27,348215708,701.498.263-03,Asma,77,97,93,92,24,36.1,96,47.97,1,0,N
Mateus Mendes,Masculino,1995-08-10,102834659,638.451.970-48,Asma,31,127,75,92,22,36.2,95,62.55,1,0,N
Luiz Gustavo da Rosa,Masculino,2000-05-24,807421534,532.648.710-17,Nenhuma,26,131,72,90,21,36.2,92,36.01,0,1,N
Mariah Nascimento,Feminino,1973-01-14,601573821,124.750.986-94,Hipertensão,53,141,82,97,11,36.4,96,85.25,1,0,S
Ísis Pereira,Feminino,1946-02-01,172806458,096.174.823-04,Diabetes,80,141,91,86,21,37.7,94,56.2,1,0,N
Raquel Câmara,Feminino,1985-06-04,021478351,924.803.765-83,Hipertensão,41,92,115,84,19,37.0,98,66.28,1,0,S
Maya Mendonça,Feminino,1992-05-20,843621576,796.054.381-00,Diabetes,34,101,92,114,21,37.3,93,64.89,1,0,S
Maria Julia Fernandes,Feminino,1950-03-31,231645806,918.374.502-50,Diabetes,76,130,97,122,20,36.5,97,36.4,1,1,S
Enzo Martins,Masculino,1990-02-05,028173466,513.982.607-03,Nenhuma,36,130,72,47,20,35.4,93,7.6,0,0,N
Yasmin Alves,Feminino,1974-02-09,380165478,356.184.920-24,Diabetes,52,130,64,85,31,34.8,94,80.77,1,0,S
Amanda Barros,Feminino,1992-09-05,673058128,450.627.891-76,Nenhuma,34,197,80,67,17,35.3,98,28.97,0,0,S
Davi Luiz Martins,Masculino,1976-10-31,076315241,791.634.820-96,Asma,49,131,81,77,22,36.8,97,84.89,1,0,N
Benicio da Luz,Masculino,1974-06-22,538012742,182.763.904-04,Asma,52,142,63,95,15,36.5,95,60.86,1,0,N
Lunna Cunha,Feminino,1939-03-05,307152467,362.490.175-34,Asma,87,139,77,101,21,36.3,95,35.37,1,0,N
Luan Fernandes,Masculino,1974-08-31,301267844,473.156.902-80,Diabetes,52,133,85,82,22,36.2,91,59.42,1,1,N
João Lucas Sá,Masculino,1975-02-15,716405830,426.139.750-16,Diabetes,51,113,85,40,19,38.1,100,64.55,1,0,N
José Barros,Masculino,1986-05-20,287065145,254.098.173-97,Nenhuma,40,135,87,60,26,35.8,99,70.67,0,0,N
Allana Souza,Feminino,2008-07-15,475038125,847.290.613-22,Doença Cardiovascular,18,104,84,107,13,37.2,99,82.23,1,0,N
Ana Júlia Ferreira,Feminino,1947-12-01,614872054,417.328.590-60,Hipertensão,78,115,72,40,15,36.5,90,15.98,1,1,S
Bernardo Vasconcelos,Masculino,1947-05-01,534718206,057.429.381-79,Hipertensão,79,110,72,114,19,36.5,94,94.41,1,0,N
Ana da Cruz,Feminino,1985-05-31,517620480,253.146.879-09,Doença Cardiovascular,41,121,62,98,22,37.4,95,41.08,1,0,S
Alícia Pinto,Feminino,1982-02-03,68742530X,483.256.091-33,Asma,44,166,106,117,18,37.7,89,86.05,1,1,S
Isabella Cardoso,Feminino,1998-06-12,371568201,507.329.684-29,Diabetes,28,82,80,80,24,36.3,100,22.05,1,0,N
Danilo Nunes,Masculino,1952-04-04,217054365,570.361.298-59,Nenhuma,74,133,76,40,14,37.1,100,2.9,0,0,N
Ravi Lucca Sampaio,Masculino,2003-09-06,801523473,162.907.843-31,Asma,23,87,66,95,12,36.8,100,57.33,1,0,N
Maria Eduarda Cavalcante,Feminino,1988-01-07,176032459,714.926.308-96,Doença Cardiovascular,38,110,124,116,19,36.5,92,32.47,1,1,N
Danilo Vasconcelos,Masculino,1975-03-23,327046818,842.307.195-23,Doença Cardiovascular,51,141,63,108,17,36.7,97,98.45,1,0,N
Luana Caldeira,Feminino,2005-06-20,257036489,056.419.723-80,Hipertensão,21,121,73,68,20,35.9,100,10.45,1,0,N
Apollo das Neves,Masculino,1966-09-11,273581065,079.465.182-85,Doença Cardiovascular,60,98,86,87,17,36.3,95,4.73,1,0,S
Marcos Vinicius Gonçalves,Masculino,1950-07-03,280751643,925.170.486-49,Hipertensão,76,105,89,71,16,36.0,94,4.5,1,0,N
Ana Vitória Pastor,Feminino,1939-04-25,623574810,235.798.046-00,Hipertensão,87,133,94,64,17,37.2,89,21.69,1,1,N
Isabelly Caldeira,Feminino,2006-06-29,385601475,279.460.135-07,Doença Cardiovascular,20,105,107,108,18,36.4,100,57.92,1,0,N
Bárbara Vieira,Feminino,1965-01-02,483026712,092.134.657-34,Asma,61,124,87,55,16,35.5,96,50.56,1,0,N
Asafe Ferreira,Masculino,1964-03-12,043815728,983.246.107-31,Hipertensão,62,120,64,62,16,35.9,94,35.01,1,0,N
Paulo Ribeiro,Masculino,1973-10-30,850421731,032.617.948-87,Asma,52,106,76,57,15,34.0,98,8.88,1,0,N
Bernardo Montenegro,Masculino,1966-06-30,748513607,790.813.654-01,Nenhuma,60,162,84,47,22,36.1,97,23.37,0,0,N
Anthony Gabriel Leão,Masculino,1970-07-13,253187643,506.421.978-49,Doença Cardiovascular,56,132,111,88,18,36.5,97,18.41,1,0,N
Bianca Lopes,Feminino,1959-03-30,75618230X,895.641.027-58,Diabetes,67,79,59,114,29,36.4,96,74.57,1,0,S
Raul Santos,Masculino,1988-06-01,068327547,159.678.340-01,Hipertensão,38,123,98,80,18,38.1,100,77.99,1,0,N
Maya Cavalcanti,Feminino,1957-08-23,054716238,074.829.613-13,Doença Cardiovascular,69,106,82,47,15,37.0,96,77.7,1,0,N
Júlia Pimenta,Feminino,1941-03-17,182370549,503.724.681-44,Diabetes,85,137,92,105,31,36.9,100,96.9,1,0,N
Rodrigo Martins,Masculino,1987-06-15,561378204,250.671.934-25,Asma,39,104,78,127,20,35.2,99,88.42,1,1,N
João Felipe Duarte,Masculino,1984-07-07,628471038,843.215.769-46,Asma,42,117,67,68,22,36.2,98,49.78,1,0,N
Aurora da Mota,Feminino,1950-12-25,612580477,715.298.634-73,Hipertensão,75,130,91,73,20,36.1,96,41.49,1,0,N
Joaquim Sá,Masculino,1989-04-14,138506243,714.356.098-75,Diabetes,37,137,89,97,21,35.9,100,91.58,1,0,N
Mateus Fernandes,Masculino,1979-02-08,047615825,190.826.437-31,Diabetes,47,95,94,125,20,35.9,97,61.12,1,1,N
Thales Duarte,Masculino,1940-08-14,280167350,521.937.460-52,Nenhuma,86,113,79,72,12,35.1,93,29.44,0,0,N
Ryan Cunha,Masculino,1990-11-14,815247369,519.247.380-23,Nenhuma,35,110,71,51,19,35.5,93,56.45,0,0,N
Joana Fernandes,Feminino,1945-12-26,873204566,143.870.562-07,Hipertensão,80,106,56,100,11,37.2,98,99.21,1,0,S
Kamilly Novais,Feminino,1970-11-07,852470162,542.609.731-34,Doença Cardiovascular,55,155,92,104,17,36.4,93,84.95,1,0,S
Stella Correia,Feminino,1947-06-10,426508130,912.563.748-73,Diabetes,79,128,86,85,14,36.1,96,28.13,1,0,N
Isaque Silveira,Masculino,2006-09-15,873546015,173.985.460-84,Hipertensão,20,94,65,71,19,36.5,100,95.3,1,0,N
Samuel Novais,Masculino,2007-01-10,856734123,431.782.095-14,Nenhuma,19,138,71,109,19,37.4,98,98.15,0,0,S
Olívia Ramos,Feminino,2007-03-01,418376505,180.765.342-08,Doença Cardiovascular,19,162,72,98,20,36.5,94,23.12,1,0,N
Melissa Vieira,Feminino,1964-04-20,125384075,248.163.957-09,Nenhuma,62,140,57,65,19,36.9,100,89.56,0,0,N
Ayla da Rocha,Feminino,1947-05-20,20857413X,189.543.270-79,Diabetes,79,89,67,86,14,35.8,99,88.32,1,0,N
Nathan Sales,Masculino,1966-05-01,436027859,715.283.064-90,Hipertensão,60,110,62,51,16,36.0,100,3.98,1,0,N
Leandro Ribeiro,Masculino,1978-12-01,17643852X,459.761.082-02,Asma,47,145,73,102,22,36.8,87,66.97,1,1,N
Maria Eduarda Melo,Feminino,1953-11-20,815746027,089.475.612-58,Diabetes,72,105,68,78,23,38.0,98,30.53,1,0,N
Vitória Ferreira,Feminino,1961-04-28,037658244,681.497.502-58,Diabetes,65,128,55,74,12,37.6,100,67.46,1,0,N
Yan Farias,Masculino,1952-04-06,087214532,672.398.045-00,Doença Cardiovascular,74,135,110,84,10,37.0,100,91.36,1,0,N
Mirella da Mata,Feminino,2005-01-09,361052844,075.924.681-58,Hipertensão,21,101,98,86,14,36.6,91,49.88,1,1,N
José da Conceição,Masculino,1945-12-29,52714860X,401.835.692-70,Diabetes,80,118,68,107,23,37.6,100,41.44,1,0,N
Evelyn Dias,Feminino,1965-01-18,523410682,765.082.193-59,Hipertensão,61,70,84,99,24,37.1,100,92.15,1,0,S
Zoe Teixeira,Feminino,1988-09-27,681357022,537.246.981-19,Doença Cardiovascular,38,99,86,81,13,34.7,88,97.41,1,1,N
Gael Cunha,Masculino,1978-07-08,836457201,839.042.715-04,Diabetes,48,114,97,104,19,35.7,98,6.22,1,0,N
Kamilly Silveira,Feminino,1984-10-27,378502645,439.870.165-66,Hipertensão,41,95,67,95,27,36.8,99,92.28,1,0,S
Valentina Peixoto,Feminino,1950-10-08,861350479,076.581.492-76,Asma,76,152,96,74,20,35.1,95,8.28,1,0,N
Beatriz Correia,Feminino,1946-02-20,846057323,970.518.324-41,Diabetes,80,91,71,81,25,35.8,95,33.73,1,0,N
Heloísa Fonseca,Feminino,1955-11-08,821645079,762.158.940-01,Doença Cardiovascular,70,111,59,81,22,35.9,99,76.26,1,0,N
Liz Albuquerque,Feminino,1959-08-25,523840718,192.536.408-98,Doença Cardiovascular,67,122,90,97,13,36.3,94,77.7,1,0,N
Carolina da Mota,Feminino,1982-03-24,503684727,180.342.579-23,Hipertensão,44,148,99,75,17,36.3,96,72.58,1,0,N
Ana Júlia Novaes,Feminino,1973-09-30,658410234,679.850.413-20,Doença Cardiovascular,53,91,118,75,18,36.3,100,3.91,1,0,N
Carolina Porto,Feminino,1974-01-05,436081726,576.230.198-21,Nenhuma,52,143,62,134,18,37.2,100,13.3,0,0,N
Cauã Albuquerque,Masculino,1992-01-28,61340287X,459.637.201-25,Asma,34,120,90,108,22,36.3,99,93.62,1,0,N
João Miguel Melo,Masculino,1979-06-06,834526712,140.672.583-80,Hipertensão,47,100,73,65,20,36.2,97,8.15,1,0,N
Maysa Fernandes,Feminino,1952-09-09,205613482,548.273.169-37,Diabetes,74,129,91,99,10,35.4,94,7.85,1,0,N
Ana Júlia da Cunha,Feminino,1967-09-27,687142301,216.984.370-13,Diabetes,59,123,57,87,11,37.3,92,83.56,1,1,N
Bruna Azevedo,Feminino,1995-10-08,253187643,907.365.418-10,Doença Cardiovascular,30,107,61,94,10,36.0,100,64.13,1,0,N
Samuel Barbosa,Masculino,1975-04-04,345806219,492.016.753-99,Hipertensão,51,121,68,88,18,35.6,96,35.17,1,0,N
Benjamim Cassiano,Masculino,1980-04-10,203861541,065.849.731-66,Doença Cardiovascular,46,112,81,114,19,36.7,100,16.57,1,0,N
Liz Barros,Feminino,1946-12-17,640375182,507.341.689-93,Diabetes,79,122,70,93,19,35.9,95,88.42,1,0,N
Bárbara Novais,Feminino,2000-01-01,804632510,069.874.153-66,Diabetes,26,133,89,83,13,36.1,94,98.85,1,0,N
Heloisa Vasconcelos,Feminino,1990-10-21,457862130,168.974.530-48,Nenhuma,35,151,95,111,21,36.7,98,5.0,0,0,N
Maria Helena Machado,Feminino,1988-04-21,136452085,601.359.742-16,Hipertensão,38,95,88,90,21,36.2,96,55.41,1,0,N
Kaique Pastor,Masculino,1999-08-21,732846018,581.679.302-03,Nenhuma,27,162,104,88,11,38.3,92,26.13,0,1,N
Lorena Nunes,Feminino,2005-01-21,81324075X,542.630.879-92,Hipertensão,21,80,86,92,10,36.4,100,83.24,1,0,S
Ana Liz Pimenta,Feminino,1938-09-25,506413780,392.560.481-24,Nenhuma,88,116,61,82,17,37.0,94,34.61,0,0,N
Giovanna Pires,Feminino,1996-11-30,216073546,304.659.721-52,Hipertensão,29,131,100,85,26,34.9,100,71.46,1,0,N
João Ribeiro,Masculino,1954-05-23,06324875X,071.452.896-01,Diabetes,72,125,70,70,26,35.8,100,53.95,1,0,N
Eduarda da Costa,Feminino,1981-07-04,482701560,156.284.937-91,Hipertensão,45,107,93,66,20,35.6,91,54.15,1,1,N
Yuri Barbosa,Masculino,1966-11-01,053241769,287.910.634-69,Hipertensão,59,115,103,60,14,35.7,92,85.8,1,1,N
Agatha Jesus,Feminino,1948-01-15,418237050,364.710.285-71,Diabetes,78,110,86,50,22,36.8,95,47.04,1,0,N
Ravy da Rocha,Masculino,1987-07-23,750681433,457.603.982-29,Diabetes,39,108,57,63,15,37.3,93,84.56,1,0,N
Isabel da Paz,Feminino,1998-12-04,680452370,032.198.564-89,Doença Cardiovascular,27,136,66,80,14,36.8,100,36.34,1,0,N
Rafael Barbosa,Masculino,1971-04-26,053287642,182.607.493-78,Nenhuma,55,127,99,87,10,36.3,96,17.48,0,0,N
João Viana,Masculino,1956-12-29,743680212,125.096.784-85,Asma,69,106,77,78,18,36.0,100,45.55,1,0,N
Otávio Camargo,Masculino,1973-11-28,01437528X,401.398.276-50,Asma,52,137,81,40,14,37.4,99,49.84,1,0,N
Henry Gabriel Ramos,Masculino,1942-03-17,015732484,576.934.801-10,Asma,84,126,91,124,18,38.2,98,47.84,1,1,N
João Felipe Casa Grande,Masculino,1989-02-28,03265487X,367.805.942-29,Nenhuma,37,136,90,112,10,36.6,97,80.83,0,0,N
Bento Cavalcante,Masculino,2005-10-21,672583410,034.258.691-24,Diabetes,20,132,84,96,18,37.3,100,56.47,1,0,N
João Pedro Macedo,Masculino,1998-11-23,527031860,569.841.702-49,Doença Cardiovascular,27,103,76,132,10,36.8,93,88.84,1,1,N
Nina Sales,Feminino,1953-05-10,584637019,294.165.307-43,Nenhuma,73,108,75,60,23,37.1,100,51.42,0,0,N
Nathan da Mata,Masculino,1997-10-16,621804538,643.159.208-51,Asma,28,134,92,132,20,35.6,91,22.47,1,1,N
Vitor Hugo Monteiro,Masculino,1971-11-05,348026171,218.097.436-13,Hipertensão,54,132,88,60,16,36.1,100,12.95,1,0,N
Bruno Peixoto,Masculino,1986-12-17,647258304,930.865.274-47,Asma,39,119,76,90,20,36.8,91,86.84,1,1,S
Marina Sousa,Feminino,1967-04-25,651084374,197.658.032-30,Asma,59,122,96,53,13,37.5,95,5.62,1,0,N
Isis Alves,Feminino,1939-11-17,71825403X,019.523.748-04,Diabetes,86,145,78,85,18,35.8,97,11.76,1,0,N
Ian Rocha,Masculino,1943-06-03,207513685,204.793.651-99,Doença Cardiovascular,83,108,67,94,21,34.9,95,6.37,1,0,N
Alícia Teixeira,Feminino,1991-12-13,185374268,510.849.276-67,Diabetes,34,130,68,81,10,36.1,96,42.37,1,0,N
Ana Cecília Teixeira,Feminino,1997-03-26,723841561,297.654.180-94,Asma,29,115,65,102,15,37.3,91,53.26,1,1,N
Olivia Moreira,Feminino,1989-03-18,857624039,902.715.648-49,Nenhuma,37,115,75,87,17,35.2,93,1.99,0,0,N
Lara Cirino,Feminino,2001-10-15,425716089,768.235.419-46,Nenhuma,24,141,98,71,17,35.6,98,51.56,0,0,N
Maya Porto,Feminino,1982-06-26,153240866,352.460.718-71,Doença Cardiovascular,44,136,67,70,25,36.6,97,39.38,1,0,N
Ayla Melo,Feminino,1959-09-30,05846217X,124.859.673-00,Asma,67,136,82,105,12,36.4,94,77.36,1,0,N
Maria Luísa Farias,Feminino,1984-06-07,473256010,918.304.267-96,Nenhuma,42,146,70,68,14,37.0,100,83.0,0,0,N
Bella Castro,Feminino,1954-01-31,356128477,812.965.734-19,Hipertensão,72,120,76,107,10,35.5,92,68.5,1,1,N
Maria Sophia Sales,Feminino,1961-10-12,17024538X,948.352.761-91,Asma,65,133,57,115,25,36.2,95,47.35,1,0,S
João Pedro Ribeiro,Masculino,1936-09-07,342710588,648.209.153-98,Hipertensão,90,113,76,43,16,37.5,94,21.61,1,0,N
Ana Carolina Marques,Feminino,1987-10-19,701685347,721.893.054-97,Hipertensão,38,126,77,113,15,35.5,99,84.71,1,0,N
Levi da Cunha,Masculino,1971-03-10,138546708,391.274.586-28,Diabetes,55,117,88,136,17,37.7,97,34.17,1,1,N
Danilo Vargas,Masculino,1978-07-04,874610539,461.875.293-91,Diabetes,48,121,83,91,21,35.6,96,35.63,1,0,N
Sophie Abreu,Feminino,1951-11-27,781023567,529.740.136-43,Asma,74,131,62,99,19,37.2,89,91.6,1,1,N
Nicole Jesus,Feminino,1967-05-29,158032640,067.351.924-43,Diabetes,59,103,96,110,31,36.2,100,97.56,1,0,N
Gabriel Moreira,Masculino,1955-02-22,357180422,803.645.172-71,Doença Cardiovascular,71,161,83,78,20,35.6,96,89.81,1,0,S
Theo Pires,Masculino,2008-07-19,568312478,862.053.794-65,Asma,18,99,82,89,15,36.1,97,99.82,1,0,N
Benjamim Costela,Masculino,1996-01-23,71536408X,913.486.027-40,Doença Cardiovascular,30,95,79,52,15,36.9,94,86.89,1,0,N
Yan Cardoso,Masculino,1971-05-11,148635271,507.149.236-99,Hipertensão,55,143,72,88,16,36.5,93,70.44,1,0,N
Pedro Lucas Sampaio,Masculino,1980-01-11,682704532,509.834.617-75,Hipertensão,46,135,83,97,10,37.4,100,29.38,1,0,N
Davi Alves,Masculino,1977-01-12,104652871,146.938.275-09,Doença Cardiovascular,49,132,87,97,18,37.6,89,95.3,1,1,N
Isabella Santos,Feminino,1980-01-11,03652184X,217.538.690-21,Doença Cardiovascular,46,132,53,111,21,35.6,92,87.66,1,1,N
Leonardo Novaes,Masculino,1999-04-14,86542701X,431.265.870-62,Asma,27,119,71,65,14,35.5,100,24.07,1,0,N
Maria Luísa Borges,Feminino,1984-06-22,645782312,475.180.962-85,Hipertensão,42,102,76,71,13,35.5,99,48.92,1,0,N
Danilo Martins,Masculino,1938-10-25,571423681,638.425.917-64,Hipertensão,87,121,83,132,25,35.8,95,7.01,1,0,N
Eduardo Monteiro,Masculino,1943-08-12,824506376,012.586.974-67,Hipertensão,83,106,97,81,10,37.4,100,95.33,1,0,N
Sophia Santos,Feminino,1996-12-06,175430688,813.096.274-87,Hipertensão,29,139,68,90,10,36.9,98,57.28,1,0,N
Oliver Mendes,Masculino,1982-08-29,835470167,083.941.562-15,Hipertensão,44,117,72,83,12,36.1,97,24.52,1,0,N
Isabelly Marques,Feminino,1942-12-09,542608716,241.635.897-91,Asma,83,103,72,64,10,36.5,97,29.24,1,0,N
Diogo Gomes,Masculino,1942-09-02,72436058X,063.541.872-07,Nenhuma,84,113,67,125,19,37.6,98,98.07,0,1,N
Sophia Souza,Feminino,2006-04-25,301452672,740.596.318-84,Diabetes,20,128,74,71,16,38.0,99,61.56,1,0,N
Bernardo da Mota,Masculino,1953-02-28,134760827,546.128.930-42,Asma,73,108,91,56,16,36.7,100,42.07,1,0,N
Manuela Viana,Feminino,1978-02-03,085461738,129.785.604-01,Doença Cardiovascular,48,103,64,73,23,34.4,96,49.98,1,0,N
João Felipe Abreu,Masculino,1987-07-10,702613484,253.981.764-55,Doença Cardiovascular,39,124,86,40,14,36.7,96,9.86,1,0,N
Kaique Pastor,Masculino,1979-10-27,350726413,693.708.421-87,Asma,46,124,54,68,21,37.2,92,7.5,1,1,N
Samuel Cassiano,Masculino,1995-04-05,051638241,648.019.237-04,Hipertensão,31,109,71,60,25,36.7,96,59.27,1,0,N
Vitor Gabriel Mendes,Masculino,1988-03-06,136405721,218.459.637-09,Hipertensão,38,110,75,100,15,37.1,100,51.2,1,0,N
Lucas Gabriel Novaes,Masculino,1938-08-26,741528034,205.961.483-05,Diabetes,88,124,105,68,21,36.8,100,35.92,1,0,N
Marcos Vinicius Marques,Masculino,1982-12-24,604782354,859.201.364-05,Hipertensão,43,91,75,107,16,35.5,94,56.61,1,0,N
Esther Sampaio,Feminino,1967-11-18,81025637X,509.413.876-66,Hipertensão,58,91,46,119,22,35.8,97,7.27,1,0,N
Matheus da Conceição,Masculino,1969-05-18,371802568,284.675.190-02,Hipertensão,57,105,50,104,10,36.2,91,94.4,1,1,N
Ana Clara Dias,Feminino,1998-10-09,367815023,896.345.072-47,Nenhuma,27,115,80,79,10,37.4,93,29.37,0,0,N
Mateus Gomes,Masculino,1938-06-18,564182035,652.478.930-00,Doença Cardiovascular,88,126,89,88,16,35.9,97,7.18,1,0,N
Clarice Monteiro,Feminino,1964-11-05,054238171,052.813.964-98,Nenhuma,61,149,85,46,13,36.9,95,16.95,0,0,N
Davi Lucas Montenegro,Masculino,1994-07-11,730528169,637.081.549-75,Asma,32,137,82,81,15,36.7,92,9.55,1,1,N
Lucas Brito,Masculino,1990-01-31,728604152,095.814.267-01,Hipertensão,36,116,97,63,16,37.8,98,17.86,1,0,N
Beatriz Moura,Feminino,1967-04-07,365401274,937.854.061-93,Asma,59,119,71,102,21,36.5,96,41.68,1,0,N
Anthony Gabriel Silveira,Masculino,2002-01-13,781306255,851.240.679-85,Diabetes,24,99,93,149,15,35.1,90,73.81,1,1,N
Nicolas Rezende,Masculino,1951-07-07,680215736,487.920.561-30,Nenhuma,75,119,55,97,13,37.0,88,27.23,0,1,N
Breno Melo,Masculino,1948-12-08,642035787,714.059.382-50,Hipertensão,77,114,66,40,16,38.2,94,43.59,1,0,N
Maitê Pinto,Feminino,1981-10-09,758124636,156.479.820-85,Nenhuma,45,126,52,75,14,37.1,90,92.88,0,1,N
Bruno Farias,Masculino,1959-10-04,058617346,370.589.246-00,Doença Cardiovascular,67,103,75,88,13,35.9,89,29.58,1,1,N
Liam Pires,Masculino,1957-01-29,302184752,476.518.029-85,Asma,69,130,79,87,10,35.6,100,79.47,1,0,N
Ágatha Andrade,Feminino,1965-10-30,218564703,714.029.853-04,Hipertensão,60,150,81,66,18,35.7,96,15.78,1,0,S
Ana Lívia da Costa,Feminino,1937-10-24,834210563,276.389.014-87,Doença Cardiovascular,88,117,80,91,15,38.1,95,17.83,1,0,N
Laura da Conceição,Feminino,1969-01-28,06372845X,374.956.821-91,Hipertensão,57,128,66,53,22,36.2,96,45.62,1,0,N
Pedro Henrique Brito,Masculino,2000-10-13,247638158,637.082.159-40,Asma,25,133,77,61,10,36.0,92,23.41,1,1,N
Beatriz Macedo,Feminino,1961-12-02,136247088,196.742.508-67,Hipertensão,64,111,57,101,15,36.4,98,90.3,1,0,N
Kaique Alves,Masculino,1985-08-08,172803640,179.346.280-13,Hipertensão,41,124,100,59,27,36.2,96,5.08,1,0,N
Luan Vieira,Masculino,1961-06-19,167208342,563.291.470-43,Asma,65,120,75,98,13,37.8,93,59.73,1,0,N
Laís Fogaça,Feminino,2006-03-26,814375625,018.974.526-67,Asma,20,121,72,50,16,35.7,94,60.42,1,0,N
Pedro Casa Grande,Masculino,1955-12-09,835167422,419.065.723-99,Doença Cardiovascular,70,104,103,129,11,37.4,92,6.6,1,1,N
Vinícius Jesus,Masculino,1992-12-14,706281548,017.623.549-34,Hipertensão,33,120,61,65,11,36.6,95,73.26,1,0,N
Emilly Cavalcante,Feminino,1959-06-07,012743860,576.042.189-11,Asma,67,129,63,79,25,37.5,96,46.89,1,0,N
Anna Liz Pimenta,Feminino,1986-10-11,823174062,219.764.835-73,Doença Cardiovascular,39,149,63,93,18,37.8,95,72.31,1,0,S
Isabella Monteiro,Feminino,1982-01-31,415760239,089.537.162-68,Asma,44,139,78,70,18,36.6,97,82.69,1,0,N
Cecília da Conceição,Feminino,1991-11-08,573102843,743.952.168-46,Asma,34,163,86,88,10,36.2,96,32.29,1,0,N
Jade Marques,Feminino,1947-06-20,085632740,247.013.695-43,Diabetes,79,104,91,99,19,36.6,97,48.45,1,0,N
Anthony Martins,Masculino,1976-07-06,248170351,468.391.057-84,Nenhuma,50,137,118,109,23,36.4,100,26.08,0,0,N
Ísis Castro,Feminino,1998-10-11,415762388,972.160.345-70,Nenhuma,27,123,46,104,23,35.2,99,20.15,0,0,N
Melina Ferreira,Feminino,1983-01-25,071532468,394.652.701-99,Doença Cardiovascular,43,163,89,80,21,37.7,100,0.06,1,0,N
Kaique Porto,Masculino,1989-10-25,321708647,502.498.173-14,Hipertensão,36,103,71,81,12,36.7,93,96.36,1,0,N
José Marques,Masculino,1990-09-26,240817369,680.142.573-08,Diabetes,36,103,71,143,19,35.6,94,44.09,1,1,N
Gael Henrique Gomes,Masculino,1992-10-02,107823457,783.951.624-64,Hipertensão,34,108,70,108,21,34.8,99,1.31,1,0,N
Cauê da Costa,Masculino,1948-04-20,168035479,941.562.380-24,Hipertensão,78,77,66,61,10,34.6,99,0.89,1,0,N
Maria Alice Oliveira,Feminino,1972-03-25,720164850,497.206.135-99,Diabetes,54,109,105,87,12,37.1,94,28.84,1,0,N
Laís Almeida,Feminino,1942-03-25,367810244,609.841.527-76,Hipertensão,84,104,92,76,22,36.0,99,1.39,1,0,N
João Guilherme Albuquerque,Masculino,1961-06-04,364705127,098.561.327-03,Doença Cardiovascular,65,123,80,81,22,36.1,93,37.45,1,0,N
Benicio Pereira,Masculino,1975-01-13,750683429,672.583.941-09,Hipertensão,51,126,100,54,10,36.9,98,6.29,1,0,N
João Pedro Vasconcelos,Masculino,1994-07-09,507318626,302.165.897-03,Nenhuma,32,157,57,74,21,36.1,96,3.93,0,0,N
Maria Câmara,Feminino,2006-04-03,071684359,603.924.185-33,Asma,20,139,60,130,18,36.9,91,66.94,1,1,N
José Rocha,Masculino,1958-11-07,078534628,327.168.405-71,Doença Cardiovascular,67,108,47,99,21,36.6,95,90.68,1,0,N
Calebe Pires,Masculino,1958-01-25,106254388,160.498.752-94,Nenhuma,68,102,69,40,14,36.4,100,40.94,0,0,N
Luana Viana,Feminino,2002-06-24,170486539,829.156.403-51,Asma,24,129,82,115,21,35.2,97,83.68,1,0,N
Arthur Gabriel Pacheco,Masculino,1942-05-06,742130861,691.485.302-98,Diabetes,84,93,81,112,22,35.8,100,2.93,1,0,N
Davi Lucca Borges,Masculino,1965-05-21,486152030,816.970.524-01,Hipertensão,61,156,82,76,16,37.0,91,77.77,1,1,N
Lunna Souza,Feminino,1981-02-18,601284537,752.098.413-32,Asma,45,143,58,102,18,36.0,100,6.28,1,0,N
Emanuella Costa,Feminino,1982-06-04,125607830,728.305.961-02,Asma,44,110,92,63,14,37.5,86,83.84,1,1,N
Vitor Hugo Fonseca,Masculino,1990-12-22,723401858,492.157.308-50,Doença Cardiovascular,35,85,83,73,26,38.4,96,88.24,1,0,N
Sarah da Mata,Feminino,1950-07-02,652014380,374.820.195-88,Hipertensão,76,147,90,122,17,37.0,99,78.6,1,1,N
Jade Mendes,Feminino,1998-03-25,174260532,320.679.584-29,Diabetes,28,117,51,78,13,37.7,100,82.07,1,0,N
Maitê Camargo,Feminino,1971-03-07,456728016,078.135.462-53,Diabetes,55,144,84,40,14,37.1,93,56.15,1,0,S
Ana Vitória Casa Grande,Feminino,1960-05-05,028645133,987.302.654-10,Nenhuma,66,88,62,83,18,36.1,100,26.49,0,0,N
Miguel Novais,Masculino,1967-09-13,264385172,359.417.062-43,Asma,59,108,74,83,21,36.7,94,64.32,1,0,N
Caleb Vieira,Masculino,1962-02-17,867431052,840.239.651-89,Hipertensão,64,120,88,114,11,38.1,96,43.95,1,0,N
Alice da Luz,Feminino,1947-05-14,607452134,612.354.097-16,Asma,79,120,81,85,27,36.1,95,0.53,1,0,N
Davi Marques,Masculino,1948-01-18,408513275,762.940.853-65,Nenhuma,78,110,67,74,19,35.7,92,47.68,0,1,N
João Pacheco,Masculino,1936-11-26,103248766,427.830.569-92,Nenhuma,89,132,80,111,20,35.6,100,65.12,0,0,N
Maria Fernanda Caldeira,Feminino,1949-08-06,407381569,720.936.451-06,Nenhuma,77,98,57,88,17,36.3,97,1.39,0,0,N
Ravy Alves,Masculino,1958-05-30,351247865,598.736.412-46,Doença Cardiovascular,68,117,97,66,18,35.7,100,62.14,1,0,N
Lunna Pimenta,Feminino,1972-09-09,470816351,351.098.274-60,Doença Cardiovascular,54,122,76,113,17,37.8,100,65.25,1,0,N
Benício Porto,Masculino,1982-08-19,543180621,980.653.721-12,Asma,44,130,96,89,23,36.7,93,15.81,1,0,N
Kevin Rezende,Masculino,1957-05-13,235671046,790.186.235-12,Doença Cardiovascular,69,134,72,85,17,37.3,100,43.11,1,0,N
Danilo Carvalho,Masculino,1976-08-13,501674329,308.415.276-44,Doença Cardiovascular,50,97,72,89,21,36.3,99,96.43,1,0,N
Ana Carolina da Rosa,Feminino,1948-09-23,861234054,158.670.924-02,Hipertensão,78,89,68,58,15,35.6,92,88.42,1,1,N
Danilo Brito,Masculino,1980-11-21,084657315,039.125.674-25,Asma,45,145,93,71,18,35.5,98,41.08,1,0,N
Zoe Carvalho,Feminino,1941-04-14,167054831,731.954.280-32,Doença Cardiovascular,85,126,69,85,13,35.8,92,34.98,1,1,N
Mirella Freitas,Feminino,1942-07-23,325816748,481.695.327-28,Diabetes,84,105,89,80,24,36.8,100,12.41,1,0,N
Ágatha Leão,Feminino,1987-09-11,068425375,973.156.480-20,Diabetes,39,151,74,116,13,36.9,100,3.52,1,0,S
Eduardo Leão,Masculino,2002-07-08,863271054,923.654.708-74,Diabetes,24,122,50,90,16,37.0,96,29.75,1,0,N
Rebeca Pimenta,Feminino,1984-02-27,045163820,062.973.451-80,Asma,42,143,71,106,16,35.3,100,94.03,1,0,S
João Lucas Andrade,Masculino,1997-12-15,370645182,309.487.521-14,Nenhuma,28,121,62,85,16,36.5,90,95.86,0,1,N
Henrique Macedo,Masculino,1946-05-20,857261435,867.035.412-80,Doença Cardiovascular,80,161,80,111,21,35.7,94,81.25,1,0,N
Isabela Fonseca,Feminino,1960-07-29,201587361,418.920.637-78,Nenhuma,66,155,62,94,16,36.8,95,35.08,0,0,N
Maria Eduarda Nogueira,Feminino,1961-07-27,356128702,427.618.950-02,Asma,65,115,93,85,24,36.9,100,14.36,1,0,N
Ana Liz Gonçalves,Feminino,1945-06-15,753482162,019.438.256-70,Hipertensão,81,139,78,84,13,35.6,92,59.55,1,1,S
Gabriel Campos,Masculino,1963-11-13,68310472X,230.168.549-70,Doença Cardiovascular,62,132,77,61,18,37.3,90,64.65,1,1,N
Caleb Ribeiro,Masculino,1997-06-06,40618723X,215.683.709-03,Hipertensão,29,147,89,97,14,38.4,91,42.46,1,1,N
Alícia Aragão,Feminino,1989-06-29,234768058,143.207.856-90,Hipertensão,37,100,94,83,20,37.2,100,69.16,1,0,N
Joaquim Cardoso,Masculino,1999-09-23,620478159,678.924.301-13,Hipertensão,27,133,79,72,17,36.4,94,74.67,1,0,N
Gabrielly Azevedo,Feminino,1994-01-12,523178645,791.546.280-67,Diabetes,32,141,68,112,17,36.2,96,78.31,1,0,N
Gustavo Henrique Pastor,Masculino,1980-07-10,238704154,534.892.610-89,Doença Cardiovascular,46,84,53,53,23,36.3,100,50.23,1,0,N
Igor Farias,Masculino,2006-08-10,216478030,963.254.781-00,Hipertensão,20,96,69,74,14,35.9,96,79.16,1,0,N
Alexandre da Mota,Masculino,1959-05-20,615724309,164.839.720-40,Nenhuma,67,79,70,110,20,36.7,97,2.55,0,0,N
Davi Lucca Nogueira,Masculino,1952-02-26,460753289,793.802.145-88,Diabetes,74,114,81,92,14,35.6,99,68.04,1,0,N
Erick Camargo,Masculino,1996-01-20,302857461,819.605.472-67,Diabetes,30,134,74,83,18,35.0,95,23.56,1,0,N
Caroline Albuquerque,Feminino,1953-09-10,234170682,831.647.905-20,Hipertensão,73,150,90,91,12,36.7,96,27.05,1,0,N
Isabela Pastor,Feminino,1947-01-22,231470654,417.560.892-30,Diabetes,79,121,70,89,14,36.5,97,9.13,1,0,S
Allana Cavalcanti,Feminino,2008-03-17,205846713,501.479.683-48,Hipertensão,18,152,79,47,17,36.0,100,19.24,1,0,N
Ana Júlia Cardoso,Feminino,1937-08-31,687215432,495.276.813-91,Doença Cardiovascular,89,92,97,76,27,35.5,93,99.2,1,0,S
Vinicius Camargo,Masculino,1952-02-17,045163789,278.541.963-46,Asma,74,85,85,125,18,36.7,84,41.54,1,1,N
Renan Machado,Masculino,1986-06-26,467058131,719.203.468-13,Nenhuma,40,118,79,68,26,35.7,99,92.78,0,0,N
Théo Pastor,Masculino,1951-09-23,053712481,742.603.581-62,Hipertensão,75,127,70,77,19,36.4,100,16.29,1,0,N
Milena Montenegro,Feminino,1999-08-18,432870167,682.135.074-44,Nenhuma,27,119,70,71,16,37.9,97,20.41,0,0,N
Augusto Siqueira,Masculino,1967-11-21,821706342,530.486.927-38,Doença Cardiovascular,58,78,67,82,25,37.0,98,55.78,1,0,N
Liz Marques,Feminino,1994-12-26,670435211,912.408.536-70,Nenhuma,31,118,71,70,20,35.4,94,34.95,0,0,N
Ana Liz Mendes,Feminino,1946-05-10,561720484,351.298.046-51,Doença Cardiovascular,80,93,91,97,14,35.5,99,64.39,1,0,N
Paulo Rodrigues,Masculino,1957-05-29,67428513X,628.570.143-17,Asma,69,133,76,89,20,36.6,100,42.2,1,0,N
Samuel Silva,Masculino,2006-02-27,12408753X,624.813.590-89,Doença Cardiovascular,20,127,59,104,16,35.4,97,81.16,1,0,N
Brayan Barros,Masculino,1998-05-06,618423709,840.571.236-44,Hipertensão,28,101,106,58,10,34.9,100,43.16,1,0,N
Clara Azevedo,Feminino,1971-01-08,238615042,094.168.723-69,Doença Cardiovascular,55,109,84,76,22,36.9,90,57.23,1,1,N
João Guilherme Pinto,Masculino,1967-10-15,684105731,812.734.569-55,Doença Cardiovascular,58,98,58,79,23,36.8,97,32.11,1,0,N
Lunna Garcia,Feminino,1976-05-09,647521386,673.019.845-10,Asma,50,118,73,96,27,36.9,92,70.4,1,1,S
Vinícius da Rocha,Masculino,2008-08-16,203584673,037.291.846-87,Hipertensão,18,139,81,65,20,36.7,100,65.47,1,0,N
Thiago Pereira,Masculino,1949-10-10,185643024,814.560.397-84,Nenhuma,77,100,105,107,16,36.4,90,39.7,0,1,N
Beatriz Vieira,Feminino,1949-04-29,823106457,845.091.627-58,Hipertensão,77,130,63,114,22,36.0,91,27.6,1,1,N
Helena Lopes,Feminino,1973-08-07,357421607,965.142.078-20,Diabetes,53,109,94,60,22,36.9,94,61.41,1,0,N
Heloísa Jesus,Feminino,1964-11-30,84736012X,056.428.173-53,Nenhuma,61,104,100,72,26,37.7,98,94.32,0,0,N
Rafael Guerra,Masculino,1977-10-01,402758365,019.632.845-42,Nenhuma,49,117,70,71,17,36.1,94,13.26,0,0,N
Aylla Dias,Feminino,2001-08-13,258160433,972.183.504-88,Diabetes,25,99,75,150,17,35.7,94,79.91,1,1,N
Levi Rios,Masculino,1964-01-01,307586121,253.801.476-07,Hipertensão,62,108,64,74,14,35.6,96,54.3,1,0,N
Marcelo Cassiano,Masculino,1954-10-31,037186425,548.972.630-00,Asma,71,96,76,126,20,35.8,96,52.56,1,1,N
Bernardo Borges,Masculino,1993-11-28,32051674X,307.426.195-16,Nenhuma,32,159,79,53,10,36.7,100,96.17,0,0,N
Ayla Lopes,Feminino,1962-04-24,807625346,678.194.352-91,Hipertensão,64,120,89,60,21,34.8,99,60.59,1,0,S
Marcelo Cardoso,Masculino,1994-04-09,476015285,830.927.645-10,Asma,32,106,96,67,20,36.9,95,83.05,1,0,N
Ana Liz Pastor,Feminino,1967-03-25,176543028,692.384.705-29,Hipertensão,59,124,68,63,20,37.0,100,51.45,1,0,N
Lucas Rios,Masculino,1962-05-09,628740517,739.516.042-80,Asma,64,117,50,78,18,35.1,98,24.99,1,0,N
Noah Fogaça,Masculino,2003-04-22,146532806,480.137.256-26,Diabetes,23,115,79,67,25,35.7,93,69.45,1,0,N
Benjamim da Paz,Masculino,1952-11-16,187326502,490.561.728-67,Nenhuma,73,132,84,64,22,36.6,98,92.32,0,0,N
Leonardo Fogaça,Masculino,1975-03-11,10384627X,650.824.931-24,Doença Cardiovascular,51,135,83,113,14,36.4,99,84.12,1,0,N
Sofia Cunha,Feminino,1941-05-14,726340856,142.698.537-19,Nenhuma,85,109,75,115,15,36.9,94,19.84,0,0,N
Rafaela Câmara,Feminino,1986-05-07,713065242,028.641.793-69,Doença Cardiovascular,40,108,81,108,13,36.4,92,31.69,1,1,S
Marcela Novais,Feminino,1959-03-23,721643589,746.138.920-31,Nenhuma,67,114,102,98,20,37.5,97,51.69,0,0,N
Bruna Teixeira,Feminino,1996-02-24,714832066,584.306.921-42,Asma,30,73,85,87,12,36.2,95,57.16,1,0,S
Heloisa Lima,Feminino,1987-01-08,764051386,351.924.706-25,Diabetes,39,89,74,72,23,35.7,100,19.38,1,0,N
Amanda Pereira,Feminino,1993-10-26,856230479,261.049.578-11,Doença Cardiovascular,32,147,72,61,24,35.6,99,23.0,1,0,N
Juliana Alves,Feminino,1978-01-03,481653028,147.583.069-66,Hipertensão,48,152,77,94,13,37.1,94,75.88,1,0,N
Júlia Sampaio,Feminino,1942-10-18,164037287,507.264.981-49,Nenhuma,84,115,104,55,17,36.5,98,73.03,0,0,S
Maitê Ferreira,Feminino,2002-09-20,743560127,971.356.028-03,Hipertensão,24,131,77,60,18,37.0,100,83.92,1,0,N
Fernando Casa Grande,Masculino,2007-09-08,513407261,518.469.372-64,Nenhuma,19,126,79,113,22,37.0,91,93.29,0,1,N
Murilo Azevedo,Masculino,1987-06-15,218053745,732.085.914-97,Doença Cardiovascular,39,181,72,132,26,34.9,92,30.83,1,1,N
Ana Borges,Feminino,1974-10-28,610387455,749.530.681-57,Hipertensão,51,142,96,94,10,35.6,96,85.96,1,0,N
Helena Garcia,Feminino,1943-05-24,046125784,583.246.710-80,Asma,83,117,109,112,16,35.7,97,66.6,1,0,S
Mirella Fernandes,Feminino,1996-01-24,834126709,275.908.613-59,Hipertensão,30,100,86,78,16,35.8,96,95.78,1,0,S
Léo das Neves,Masculino,1952-05-16,307268548,278.069.351-77,Asma,74,87,81,51,10,36.2,95,27.21,1,0,N
Antonella Aragão,Feminino,1961-03-04,056187439,681.402.735-62,Doença Cardiovascular,65,124,80,100,15,37.3,95,26.97,1,0,N
Eduarda Sá,Feminino,1986-12-31,163527489,095.231.846-60,Nenhuma,39,104,44,99,20,37.5,98,70.43,0,0,N
Ana Julia Rocha,Feminino,2007-01-11,631542085,609.532.184-06,Doença Cardiovascular,19,91,91,86,16,36.3,100,92.84,1,0,N
Júlia Macedo,Feminino,1995-09-07,810625374,758.941.620-76,Nenhuma,31,107,82,78,10,36.3,95,82.46,0,0,N
Raquel Pereira,Feminino,1952-02-03,762134057,314.785.269-55,Doença Cardiovascular,74,98,86,109,32,35.9,100,72.7,1,0,S
Oliver da Mata,Masculino,1955-05-23,734250861,928.503.417-97,Asma,71,153,69,60,19,36.6,100,38.73,1,0,N
Théo Camargo,Masculino,1996-10-25,78201463X,347.890.625-38,Asma,29,137,74,65,18,36.7,100,71.78,1,0,N
Pedro Camargo,Masculino,1969-05-04,712658300,021.965.743-25,Asma,57,119,73,59,12,37.1,99,80.11,1,0,N
Ryan Moura,Masculino,1967-09-16,721530461,691.340.872-22,Diabetes,59,149,95,87,19,37.1,100,75.33,1,0,N
Augusto Câmara,Masculino,1978-11-22,467528135,916.835.470-39,Diabetes,47,121,74,57,17,34.7,95,67.68,1,0,N
Ana Laura Abreu,Feminino,1940-06-18,720863454,249.705.186-02,Hipertensão,86,102,111,67,10,36.4,93,4.71,1,0,N
Kevin Cunha,Masculino,2008-06-08,730486126,539.182.670-59,Hipertensão,18,150,86,67,12,37.6,94,65.97,1,0,N
José Miguel da Rocha,Masculino,1937-05-10,478513203,976.530.841-84,Nenhuma,89,130,60,78,21,36.1,92,47.83,0,1,N
Bárbara Abreu,Feminino,1968-06-24,318257403,238.405.617-44,Nenhuma,58,99,78,47,27,37.4,97,96.16,0,0,N
Pedro Cavalcanti,Masculino,1983-03-20,278064310,178.625.304-62,Diabetes,43,116,70,87,19,36.3,98,60.72,1,0,N
Maria Helena Nascimento,Feminino,2001-02-20,260145385,486.290.371-13,Doença Cardiovascular,25,102,47,116,23,36.6,97,60.82,1,1,S
Theodoro Novais,Masculino,1970-07-15,681372047,073.915.468-01,Diabetes,56,92,103,88,17,35.6,96,99.41,1,0,N
Brayan Gonçalves,Masculino,1987-04-22,682103755,347.910.658-75,Diabetes,39,138,90,123,17,35.6,97,9.36,1,0,N
Pedro Henrique Almeida,Masculino,1940-05-25,328017541,037.296.514-80,Nenhuma,86,158,87,118,23,37.1,100,27.63,0,0,N
Breno Dias,Masculino,1961-08-13,765128032,869.457.103-00,Hipertensão,65,92,82,104,26,37.2,99,65.61,1,0,N
Mariane Oliveira,Feminino,2005-06-10,874035120,327.490.185-79,Nenhuma,21,131,59,86,24,36.5,100,31.52,0,0,N
Oliver da Rocha,Masculino,1955-11-24,320574611,963.285.074-29,Diabetes,70,106,72,85,12,35.5,97,34.62,1,0,N
Nathan Almeida,Masculino,1954-02-20,056841371,194.576.208-01,Hipertensão,72,110,92,104,17,36.5,90,89.26,1,1,N
Eloá Pinto,Feminino,2001-03-11,612435702,358.107.962-30,Asma,25,108,64,75,19,37.5,89,57.94,1,1,S
Luiz Miguel Borges,Masculino,1937-10-03,538627104,970.246.518-49,Diabetes,89,102,42,40,16,37.9,100,10.29,1,0,N
Bianca da Cruz,Feminino,1979-05-19,783524109,452.608.197-30,Nenhuma,47,120,76,97,19,36.2,94,31.09,0,0,N
Maria Liz Moura,Feminino,1967-03-12,614507236,897.053.641-84,Hipertensão,59,103,77,56,22,35.2,94,7.61,1,0,N
Maria Laura das Neves,Feminino,1991-07-18,283165406,042.916.835-70,Asma,35,125,82,60,23,37.2,97,55.61,1,0,S
Henry Farias,Masculino,1945-06-23,205164377,687.432.109-96,Diabetes,81,118,90,85,26,36.3,99,17.33,1,0,N
Ana Vitória Moraes,Feminino,1964-09-01,186325708,084.732.691-87,Hipertensão,62,115,89,82,16,37.3,99,85.71,1,0,N
Vitória Moraes,Feminino,1984-01-21,713802455,568.719.420-76,Diabetes,42,101,83,49,11,36.7,100,57.73,1,0,N
Marcela Ferreira,Feminino,1958-05-12,142738050,548.603.971-93,Asma,68,108,97,89,19,35.8,100,5.94,1,0,N
Clara da Costa,Feminino,1986-08-22,216340585,673.451.928-73,Hipertensão,40,135,57,109,27,36.5,93,30.09,1,0,N
Clara da Cunha,Feminino,1957-12-25,201537461,907.832.564-00,Nenhuma,68,130,87,56,15,37.5,100,61.63,0,0,N
Erick Pereira,Masculino,1952-09-20,268304154,583.496.201-70,Nenhuma,74,100,89,116,21,36.4,95,33.55,0,1,N
Ana Vitória Cavalcanti,Feminino,1994-01-10,173085465,520.839.741-23,Doença Cardiovascular,32,121,61,45,21,35.7,96,51.32,1,0,S
Ravi Sá,Masculino,1972-10-28,702584137,830.596.147-84,Hipertensão,53,135,57,137,18,35.2,92,90.94,1,1,N
Pietro Rodrigues,Masculino,1965-06-19,328617453,258.146.397-09,Nenhuma,61,86,68,74,18,35.9,90,35.0,0,1,N
Luna Pires,Feminino,1991-09-07,316872453,389.157.604-84,Asma,35,130,70,88,13,36.2,96,33.59,1,0,N
Clarice Macedo,Feminino,2007-04-19,304167253,063.241.798-69,Doença Cardiovascular,19,106,91,40,10,37.2,93,81.98,1,0,N
Ravy Macedo,Masculino,1978-08-02,540127632,301.296.574-25,Doença Cardiovascular,48,131,70,83,12,35.6,100,31.88,1,0,N
Kamilly Pastor,Feminino,1998-09-21,328516077,039.642.571-25,Asma,28,104,67,90,16,37.7,95,7.8,1,0,N
Maria Montenegro,Feminino,2006-08-14,216378503,203.478.659-92,Nenhuma,20,83,70,82,23,35.4,98,18.09,0,0,N
Leonardo Martins,Masculino,1939-08-11,460138522,493.102.587-05,Hipertensão,87,87,96,70,17,38.4,100,94.88,1,0,N
Arthur Miguel Araújo,Masculino,1990-10-27,523147806,934.057.826-00,Nenhuma,35,120,80,61,15,37.9,91,93.33,0,1,N
João Pedro Barbosa,Masculino,1978-08-17,748562011,087.342.615-08,Doença Cardiovascular,48,125,77,113,13,36.6,94,22.48,1,0,N
Sofia Gomes,Feminino,1992-04-16,062834174,842.176.395-46,Diabetes,34,101,78,85,21,35.2,97,55.35,1,0,N
Yuri Vieira,Masculino,1940-12-04,028465738,857.263.910-12,Asma,85,132,99,123,24,36.5,98,13.74,1,0,N
Rael Oliveira,Masculino,1940-05-21,021874530,927.380.456-00,Diabetes,86,86,68,71,23,36.2,100,67.47,1,0,N
Luna Pereira,Feminino,1965-12-11,48760152X,259.836.741-37,Asma,60,118,99,74,21,35.5,100,18.53,1,0,N
Theodoro Cassiano,Masculino,1947-07-06,531680721,298.035.671-95,Doença Cardiovascular,79,95,83,105,10,36.7,97,4.98,1,0,N
Milena Caldeira,Feminino,1949-12-13,510724863,231.945.807-79,Diabetes,76,106,77,44,16,35.8,98,82.49,1,0,N
Antonella Montenegro,Feminino,2007-04-08,132650782,203.597.418-60,Asma,19,120,117,54,27,35.9,98,32.54,1,0,N
Asafe da Cruz,Masculino,1992-03-23,84517602X,124.087.953-97,Nenhuma,34,102,64,112,23,36.3,91,10.85,0,1,N
Maysa Moura,Feminino,2007-12-26,246135876,362.810.957-40,Doença Cardiovascular,18,112,74,55,10,36.0,96,83.39,1,0,N
Eduarda Fonseca,Feminino,1996-10-02,206478355,397.152.864-37,Nenhuma,30,140,61,40,17,38.2,97,76.24,0,0,N
João Miguel Gomes,Masculino,1937-11-23,126750348,306.247.195-61,Hipertensão,88,108,94,131,19,36.1,98,68.38,1,1,S
Lucca Rocha,Masculino,2003-07-20,756432807,546.789.012-30,Doença Cardiovascular,23,136,105,50,14,36.9,93,91.12,1,0,N
Benjamim Vieira,Masculino,1988-12-08,017634829,309.574.268-10,Diabetes,37,97,105,89,10,36.6,91,48.92,1,1,N
Benício Farias,Masculino,1959-12-18,782465031,492.861.375-91,Hipertensão,66,130,98,86,18,36.8,96,12.81,1,0,N
Matheus da Paz,Masculino,1942-08-13,06142853X,610.327.584-90,Nenhuma,84,148,77,40,14,36.8,100,6.13,0,0,N
Clarice Farias,Feminino,1965-03-15,754061838,158.207.394-50,Hipertensão,61,70,74,78,14,37.2,93,31.84,1,0,N
Cecília Ferreira,Feminino,1986-11-29,715803645,896.743.051-57,Hipertensão,39,104,54,96,16,36.7,100,8.68,1,0,N
Maria Júlia Cardoso,Feminino,1985-10-10,623785018,890.736.541-57,Nenhuma,40,131,110,93,17,36.7,100,53.55,0,0,N
Antonella das Neves,Feminino,1994-07-03,460173856,012.348.957-14,Hipertensão,32,115,87,107,17,36.5,97,1.45,1,0,N
Marcos Vinicius Ramos,Masculino,1963-07-30,307451288,249.036.758-74,Doença Cardiovascular,63,127,72,75,13,36.4,94,44.38,1,0,N
Carolina Rios,Feminino,1970-05-17,527014680,167.340.295-06,Hipertensão,56,107,99,102,16,35.8,99,17.85,1,0,N
Valentina Borges,Feminino,1997-08-05,157824068,526.410.839-06,Hipertensão,29,121,65,67,10,36.5,97,36.83,1,0,N
Mariana Moraes,Feminino,1949-02-06,148560234,102.596.378-40,Asma,77,116,86,49,19,36.7,93,67.5,1,0,S
Allana Fonseca,Feminino,1958-06-17,435087125,073.128.549-23,Hipertensão,68,143,77,52,10,36.8,94,35.1,1,0,N
Fernando Cunha,Masculino,1948-09-10,243718652,123.609.875-77,Asma,78,125,89,48,16,36.6,98,34.13,1,0,N
Raquel Correia,Feminino,1967-02-28,280451738,564.810.372-71,Hipertensão,59,126,79,110,22,36.3,100,99.08,1,0,N
Cecilia Cassiano,Feminino,1954-02-20,514702382,046.195.327-70,Hipertensão,72,111,58,47,12,36.5,95,71.88,1,0,N
Laís Viana,Feminino,1942-05-14,703651821,017.482.965-58,Nenhuma,84,110,81,91,21,36.1,96,51.39,0,0,N
Sofia Vargas,Feminino,1954-10-05,268075311,495.810.632-42,Nenhuma,72,111,95,78,23,36.8,99,57.94,0,0,N
Vinicius Andrade,Masculino,1950-05-21,743205613,254.307.681-62,Asma,76,127,79,82,10,36.3,96,62.02,1,0,N
Caroline Peixoto,Feminino,1961-05-19,836541728,135.702.486-07,Nenhuma,65,111,91,119,17,36.6,95,2.46,0,0,N
Daniela Castro,Feminino,1982-12-28,723108560,764.830.529-10,Doença Cardiovascular,43,125,64,74,10,37.3,93,8.03,1,0,N
Eloah Silveira,Feminino,1941-09-11,287615340,943.780.156-84,Diabetes,85,161,79,100,17,35.9,93,64.92,1,0,N
Augusto Jesus,Masculino,1968-09-19,168475030,534.790.862-92,Diabetes,58,137,70,85,17,37.0,100,36.45,1,0,N
Isaac Macedo,Masculino,1942-08-10,014723852,784.529.613-91,Asma,84,113,91,81,10,36.5,96,5.54,1,0,N
João Miguel Sá,Masculino,1954-07-24,724318057,028.135.479-05,Hipertensão,72,144,80,142,27,38.1,100,29.75,1,0,N
Igor Nascimento,Masculino,1999-12-07,126857040,210.365.847-71,Hipertensão,26,111,90,48,19,36.3,100,13.03,1,0,N
Leonardo Viana,Masculino,1940-03-09,206743154,734.265.098-65,Asma,86,79,96,117,13,37.1,96,91.63,1,1,N
Evelyn Freitas,Feminino,1976-05-31,701358622,678.251.093-68,Nenhuma,50,99,90,101,25,36.5,98,20.29,0,0,N
Maysa Martins,Feminino,1985-07-31,053178427,830.912.475-97,Asma,41,82,84,73,10,35.4,97,14.37,1,0,N
Mateus Montenegro,Masculino,1942-09-18,085147321,104.923.568-15,Diabetes,84,112,65,125,11,36.1,90,62.62,1,1,N
Mariah Castro,Feminino,1935-11-14,382145069,379.216.805-77,Nenhuma,90,120,79,40,10,37.2,90,52.19,0,1,S
Davi Miguel da Cunha,Masculino,2007-08-29,470681354,863.192.570-59,Doença Cardiovascular,19,153,72,71,27,36.2,97,57.59,1,0,S
Rafaela Freitas,Feminino,1936-08-29,068413579,297.386.045-83,Diabetes,90,126,74,54,19,34.7,95,43.59,1,0,N
Cauã Silva,Masculino,1959-08-09,562308416,847.601.359-01,Doença Cardiovascular,67,115,74,95,21,36.5,100,46.72,1,0,N
Davi da Paz,Masculino,1958-02-06,623715089,879.521.406-20,Asma,68,136,65,57,19,35.6,96,77.88,1,0,N
Elisa da Mata,Feminino,1994-02-23,537182408,208.597.143-14,Asma,32,75,50,95,20,36.6,100,21.99,1,0,N
Théo Casa Grande,Masculino,1977-03-19,765180327,203.154.798-41,Diabetes,49,124,69,80,18,37.7,95,39.65,1,0,N
Caleb Câmara,Masculino,1963-02-08,610542783,845.612.039-15,Asma,63,135,82,73,19,37.1,100,95.78,1,0,N
Luiz Fernando Alves,Masculino,1940-10-22,641803527,156.947.382-09,Hipertensão,85,90,59,94,18,37.7,99,19.0,1,0,N
Ana Júlia Gonçalves,Feminino,1948-04-29,415736821,943.728.651-55,Diabetes,78,142,80,78,14,36.1,99,29.38,1,0,N
Maria Fernanda da Costa,Feminino,1982-03-17,653807247,917.452.038-50,Doença Cardiovascular,44,126,108,57,17,36.4,94,19.16,1,0,N
Bruno Freitas,Masculino,1972-02-11,481702659,458.176.392-46,Diabetes,54,111,95,155,19,35.7,99,2.05,1,0,N
Ana Dias,Feminino,1974-10-24,75620348X,375.421.609-07,Diabetes,51,132,104,72,18,36.0,100,26.98,1,0,N
Lívia Vieira,Feminino,2006-12-23,731260843,168.395.207-30,Nenhuma,19,165,85,40,10,35.8,96,4.65,0,0,N
Davi Miguel Andrade,Masculino,1942-10-27,837254012,918.260.354-51,Doença Cardiovascular,83,123,97,63,11,35.5,95,15.47,1,0,N
Ravy Sampaio,Masculino,1985-08-13,238675014,478.025.631-35,Doença Cardiovascular,41,124,69,53,23,37.6,96,36.27,1,0,N
Olivia Machado,Feminino,1947-01-13,478012639,065.723.419-25,Hipertensão,79,110,70,105,16,34.8,100,2.07,1,0,N
Alana Barros,Feminino,1963-01-21,367180522,267.589.014-67,Diabetes,63,103,40,93,20,37.6,100,75.3,1,0,N
Jade Cunha,Feminino,1948-08-28,234780654,351.746.289-64,Diabetes,78,136,97,94,12,37.5,100,79.56,1,0,N
Vitória Lima,Feminino,1967-11-30,051427631,238.954.617-09,Doença Cardiovascular,58,102,103,75,10,36.9,98,41.14,1,0,N
João Pedro da Costa,Masculino,1997-07-02,213587609,152.986.074-11,Doença Cardiovascular,29,121,71,78,13,35.6,97,98.47,1,0,N
Camila Aragão,Feminino,1992-02-06,037482610,760.243.518-44,Nenhuma,34,110,76,75,16,35.2,98,67.9,0,0,N
Mariah Porto,Feminino,1972-10-11,043568178,612.745.803-07,Asma,54,129,68,82,14,36.1,100,74.37,1,0,N
Raul Azevedo,Masculino,1995-03-12,742130563,419.367.520-34,Nenhuma,31,126,85,105,24,37.0,96,19.23,0,0,S
Sara Peixoto,Feminino,1968-03-27,176523844,825.714.063-53,Nenhuma,58,140,96,93,18,36.5,100,83.74,0,0,N
Allana Pires,Feminino,1981-02-26,725316809,735.961.028-12,Nenhuma,45,109,53,97,27,35.7,98,94.5,0,0,N
Isaque Silva,Masculino,2004-01-08,54807236X,196.574.382-09,Doença Cardiovascular,22,114,86,97,20,37.4,87,23.63,1,1,N
João Vitor Lima,Masculino,2000-08-01,023618541,476.893.102-22,Asma,26,100,75,107,10,37.8,100,68.65,1,0,N
Luiz Gustavo da Costa,Masculino,1993-09-05,50834671X,718.034.296-31,Hipertensão,33,111,81,92,23,36.3,91,74.69,1,1,N
Oliver Cirino,Masculino,1944-07-10,358602476,826.743.091-13,Nenhuma,82,127,86,93,10,36.6,100,30.52,0,0,N
Antonella Moura,Feminino,2003-12-11,372841065,015.874.369-57,Asma,22,135,77,114,19,35.3,100,47.5,1,0,N
Bernardo Moura,Masculino,2004-01-01,675310428,541.806.237-90,Nenhuma,22,101,78,68,14,36.2,98,9.75,0,0,N
Thiago Viana,Masculino,1943-08-11,128563473,197.283.054-60,Doença Cardiovascular,83,137,76,63,28,36.9,99,17.31,1,0,N
Yuri Almeida,Masculino,1985-08-09,418063278,274.095.638-00,Asma,41,147,94,55,25,36.8,100,6.16,1,0,N
Ravy Aparecida,Masculino,1978-10-27,534260184,853.970.462-56,Hipertensão,47,128,86,89,14,36.1,95,56.02,1,0,N
Marcelo da Cunha,Masculino,1947-12-18,361278408,574.108.932-14,Doença Cardiovascular,78,157,83,40,17,36.3,100,62.53,1,0,N
Luiz Henrique Viana,Masculino,1943-01-08,586021747,429.305.186-42,Asma,83,104,60,96,19,36.1,100,91.61,1,0,S
Manuella da Costa,Feminino,1949-11-04,702543688,472.310.896-31,Diabetes,76,95,74,82,22,36.3,100,54.22,1,0,N
Lucas Gabriel Carvalho,Masculino,1947-01-28,86573012X,086.379.254-56,Hipertensão,79,84,93,113,18,36.8,92,26.06,1,1,N
Maria Nogueira,Feminino,1980-07-04,326058473,957.401.268-94,Doença Cardiovascular,46,149,80,68,12,34.9,98,5.95,1,0,N
Erick Vasconcelos,Masculino,1960-05-16,736451201,642.598.103-24,Nenhuma,66,133,89,79,14,36.4,93,88.5,0,0,S
Rhavi Pires,Masculino,1968-12-07,823041670,984.675.310-10,Diabetes,57,118,106,113,17,36.8,92,47.89,1,1,N
Davi Luiz Azevedo,Masculino,1983-10-24,387065210,864.972.035-83,Hipertensão,42,125,95,119,24,36.0,98,73.73,1,1,N
Arthur Miguel da Rocha,Masculino,1996-06-18,481372052,234.780.956-38,Asma,30,97,81,67,20,36.1,97,1.46,1,0,N
Ana Clara Vieira,Feminino,1992-12-24,380512464,706.139.458-75,Doença Cardiovascular,33,168,72,89,14,36.1,100,48.81,1,0,N
Asafe Dias,Masculino,2004-08-28,142753804,643.705.129-99,Asma,22,122,41,92,21,36.1,95,32.57,1,0,N
Théo Gonçalves,Masculino,1984-07-23,62047385X,057.931.248-88,Diabetes,42,122,77,94,16,36.5,96,3.03,1,0,N
Olívia da Cunha,Feminino,1940-07-09,547612084,487.056.312-62,Asma,86,134,75,78,22,36.6,97,77.57,1,0,N
Esther da Paz,Feminino,1953-09-19,305178246,146.872.953-55,Asma,73,129,85,117,30,34.8,93,51.29,1,1,N
Ana Julia Rezende,Feminino,1946-01-23,674038216,601.394.257-99,Hipertensão,80,124,77,40,16,37.0,94,33.32,1,0,S
João Gabriel Campos,Masculino,2005-11-07,312540875,795.186.234-73,Nenhuma,20,104,75,74,22,36.3,100,80.58,0,0,N
Maya Guerra,Feminino,1971-07-27,426580138,538.017.624-08,Hipertensão,55,129,53,96,14,38.0,94,44.69,1,0,N
Matheus Fernandes,Masculino,1993-09-16,376058420,260.143.798-78,Asma,33,157,65,96,17,35.5,100,0.35,1,0,N
Sara Sales,Feminino,1938-10-11,640381728,742.651.390-43,Hipertensão,88,146,87,118,18,35.8,99,94.44,1,1,N
Léo Moreira,Masculino,1940-01-09,813765201,780.513.964-48,Asma,86,151,105,114,17,36.3,90,25.57,1,1,S
Antonella Siqueira,Feminino,2007-06-16,625784030,865.490.312-06,Diabetes,19,109,78,77,30,36.8,99,83.06,1,0,N
Bruno Lopes,Masculino,1970-10-25,724658300,120.836.495-24,Asma,55,100,84,117,16,34.9,99,81.64,1,1,N
Emilly Nogueira,Feminino,1997-04-29,740635189,568.193.740-20,Asma,29,117,94,67,20,35.8,98,16.24,1,0,N
Lorenzo Caldeira,Masculino,1983-11-25,617354029,813.495.602-51,Hipertensão,42,121,67,108,10,37.0,96,47.4,1,0,N
Luan Ribeiro,Masculino,1990-10-30,804175263,421.073.569-80,Asma,35,141,85,130,20,35.7,93,4.02,1,0,N
Leandro Machado,Masculino,1978-11-23,705136243,873.950.462-00,Asma,47,86,68,115,23,37.6,100,35.46,1,0,N
Paulo Cavalcante,Masculino,1997-08-19,481273505,357.684.129-64,Asma,29,150,92,87,15,36.1,96,73.1,1,0,N
Marcela Machado,Feminino,1942-05-20,458730622,750.914.826-01,Hipertensão,84,116,82,76,10,35.8,93,23.71,1,0,N
Maria Pimenta,Feminino,1983-07-18,046512871,920.715.364-52,Doença Cardiovascular,43,111,84,46,17,37.0,98,11.71,1,0,S
Kamilly Porto,Feminino,2002-04-24,36407582X,574.908.261-01,Doença Cardiovascular,24,99,68,92,18,37.8,94,50.71,1,0,S
Ana Vitória Rios,Feminino,1976-11-03,751062340,418.796.503-39,Asma,49,86,90,57,21,36.8,93,53.7,1,0,N
Luiz Otávio Moraes,Masculino,1987-01-02,601435722,964.718.530-84,Doença Cardiovascular,39,136,111,65,28,37.5,95,67.58,1,0,N
Arthur Casa Grande,Masculino,1973-10-28,437215088,130.579.426-52,Doença Cardiovascular,52,121,64,55,16,37.8,94,75.91,1,0,N
Pedro Lucas Andrade,Masculino,1990-12-31,538720414,367.519.084-66,Nenhuma,35,94,74,73,13,35.8,93,69.58,0,0,S
Bernardo da Costa,Masculino,1982-09-12,548013275,476.092.518-01,Asma,44,94,83,84,12,37.3,100,84.54,1,0,N
Luiz Miguel Gomes,Masculino,1956-05-15,820743161,581.409.672-11,Hipertensão,70,113,91,91,18,35.3,96,22.29,1,0,N
Arthur Gabriel Pereira,Masculino,1945-08-19,852734062,298.104.376-50,Asma,81,153,71,69,20,36.8,100,56.98,1,0,N
Milena Freitas,Feminino,1991-06-25,237064182,832.065.491-24,Nenhuma,35,114,40,111,15,36.4,93,36.01,0,0,N
Melina Teixeira,Feminino,1957-02-16,41728536X,239.518.746-19,Diabetes,69,89,100,79,21,37.5,90,96.21,1,1,N
Davi Miguel Moura,Masculino,1981-06-19,285071439,830.742.569-74,Doença Cardiovascular,45,115,91,65,20,37.4,97,44.03,1,0,N
Miguel Dias,Masculino,1965-04-02,283451063,893.265.170-12,Diabetes,61,114,53,90,18,37.0,100,95.97,1,0,N
Isadora Camargo,Feminino,1963-04-09,680345723,742.986.015-01,Diabetes,63,70,70,134,13,36.7,99,76.91,1,1,N
Francisco Monteiro,Masculino,1971-07-19,564781204,847.530.192-41,Hipertensão,55,118,103,93,15,36.9,100,71.85,1,0,N
Mathias Novais,Masculino,1971-08-09,356487210,831.046.275-17,Doença Cardiovascular,55,115,101,75,10,36.5,98,49.16,1,0,N
Julia Vasconcelos,Feminino,1959-03-19,784123056,910.258.367-40,Nenhuma,67,133,94,46,19,36.5,97,44.34,0,0,N
Melissa Cunha,Feminino,1971-01-31,132480657,341.057.268-62,Asma,55,156,77,79,18,37.7,88,52.65,1,1,N
João Pedro Sales,Masculino,1964-02-16,312745606,056.198.347-00,Asma,62,142,81,90,18,37.8,98,29.36,1,0,N
Guilherme Campos,Masculino,1972-01-26,28305461X,849.073.512-32,Doença Cardiovascular,54,114,78,75,20,36.4,97,90.45,1,0,N
Ana Sophia Machado,Feminino,1993-02-23,405638723,176.543.928-00,Nenhuma,33,97,96,43,19,36.7,95,79.43,0,0,N
Pedro Miguel Borges,Masculino,1956-09-15,436025711,204.173.958-41,Asma,70,171,66,63,17,36.6,96,80.14,1,0,N
Manuella Santos,Feminino,1985-09-05,108453674,014.965.837-01,Asma,41,121,67,121,18,35.2,96,43.32,1,1,N
Yan Nogueira,Masculino,1939-10-07,871043269,306.285.914-89,Asma,87,120,95,120,10,36.2,96,7.11,1,0,N
Letícia Castro,Feminino,1996-06-04,641582079,519.847.036-84,Asma,30,119,79,62,15,37.8,100,68.31,1,0,N
Luiz Miguel Moraes,Masculino,1949-06-21,204158734,960.825.347-00,Nenhuma,77,123,100,101,18,35.9,95,37.44,0,0,N
Camila Costa,Feminino,1942-04-03,763402813,504.967.238-47,Nenhuma,84,117,69,55,14,38.2,97,87.04,0,0,N
Isabela Vieira,Feminino,2000-11-12,20583176X,704.182.359-88,Nenhuma,25,108,79,120,22,37.4,95,78.03,0,1,N
Apollo Fonseca,Masculino,1990-05-03,751803261,879.213.506-40,Diabetes,36,109,66,91,14,36.8,100,14.53,1,0,S
Maria Eduarda Martins,Feminino,1977-06-12,614382701,849.015.736-75,Nenhuma,49,119,80,108,19,36.9,97,60.17,0,0,N
Caroline Pimenta,Feminino,1948-05-25,402163576,210.835.749-14,Asma,78,109,57,42,18,35.8,95,69.22,1,0,S
Ana Luiza das Neves,Feminino,1958-08-22,251063847,395.417.206-25,Nenhuma,68,105,72,101,21,36.3,89,56.81,0,1,N
Rhavi Moura,Masculino,1939-03-30,610834757,274.509.368-10,Nenhuma,87,122,58,84,22,37.7,97,51.4,0,0,N
Nicolas Oliveira,Masculino,1937-10-13,213807646,286.709.513-12,Diabetes,89,114,90,106,21,36.0,95,22.79,1,0,N
Davi Lucas Dias,Masculino,2006-04-26,201587439,435.621.780-26,Doença Cardiovascular,20,150,90,107,10,37.3,96,23.59,1,0,N
Milena Martins,Feminino,1963-11-04,87163045X,824.695.371-00,Asma,62,70,54,86,23,35.4,92,76.8,1,1,N
Manuella Cardoso,Feminino,1961-06-03,246853104,643.190.287-40,Doença Cardiovascular,65,141,100,69,25,35.5,100,1.87,1,0,N
Emilly Vargas,Feminino,1974-12-31,473068527,051.492.687-20,Doença Cardiovascular,51,144,117,104,15,38.0,100,77.89,1,0,N
Pedro Montenegro,Masculino,1995-11-17,510834760,062.417.985-02,Nenhuma,30,78,80,83,19,36.5,100,52.68,0,0,N
Davi Moreira,Masculino,1985-09-08,175042688,914.683.502-42,Hipertensão,41,113,70,63,13,36.1,100,93.62,1,0,N
Kevin Cavalcante,Masculino,1967-05-30,32645701X,123.547.896-37,Asma,59,112,122,61,10,37.6,99,99.73,1,0,N
Lorenzo Santos,Masculino,1972-11-08,561204871,850.619.723-68,Doença Cardiovascular,53,91,60,48,14,37.5,92,66.35,1,1,N
Manuella Moreira,Feminino,1997-09-26,802647534,534.687.192-64,Nenhuma,29,104,80,72,15,37.2,100,41.23,0,0,N
Bruno da Cunha,Masculino,1972-11-18,572643810,132.657.890-12,Hipertensão,53,97,82,112,16,36.0,93,47.51,1,0,N
Kamilly Cardoso,Feminino,1985-06-19,318064522,835.402.976-00,Nenhuma,41,155,100,89,13,36.3,95,20.42,0,0,N
Yasmin Borges,Feminino,1939-01-03,408172538,014.953.876-66,Diabetes,87,138,85,71,14,36.7,99,9.92,1,0,N
Eloá Pastor,Feminino,1951-05-27,140875621,078.693.542-10,Hipertensão,75,145,72,105,17,37.1,100,57.88,1,0,N
Daniela Cavalcante,Feminino,1969-02-13,805143671,831.697.254-91,Nenhuma,57,134,65,64,14,36.1,99,80.55,0,0,N
Maitê Nunes,Feminino,1949-04-19,034267517,321.867.459-09,Asma,77,97,74,87,20,36.6,95,26.18,1,0,N
Ana Barros,Feminino,1951-12-01,074681321,531.827.609-12,Asma,74,109,64,80,21,36.7,94,41.97,1,0,N
Julia Rezende,Feminino,1959-02-15,250387463,240.567.831-44,Diabetes,67,129,80,104,29,37.5,100,55.48,1,0,N
Oliver Pinto,Masculino,1987-11-14,38257106X,937.652.048-38,Asma,38,95,71,45,23,37.1,96,90.79,1,0,N
Sara Pires,Feminino,1971-11-25,372604158,508.164.329-70,Asma,54,134,57,63,19,35.3,96,13.86,1,0,S
Lavínia Ramos,Feminino,1977-06-09,078416231,087.253.694-74,Asma,49,115,98,44,14,36.3,94,23.69,1,0,S
Rodrigo da Cruz,Masculino,1980-06-29,146807327,510.983.274-97,Asma,46,112,72,78,19,35.8,97,91.85,1,0,N
Kaique Marques,Masculino,1939-01-17,68072431X,429.031.875-41,Nenhuma,87,134,60,115,19,37.0,97,3.95,0,0,N
Bento Castro,Masculino,1963-08-05,802135766,729.543.180-23,Asma,63,128,77,72,15,37.2,96,65.61,1,0,N
Maria Vitória Mendes,Feminino,2001-06-20,160238754,058.692.371-30,Asma,25,112,81,72,21,36.6,98,63.95,1,0,N
Gustavo Fernandes,Masculino,1944-03-26,534708122,538.021.974-88,Diabetes,82,143,53,106,11,36.3,100,38.33,1,0,N
Cecília Dias,Feminino,1956-12-11,542301672,815.467.923-09,Asma,69,98,84,111,16,36.6,94,46.82,1,0,N
Manuella Guerra,Feminino,2001-10-06,176023458,874.215.306-90,Diabetes,24,132,64,82,20,36.7,97,85.49,1,0,N
Léo Moraes,Masculino,1983-11-23,534276180,402.981.537-50,Doença Cardiovascular,42,131,105,102,16,36.0,94,16.5,1,0,N
Cauê Dias,Masculino,2002-07-23,261783051,031.962.574-52,Nenhuma,24,113,87,58,16,35.5,98,23.16,0,0,N
Ravi Lucca Campos,Masculino,1959-11-21,301587267,576.103.842-08,Doença Cardiovascular,66,126,74,119,17,34.9,94,51.24,1,1,N
Rael da Cruz,Masculino,1948-09-01,027345865,430.216.985-06,Nenhuma,78,94,68,138,13,37.5,94,40.97,0,1,N
Calebe Aragão,Masculino,1964-03-16,680273451,590.641.827-01,Hipertensão,62,138,78,98,23,36.9,91,57.44,1,1,N
Maria Isis Pimenta,Feminino,1952-05-31,681302458,891.307.625-02,Doença Cardiovascular,74,116,89,40,12,36.8,97,92.08,1,0,S
Isadora Castro,Feminino,2002-09-23,815632046,950.318.674-93,Diabetes,24,109,79,71,19,37.5,98,91.71,1,0,N
Luara Correia,Feminino,1965-01-31,03486572X,635.291.748-82,Nenhuma,61,140,76,100,20,35.5,100,23.0,0,0,S
Sara Moraes,Feminino,1947-02-15,301267546,387.106.452-17,Hipertensão,79,105,80,74,13,35.1,98,30.21,1,0,S
Theo das Neves,Masculino,1979-06-15,528137463,297.084.563-65,Diabetes,47,91,70,116,18,36.8,95,16.21,1,0,N
Alícia Borges,Feminino,1981-02-17,536041787,740.132.856-90,Doença Cardiovascular,45,88,74,99,13,36.7,91,92.78,1,1,N
Thiago Marques,Masculino,1954-08-04,068132542,924.870.156-67,Hipertensão,72,132,48,67,24,35.1,92,39.79,1,1,N
Henrique Pacheco,Masculino,2003-01-23,546271030,109.425.873-32,Nenhuma,23,94,94,85,12,36.8,91,44.97,0,1,N
Benicio Aragão,Masculino,1985-05-31,485261704,432.816.790-13,Asma,41,155,84,62,14,36.2,100,80.26,1,0,N
Sabrina Peixoto,Feminino,1987-08-03,105473820,948.307.526-29,Hipertensão,39,78,68,80,11,35.9,98,51.3,1,0,S
Olivia da Paz,Feminino,2001-08-06,832657104,240.317.958-23,Doença Cardiovascular,25,153,108,71,11,36.2,94,11.98,1,0,N
Anthony Caldeira,Masculino,1958-05-09,251034768,395.281.470-97,Doença Cardiovascular,68,124,81,114,25,34.5,93,43.78,1,0,N
Davi Luiz da Luz,Masculino,2004-05-20,680137543,258.973.140-04,Diabetes,22,118,64,137,20,36.0,93,63.05,1,1,N
Nathan Fonseca,Masculino,1983-06-09,46037218X,415.360.928-51,Asma,43,109,92,49,18,35.9,94,71.92,1,0,N
Murilo Aragão,Masculino,2002-06-12,68015274X,428.651.397-19,Asma,24,127,85,40,14,36.9,100,64.54,1,0,N
Gael Fonseca,Masculino,1965-08-12,850621471,285.709.643-74,Diabetes,61,119,85,78,22,36.4,96,11.92,1,0,N
Laura Barbosa,Feminino,1936-06-27,178503642,827.963.514-91,Doença Cardiovascular,90,142,73,47,13,37.0,91,30.43,1,1,N
Thiago Machado,Masculino,1995-11-12,56024387X,529.037.164-80,Doença Cardiovascular,30,122,86,86,21,34.5,100,73.36,1,0,N
Lara Pinto,Feminino,1963-04-10,521780342,364.812.590-70,Diabetes,63,123,76,103,13,35.8,92,88.02,1,1,N
Davi Lucas Brito,Masculino,1997-04-03,543720810,214.380.679-50,Asma,29,112,88,122,14,36.9,94,4.72,1,0,N
Marcelo Vieira,Masculino,1949-07-29,451023870,953.602.147-16,Hipertensão,77,118,51,90,21,36.3,100,4.22,1,0,N
Luiz Otávio Sá,Masculino,1992-08-17,570463129,329.061.748-31,Asma,34,126,73,80,22,37.2,98,64.34,1,0,N
Fernanda Pereira,Feminino,1954-03-30,637280544,749.256.138-55,Nenhuma,72,85,105,40,20,35.1,95,54.8,0,0,S
Maria Liz Montenegro,Feminino,1936-07-03,35748261X,735.108.924-88,Nenhuma,90,93,68,85,12,37.1,92,15.53,0,1,S
Augusto Andrade,Masculino,1986-04-19,602537484,402.695.318-15,Nenhuma,40,134,70,86,15,36.0,93,54.83,0,0,N
Lívia Melo,Feminino,1938-10-17,786502435,938.247.610-50,Asma,88,123,73,100,18,35.9,93,97.45,1,0,N
Mirella Cassiano,Feminino,1991-09-29,12804763X,539.681.024-60,Diabetes,35,116,61,67,13,37.3,97,63.09,1,0,N
Sophie Carvalho,Feminino,1945-02-24,38164702X,426.135.089-06,Diabetes,81,120,46,74,24,37.4,97,44.91,1,0,N
Luiza Castro,Feminino,1986-01-28,362701544,670.813.924-31,Diabetes,40,126,76,48,10,37.3,96,82.75,1,0,N
Letícia Pastor,Feminino,1940-11-21,536174805,697.185.024-67,Nenhuma,85,109,82,40,14,38.1,96,21.28,0,0,N
Thiago Moraes,Masculino,1944-02-03,423618052,754.602.913-99,Asma,82,104,79,57,15,37.5,92,41.43,1,1,N
Rebeca Santos,Feminino,1947-05-06,201657831,204.915.367-80,Diabetes,79,123,77,45,10,35.9,98,52.78,1,0,N
Letícia Melo,Feminino,1993-07-02,407381624,971.538.640-75,Hipertensão,33,100,80,93,11,36.6,100,50.45,1,0,N
Maria Eduarda Farias,Feminino,1940-08-06,842156707,436.508.172-17,Asma,86,128,95,72,21,36.2,96,92.1,1,0,N
Maria Vitória Pacheco,Feminino,1974-12-09,824037157,782.156.049-94,Diabetes,51,85,77,71,18,38.1,96,29.27,1,0,N
Amanda Peixoto,Feminino,1947-12-17,548213070,356.147.098-00,Nenhuma,78,140,71,60,25,37.4,97,5.65,0,0,N
João Rezende,Masculino,1989-10-08,564870328,816.934.570-75,Doença Cardiovascular,37,129,75,40,25,36.3,100,91.64,1,0,N
Heloísa Silveira,Feminino,2005-06-25,107532645,510.294.378-23,Asma,21,125,88,122,20,37.2,93,21.71,1,0,N
Pietra Cavalcante,Feminino,1987-12-10,286314575,465.807.213-08,Diabetes,38,139,101,59,19,35.5,100,37.9,1,0,N
Maria Helena Casa Grande,Feminino,1986-06-24,781603249,723.659.018-59,Hipertensão,40,153,70,74,18,36.7,98,53.09,1,0,N
Ana Beatriz Oliveira,Feminino,1956-07-14,682530141,207.416.395-99,Asma,70,140,81,48,10,35.7,97,97.59,1,0,N
Esther Almeida,Feminino,1956-08-26,350186728,367.981.540-93,Hipertensão,70,83,85,109,11,35.1,100,53.53,1,0,N
Luara Leão,Feminino,1998-03-13,241580730,527.130.468-07,Nenhuma,28,94,65,88,18,37.1,92,44.77,0,1,N
Noah Sales,Masculino,1954-10-31,745013867,504.897.263-56,Diabetes,71,107,80,64,21,37.2,99,58.36,1,0,N
Maria Sophia Montenegro,Feminino,1991-04-19,678241351,830.769.254-74,Doença Cardiovascular,35,120,58,75,19,36.9,98,97.08,1,0,N
Olivia Sousa,Feminino,1964-07-27,62740358X,079.364.582-47,Hipertensão,62,130,53,126,13,36.4,93,81.79,1,1,N
Cecilia Moreira,Feminino,2000-05-23,035712648,561.382.094-51,Hipertensão,26,105,85,83,22,35.5,98,16.9,1,0,S
Lunna Ribeiro,Feminino,1950-07-01,465023186,280.165.943-60,Nenhuma,76,123,74,80,25,35.6,98,80.33,0,0,S
Valentina Garcia,Feminino,1942-01-21,73041825X,619.203.748-50,Asma,84,104,83,61,22,35.7,96,84.11,1,0,N
Erick Marques,Masculino,1997-07-14,147563082,692.837.501-95,Asma,29,107,79,40,22,36.3,100,69.07,1,0,N
Luigi Nogueira,Masculino,1950-05-26,506241737,389.146.527-00,Nenhuma,76,91,65,80,15,37.4,94,65.72,0,0,N
Julia Pimenta,Feminino,1973-07-28,641857238,012.634.987-87,Asma,53,101,79,93,23,37.3,98,44.09,1,0,S
Evelyn da Cruz,Feminino,1938-05-07,617085237,485.362.170-90,Asma,88,92,61,112,18,35.2,96,64.17,1,0,N
Letícia Câmara,Feminino,1970-09-12,547218035,584.093.621-98,Doença Cardiovascular,56,100,100,40,20,35.9,94,73.76,1,0,N
Laura Santos,Feminino,1943-11-16,125368070,472.091.358-04,Asma,82,141,59,56,19,35.9,99,12.28,1,0,N
Samuel Dias,Masculino,1938-07-09,843217650,526.394.810-70,Doença Cardiovascular,88,101,77,70,17,34.5,96,25.73,1,0,N
Marcela Novais,Feminino,1964-01-27,780451624,816.340.752-26,Doença Cardiovascular,62,172,64,84,13,37.0,91,19.41,1,1,N
Laura Campos,Feminino,1941-11-05,780245611,091.346.572-07,Diabetes,84,129,88,81,17,36.3,89,84.12,1,1,S
Yago Garcia,Masculino,1986-05-18,803571264,092.185.673-30,Asma,40,123,75,81,22,36.4,100,68.0,1,0,N
Manuella Vargas,Feminino,1940-08-30,562347100,423.915.678-55,Asma,86,102,72,95,15,37.6,92,45.08,1,1,N
Lavínia Aparecida,Feminino,1967-07-27,568342719,290.487.135-79,Asma,59,134,92,62,22,36.6,98,82.61,1,0,S
Bruno Ferreira,Masculino,1962-10-26,380471656,621.750.938-59,Asma,63,108,80,108,21,36.2,97,71.68,1,0,N
Jade Souza,Feminino,1989-08-23,106478357,041.978.352-05,Diabetes,37,122,87,95,16,37.0,95,91.36,1,0,N
Hadassa Costa,Feminino,1968-01-05,681053720,529.780.316-03,Nenhuma,58,171,65,77,24,37.3,100,7.68,0,0,N
Júlia Novais,Feminino,1991-11-21,57843216X,683.724.509-00,Nenhuma,34,118,58,125,16,36.7,97,50.92,0,1,N
Davi Miguel Caldeira,Masculino,1984-02-18,862753107,627.853.109-77,Hipertensão,42,142,81,123,25,37.1,100,70.67,1,1,N
Isabella da Cruz,Feminino,1972-07-04,243680570,143.607.598-00,Hipertensão,54,105,75,108,20,36.4,98,20.75,1,0,N
Vitória Câmara,Feminino,2006-11-19,672431506,285.467.910-58,Asma,19,119,89,40,17,36.4,96,32.71,1,0,N
Ana Júlia Brito,Feminino,1991-11-06,513624703,906.475.823-92,Nenhuma,34,155,78,124,13,36.6,96,41.9,0,1,N
Luísa Silva,Feminino,1988-08-30,287650418,371.025.689-59,Asma,38,107,83,104,17,35.9,100,79.43,1,0,N
Carlos Eduardo Rodrigues,Masculino,1938-12-08,401653286,136.284.097-13,Asma,87,156,55,135,16,36.0,100,49.36,1,1,N
Alana Novaes,Feminino,1936-10-11,036278543,850.147.623-44,Hipertensão,90,134,108,115,11,37.6,100,49.29,1,0,N
Nicolas Rezende,Masculino,1946-11-21,70136824X,705.194.368-57,Nenhuma,79,108,77,124,16,38.1,97,43.09,0,1,N
Rhavi Rezende,Masculino,1998-06-27,421830578,853.921.760-03,Hipertensão,28,132,90,106,13,37.8,93,22.86,1,0,N
João Pedro Duarte,Masculino,1954-01-19,504681734,378.164.095-75,Asma,72,139,67,118,20,35.4,95,92.31,1,1,N
Ana Liz Vargas,Feminino,1948-07-22,13254068X,143.957.286-00,Asma,78,132,84,134,24,35.4,92,31.78,1,1,N
Igor Nascimento,Masculino,1969-06-21,174365081,104.695.782-11,Nenhuma,57,88,60,90,11,35.5,100,56.75,0,0,S
Erick Leão,Masculino,2001-07-23,524701386,865.431.907-01,Diabetes,25,105,86,45,26,36.6,94,14.88,1,0,N
Ana Carolina Gonçalves,Feminino,1939-11-11,402673815,871.492.506-02,Doença Cardiovascular,86,115,74,77,17,34.3,84,43.42,1,1,N
Francisco Souza,Masculino,1963-06-27,672408156,479.362.508-83,Diabetes,63,118,80,94,13,36.0,100,90.38,1,0,N
Arthur Miguel Albuquerque,Masculino,2004-11-11,402857318,514.023.687-71,Asma,21,132,90,86,21,37.6,94,99.55,1,0,N
Bianca Farias,Feminino,1972-08-26,02547683X,124.960.387-04,Hipertensão,54,123,61,53,15,37.3,94,36.18,1,0,N
Rafael Ramos,Masculino,1952-03-08,312457868,476.032.851-35,Hipertensão,74,93,69,44,17,36.1,100,15.4,1,0,N
Valentina Monteiro,Feminino,1981-07-13,071268352,308.629.571-68,Diabetes,45,127,86,66,15,36.2,92,31.45,1,1,N
Thiago Martins,Masculino,1960-04-06,783246158,273.908.416-13,Asma,66,132,111,105,13,37.0,100,32.72,1,0,N
Gael Camargo,Masculino,1988-05-22,518203670,132.890.456-33,Diabetes,38,131,77,124,21,37.2,94,64.45,1,1,N
Elisa Siqueira,Feminino,1937-08-03,821046731,829.461.073-96,Hipertensão,89,141,88,107,16,36.1,91,49.62,1,1,N
José Miguel Silva,Masculino,1967-11-26,865420713,213.870.956-68,Hipertensão,58,136,78,111,10,36.3,100,76.85,1,0,N
Alice Sousa,Feminino,1997-04-25,235167046,036.981.275-12,Diabetes,29,129,109,82,20,36.0,100,70.13,1,0,N
Juan Nunes,Masculino,1979-08-31,865421377,627.185.039-12,Diabetes,47,118,53,41,11,35.4,100,25.13,1,0,N
Erick Pimenta,Masculino,1956-10-02,748103624,172.458.639-46,Diabetes,70,86,81,73,12,36.3,98,78.43,1,0,N
Mariane Moraes,Feminino,1947-07-03,681470537,731.809.624-96,Doença Cardiovascular,79,128,55,78,23,36.3,99,84.75,1,0,N
Aurora Guerra,Feminino,1975-09-07,813457609,347.692.580-38,Asma,51,124,42,72,12,35.5,92,59.84,1,1,N
Ester Carvalho,Feminino,1958-12-04,658247104,280.349.576-74,Diabetes,67,125,84,86,10,37.0,97,92.77,1,0,S
Luna da Cruz,Feminino,1943-11-15,621835043,105.983.762-59,Diabetes,82,94,82,96,21,36.9,93,78.29,1,0,S
Joana Gomes,Feminino,1940-06-30,174650322,675.430.189-93,Hipertensão,86,98,75,106,16,37.1,91,59.54,1,1,N
Melissa Sá,Feminino,1973-07-24,375406219,128.546.039-15,Doença Cardiovascular,53,141,78,78,16,35.9,98,90.62,1,0,N
Luísa da Rosa,Feminino,1937-01-06,546873017,235.719.846-09,Diabetes,89,119,126,40,16,34.9,100,60.04,1,0,N
Alexia da Luz,Feminino,1988-05-03,784250613,594.207.613-80,Asma,38,133,76,72,19,36.9,95,52.12,1,0,N
Isaac Araújo,Masculino,1988-08-07,672810530,895.460.327-00,Doença Cardiovascular,38,120,87,86,14,36.0,96,35.63,1,0,N
Ravi Lucca das Neves,Masculino,1959-03-23,738402655,437.965.281-55,Doença Cardiovascular,67,120,70,115,25,35.8,92,88.29,1,1,N
Nathan Rodrigues,Masculino,1938-07-19,574062130,406.813.725-08,Asma,88,138,84,70,10,35.5,97,12.27,1,0,N
Luana Sales,Feminino,2001-07-22,267418358,940.251.763-43,Doença Cardiovascular,25,109,76,97,20,36.3,100,47.35,1,0,N
Juan Freitas,Masculino,1985-09-12,63401528X,207.361.895-21,Doença Cardiovascular,41,121,73,92,21,37.8,100,53.74,1,0,N
Henry Câmara,Masculino,1936-03-04,61784320X,530.146.978-93,Diabetes,90,110,107,86,14,36.1,99,55.47,1,0,N
Pietra Cassiano,Feminino,1935-12-29,215640871,790.214.368-50,Hipertensão,90,111,97,108,12,35.6,94,65.19,1,0,N
Maria Fernanda Leão,Feminino,1940-01-03,187453202,534.091.826-24,Doença Cardiovascular,86,113,82,68,23,37.0,94,50.58,1,0,N
Vitor Gabriel Rios,Masculino,1964-01-13,826035176,325.167.894-91,Hipertensão,62,124,45,70,13,36.6,100,25.68,1,0,N
Isadora Rodrigues,Feminino,1977-02-17,018347654,041.376.298-03,Hipertensão,49,110,74,84,14,34.8,100,85.69,1,0,N
Anna Liz Moura,Feminino,1998-04-22,283451063,129.058.437-05,Doença Cardiovascular,28,145,120,68,22,37.0,96,65.75,1,0,S
Vinícius Santos,Masculino,1991-05-20,865243074,485.012.396-15,Nenhuma,35,102,76,97,18,38.2,95,85.82,0,0,N
Ana Vitória Nunes,Feminino,1938-04-24,503628414,016.749.583-66,Asma,88,116,96,67,10,34.4,100,27.6,1,0,N
Ana Liz Novaes,Feminino,1975-07-28,831257064,378.549.106-93,Hipertensão,51,111,101,90,26,35.5,95,63.71,1,0,S
Guilherme Oliveira,Masculino,1937-03-09,735014681,146.039.572-70,Doença Cardiovascular,89,148,83,82,15,34.2,99,71.42,1,0,N
Dom Cavalcante,Masculino,1995-11-24,587023466,403.512.869-42,Hipertensão,30,123,67,90,15,36.4,96,38.34,1,0,N
Stephany Macedo,Feminino,1970-07-10,528043766,012.934.786-87,Doença Cardiovascular,56,140,43,73,19,37.3,92,81.22,1,1,N
Gustavo Silva,Masculino,1977-06-18,845260170,436.025.978-65,Diabetes,49,90,90,76,21,36.6,100,0.25,1,0,N
Samuel Borges,Masculino,1963-12-04,830625148,204.186.397-87,Diabetes,62,125,67,87,27,37.6,97,59.49,1,0,N
Pietro Araújo,Masculino,1985-10-17,016752831,678.239.540-10,Doença Cardiovascular,40,137,82,90,10,37.2,94,61.36,1,0,N
Davi Lucca Moraes,Masculino,1963-12-23,670238545,638.910.274-78,Diabetes,62,121,61,84,22,37.9,91,53.38,1,1,N
Mirella Nunes,Feminino,2002-03-11,784360522,685.104.729-20,Hipertensão,24,141,76,127,21,37.4,91,63.0,1,1,N
Nicole Rocha,Feminino,1953-02-03,482376156,014.397.652-43,Asma,73,109,80,60,17,36.2,95,16.72,1,0,N
Antônio Gonçalves,Masculino,1971-07-22,74013856X,732.985.104-32,Doença Cardiovascular,55,148,84,83,21,36.6,100,68.48,1,0,N
Agatha Souza,Feminino,1953-12-30,168742500,642.708.159-49,Nenhuma,72,165,63,45,22,35.8,94,33.58,0,0,N
Brayan Aparecida,Masculino,2007-04-18,736028146,436.798.251-37,Diabetes,19,112,97,94,11,36.3,100,45.21,1,0,N
Luiz Felipe Sampaio,Masculino,1982-03-22,285310744,732.186.950-40,Doença Cardiovascular,44,111,71,57,26,36.5,96,33.31,1,0,N
Ágatha Araújo,Feminino,1970-09-20,835016420,921.765.804-94,Nenhuma,56,149,54,78,10,36.4,92,47.39,0,1,N
Ravy Andrade,Masculino,2001-05-04,426158301,186.542.309-24,Doença Cardiovascular,25,151,78,75,12,37.6,95,62.16,1,0,N
Maria Luísa Cirino,Feminino,1968-11-25,650427385,627.890.531-03,Nenhuma,57,109,80,92,16,36.2,91,83.83,0,1,N
Otto Freitas,Masculino,1999-12-11,680312456,952.306.841-51,Diabetes,26,111,82,71,27,35.8,93,48.34,1,0,N
Melissa Garcia,Feminino,1952-01-31,743102654,381.724.096-13,Hipertensão,74,114,100,70,16,35.8,93,32.32,1,0,N
Bruno Rodrigues,Masculino,1956-09-06,845032768,621.438.570-71,Doença Cardiovascular,70,93,76,120,17,37.0,89,48.79,1,1,N
Luiz Fernando Campos,Masculino,1989-02-07,613025842,490.216.753-07,Asma,37,101,78,92,25,35.4,100,68.88,1,0,N
Zoe Gonçalves,Feminino,2006-01-17,183450279,659.130.847-48,Hipertensão,20,99,63,70,16,36.3,97,34.67,1,0,N
Davi Lucas Siqueira,Masculino,1964-02-06,13625780X,643.059.781-48,Asma,62,104,92,78,12,37.6,94,41.43,1,0,N
Alexandre Sá,Masculino,1954-07-09,435762084,768.502.194-30,Asma,72,119,82,126,15,36.7,97,56.28,1,1,N
Kaique Martins,Masculino,1947-06-12,268514070,973.826.410-31,Asma,79,124,73,79,24,36.4,93,29.4,1,0,N
Vitor Garcia,Masculino,1989-10-06,65704328X,798.612.530-68,Diabetes,37,151,51,67,18,36.5,86,20.91,1,1,N
Josué Marques,Masculino,1967-04-05,13765408X,784.650.123-26,Diabetes,59,100,101,67,27,35.7,100,14.04,1,0,N
Daniela da Mota,Feminino,1957-08-19,683051726,612.954.830-33,Hipertensão,69,139,61,71,21,35.8,97,35.26,1,0,N
Daniel Andrade,Masculino,1938-11-06,341067520,247.385.960-47,Doença Cardiovascular,87,115,71,70,14,36.3,94,4.83,1,0,N
Allana da Costa,Feminino,1965-09-13,407138262,940.358.761-00,Nenhuma,61,119,85,53,18,36.7,89,58.35,0,1,N
Bernardo Brito,Masculino,1999-12-21,672405180,561.902.847-01,Nenhuma,26,133,62,56,13,37.3,91,17.59,0,1,N
Arthur Gabriel Machado,Masculino,1997-12-01,158724604,732.948.650-74,Diabetes,28,97,57,64,14,36.6,100,37.74,1,0,N
Ana Julia da Cruz,Feminino,2007-10-31,480715634,062.739.518-02,Asma,18,127,48,99,40,37.6,100,26.92,1,0,N
Maria Liz Macedo,Feminino,1944-11-13,172365806,936.201.547-16,Nenhuma,81,123,90,75,23,37.8,100,63.04,0,0,N
Vitor Hugo Cunha,Masculino,1981-06-23,607431581,152.403.697-80,Diabetes,45,129,71,79,22,37.1,92,85.03,1,1,N
Cecilia Montenegro,Feminino,1950-12-07,630452714,701.346.982-31,Asma,75,125,123,116,14,37.5,100,63.33,1,1,N
Igor Siqueira,Masculino,1965-05-14,58417326X,396.180.574-10,Asma,61,169,65,117,25,35.7,98,54.25,1,1,N
Luiza Oliveira,Feminino,2000-03-31,648025378,813.674.290-13,Hipertensão,26,107,66,77,23,35.6,99,66.91,1,0,S
Lorenzo da Costa,Masculino,1969-05-13,850124633,354.612.097-34,Diabetes,57,109,71,69,27,36.9,98,3.0,1,0,N
Cecília Ribeiro,Feminino,1968-10-05,48527310X,456.189.237-00,Hipertensão,58,107,83,63,27,35.4,90,12.28,1,1,N
Hellena Jesus,Feminino,2005-04-08,234087560,240.975.618-20,Asma,21,108,72,102,10,36.3,92,9.49,1,1,N
João Guilherme Araújo,Masculino,1969-07-31,142630858,068.739.254-38,Asma,57,107,89,79,12,37.1,94,9.82,1,0,S
Erick Pires,Masculino,1960-05-27,431208657,952.871.043-32,Hipertensão,66,143,65,75,12,37.6,99,26.05,1,0,N
Sabrina Aragão,Feminino,1984-04-25,874210355,295.630.148-98,Doença Cardiovascular,42,148,59,64,13,36.3,91,53.21,1,1,S
Maria Helena Viana,Feminino,1945-06-17,408251360,689.350.124-24,Doença Cardiovascular,81,108,53,65,19,36.0,96,11.47,1,0,N
Liam Sampaio,Masculino,1974-06-06,680417254,814.765.392-19,Asma,52,103,46,93,15,36.8,96,93.51,1,0,N
Nicolas Cassiano,Masculino,1953-09-13,80764352X,917.402.635-61,Diabetes,73,129,72,52,28,35.6,100,85.43,1,0,N
Maria Flor Cirino,Feminino,1987-10-06,438025714,618.274.503-71,Asma,39,108,75,109,27,36.4,99,97.16,1,0,N
Renan da Costa,Masculino,1977-03-27,368471202,648.712.395-19,Hipertensão,49,132,70,71,17,36.5,92,4.25,1,1,N
Kaique Santos,Masculino,2004-12-12,076483526,309.251.746-61,Hipertensão,21,124,98,81,27,36.5,100,85.14,1,0,N
Ravi Araújo,Masculino,1988-12-25,653217407,568.907.213-30,Hipertensão,37,89,98,51,25,36.6,92,80.37,1,1,S
Noah Leão,Masculino,1992-12-25,601348722,816.043.257-71,Hipertensão,33,150,74,84,15,35.8,100,90.21,1,0,N
Vinícius Carvalho,Masculino,1962-04-10,541860732,578.639.024-10,Doença Cardiovascular,64,155,53,76,10,35.9,94,52.79,1,0,N
Isabelly da Cunha,Feminino,1969-07-27,021863477,782.543.019-05,Doença Cardiovascular,57,107,71,83,16,35.9,97,78.79,1,0,N
Lucas Ramos,Masculino,1998-09-14,056172382,307.248.196-22,Doença Cardiovascular,28,112,71,121,14,35.2,97,5.13,1,0,N
Rael Freitas,Masculino,1993-07-25,146803528,273.064.891-78,Diabetes,33,125,70,89,19,36.8,97,7.59,1,0,N
Vitor Gabriel Silveira,Masculino,1963-02-08,012864353,652.037.481-44,Doença Cardiovascular,63,126,69,65,18,37.2,99,11.85,1,0,N
Ana Júlia da Mata,Feminino,1958-02-23,016357826,584.173.260-90,Diabetes,68,133,70,67,18,37.1,98,91.48,1,0,S
Ana Cecília Barbosa,Feminino,1964-06-02,286170358,806.429.513-06,Hipertensão,62,160,74,99,20,36.3,100,6.12,1,0,N
Henrique Mendes,Masculino,1970-01-26,321560474,958.763.120-02,Hipertensão,56,116,70,117,11,35.9,98,10.01,1,0,N
Lívia da Rosa,Feminino,1975-05-15,207546381,567.483.120-35,Nenhuma,51,104,83,92,20,37.1,91,93.04,0,1,N
Heitor Correia,Masculino,1968-10-05,34721650X,561.790.824-30,Doença Cardiovascular,58,92,85,102,15,37.0,98,10.74,1,0,N
Pietra da Cruz,Feminino,2001-10-14,385126475,276.140.398-31,Nenhuma,24,105,66,100,18,36.7,94,86.98,0,0,S
Miguel da Costa,Masculino,2005-07-06,138642576,973.648.521-82,Doença Cardiovascular,21,119,99,120,22,37.9,92,78.93,1,1,N
Lorenzo Vasconcelos,Masculino,1999-04-06,451627830,659.230.471-52,Doença Cardiovascular,27,155,65,40,11,36.5,95,4.03,1,0,N
Maria Helena Martins,Feminino,1965-10-29,487350613,534.078.621-80,Hipertensão,60,109,55,101,16,36.3,97,2.18,1,0,N
Maria Alice das Neves,Feminino,1950-04-20,863125402,518.632.907-02,Hipertensão,76,124,85,109,17,36.2,97,53.44,1,0,N
Luiz Miguel Moraes,Masculino,1960-05-23,537681425,406.817.923-96,Asma,66,119,67,51,15,35.3,100,99.72,1,0,N
Ravi Lucca Brito,Masculino,2000-09-15,276183058,629.437.510-06,Nenhuma,26,143,84,62,22,37.0,100,87.88,0,0,N
Luiza Costela,Feminino,1983-11-24,263850146,783.165.904-84,Nenhuma,42,170,43,63,14,36.4,98,31.0,0,0,N
Levi Jesus,Masculino,2004-02-26,627140853,316.748.205-26,Hipertensão,22,109,100,66,15,36.9,99,38.63,1,0,N
Henry Sousa,Masculino,1967-04-07,640235876,981.670.452-85,Asma,59,110,90,72,14,38.0,97,38.79,1,0,N
Allana da Luz,Feminino,2004-08-06,651237841,872.360.914-13,Asma,22,140,57,91,23,36.2,100,73.42,1,0,N
Maria Vitória da Rocha,Feminino,1937-06-25,53214708X,470.819.523-05,Nenhuma,89,133,57,106,15,34.6,98,34.11,0,0,N
Fernanda Farias,Feminino,1950-10-24,327184607,541.632.907-61,Doença Cardiovascular,75,156,105,112,20,36.9,96,14.78,1,0,S
Maria Helena Nunes,Feminino,1977-02-28,412307650,150.738.269-30,Hipertensão,49,131,68,64,27,36.6,100,74.71,1,0,N
Sara Novaes,Feminino,1948-04-28,635841721,308.265.941-15,Nenhuma,78,112,67,63,17,35.9,94,45.8,0,0,N
Maitê da Cunha,Feminino,2007-07-20,348726053,852.169.034-70,Hipertensão,19,131,46,117,23,36.8,100,7.68,1,0,N
Samuel Marques,Masculino,1985-06-06,613547822,578.290.614-67,Asma,41,142,74,101,26,37.1,91,79.01,1,1,N
Maria Cavalcante,Feminino,1991-11-25,318027458,019.826.754-11,Hipertensão,34,136,76,87,23,35.7,100,58.53,1,0,N
Yago Mendonça,Masculino,1982-07-21,16748302X,872.036.951-40,Diabetes,44,130,90,96,17,36.3,100,48.94,1,0,N
Ágatha Ramos,Feminino,1977-09-21,308165470,687.504.912-02,Nenhuma,49,141,59,84,21,37.7,89,67.33,0,1,N
Valentina Andrade,Feminino,1994-03-16,726058312,218.360.749-13,Hipertensão,32,143,57,98,11,35.9,97,50.54,1,0,N
Benicio Teixeira,Masculino,1946-09-28,704132680,465.913.280-33,Hipertensão,80,147,86,76,14,36.6,99,64.84,1,0,S
Noah Carvalho,Masculino,1958-11-05,120738545,168.240.937-69,Nenhuma,67,132,95,91,14,34.4,98,86.75,0,0,N
Ana Lívia Santos,Feminino,1953-09-05,761258401,298.604.357-74,Diabetes,73,116,56,47,29,35.3,98,61.35,1,0,S
Alexia Cunha,Feminino,1989-08-26,64231780X,213.609.548-05,Nenhuma,37,122,96,67,13,36.6,97,65.96,0,0,N
Mirella Freitas,Feminino,1991-06-01,725468038,347.812.065-90,Doença Cardiovascular,35,144,80,68,13,37.5,92,61.39,1,1,N
Rodrigo Ribeiro,Masculino,1971-04-09,64750831X,602.753.981-02,Diabetes,55,103,96,75,12,35.4,100,53.12,1,0,N
Allana Abreu,Feminino,1980-04-19,647305185,943.265.081-24,Doença Cardiovascular,46,127,78,61,20,36.6,94,17.2,1,0,N
Maria Sophia Albuquerque,Feminino,1991-06-22,631280753,568.730.942-00,Nenhuma,35,112,42,71,18,36.2,98,33.57,0,0,S
Vitória Silveira,Feminino,1974-06-23,617240383,329.416.807-13,Doença Cardiovascular,52,120,77,47,23,37.3,94,69.31,1,0,S
Zoe da Paz,Feminino,1981-08-05,345706821,976.081.453-66,Asma,45,145,95,98,21,35.5,87,42.55,1,1,N
Theodoro Sampaio,Masculino,1938-04-27,342187508,580.431.926-42,Asma,88,123,66,82,11,36.8,93,40.61,1,0,N
Felipe Caldeira,Masculino,1942-10-30,412086530,051.894.726-20,Diabetes,83,120,74,42,13,36.0,91,75.93,1,1,N
Valentina Cassiano,Feminino,1940-07-06,163480758,094.257.816-30,Diabetes,86,92,77,64,24,36.7,100,0.56,1,0,N
Evelyn Pinto,Feminino,1937-04-23,810362545,213.098.674-96,Nenhuma,89,134,40,93,16,36.6,94,67.9,0,0,N
Isis Fogaça,Feminino,2002-12-01,086217343,905.136.874-75,Asma,23,132,105,71,23,36.3,94,48.92,1,0,N
Maria Laura Barros,Feminino,1999-03-20,613405286,659.318.207-95,Hipertensão,27,163,66,67,17,36.9,92,37.68,1,1,S
Nathan Marques,Masculino,1959-12-11,34106287X,865.701.293-68,Nenhuma,66,113,87,83,13,36.5,97,34.05,0,0,N
Joaquim Sampaio,Masculino,1942-04-23,481062531,152.967.843-91,Nenhuma,84,124,78,93,16,36.4,94,17.29,0,0,N
Kaique Rodrigues,Masculino,2003-10-01,605347189,490.563.871-20,Diabetes,23,124,98,49,13,36.2,100,33.43,1,0,N
Arthur Gabriel Borges,Masculino,1961-10-12,360728546,928.104.367-03,Diabetes,65,151,86,98,15,36.6,98,39.14,1,0,N
Mateus Garcia,Masculino,1990-01-09,718602432,861.479.532-73,Asma,36,118,76,64,19,36.7,94,43.74,1,0,N
Renan Araújo,Masculino,2005-09-03,47501683X,914.860.725-85,Diabetes,21,125,66,84,20,35.7,100,67.23,1,0,N
Eloá Barros,Feminino,1958-03-12,126437804,245.370.986-00,Diabetes,68,132,91,84,10,36.2,97,45.36,1,0,N
Maya Ramos,Feminino,1940-07-24,71648352X,089.437.526-10,Hipertensão,86,123,51,71,17,35.7,97,79.63,1,0,N
Aylla Moura,Feminino,1981-03-28,762310583,871.926.540-94,Asma,45,111,89,59,15,36.5,91,63.97,1,1,N
Ian Cunha,Masculino,1958-10-10,072483519,249.057.368-38,Nenhuma,68,123,63,77,14,36.0,96,18.96,0,0,N
Olívia da Mata,Feminino,2001-10-09,235108649,658.412.307-35,Diabetes,24,141,98,125,18,37.1,98,27.72,1,0,N
Breno Rodrigues,Masculino,1968-05-06,13028564X,279.408.365-10,Nenhuma,58,99,82,50,15,37.0,100,7.92,0,0,S
Yago Nunes,Masculino,1960-06-17,623087145,172.059.368-02,Diabetes,66,122,89,127,24,35.8,93,94.57,1,1,N
Felipe Dias,Masculino,1948-07-14,251738048,619.307.458-93,Doença Cardiovascular,78,105,81,78,23,36.5,100,88.66,1,0,N
Giovanna Pastor,Feminino,1957-11-17,258307614,028.579.431-05,Asma,68,143,53,85,23,37.0,99,8.48,1,0,N
Maria Laura Barbosa,Feminino,1994-04-25,853642709,210.487.569-20,Hipertensão,32,89,67,57,15,36.4,90,57.41,1,1,N
Elisa Nunes,Feminino,1947-05-30,082746138,914.580.623-33,Diabetes,79,108,90,65,13,35.9,93,96.04,1,0,N
Mathias Rocha,Masculino,2000-01-10,561284039,153.086.942-06,Diabetes,26,127,82,72,18,35.6,100,74.71,1,0,N
Lucas Gomes,Masculino,1947-08-30,713864059,731.948.625-37,Diabetes,79,151,97,58,17,37.2,100,49.18,1,0,N
Bruno Montenegro,Masculino,1944-05-22,65023814X,287.301.546-26,Nenhuma,82,118,86,79,14,37.2,97,24.11,0,0,N
Ana Júlia Brito,Feminino,2002-03-11,01256834X,387.594.026-10,Asma,24,108,65,74,12,36.3,97,27.9,1,0,N
Isabel Barbosa,Feminino,1965-08-25,687120457,078.432.165-53,Diabetes,61,157,68,131,17,37.1,92,73.62,1,1,N
Maria Laura Vasconcelos,Feminino,1976-09-29,107534265,709.421.583-50,Nenhuma,50,91,81,55,15,34.1,100,78.06,0,0,N
Arthur Porto,Masculino,1981-08-21,413785063,385.620.149-15,Diabetes,45,76,45,87,21,37.6,93,52.87,1,0,N
Rael Mendonça,Masculino,1986-11-01,621405838,495.670.213-25,Doença Cardiovascular,39,128,105,91,21,36.4,100,12.09,1,0,N
Maria Alice Novaes,Feminino,1956-04-09,231465087,238.960.175-86,Hipertensão,70,109,86,58,23,36.6,100,93.39,1,0,N
Pedro Cirino,Masculino,1997-08-24,408235767,510.469.827-02,Doença Cardiovascular,29,99,98,102,11,36.2,97,84.48,1,0,N
Maria Helena Barros,Feminino,1953-12-12,540628311,710.453.268-44,Asma,72,134,56,75,20,37.6,100,14.05,1,0,N
Juan da Cruz,Masculino,1944-01-07,718204360,315.476.982-09,Asma,82,124,98,40,14,35.7,100,5.67,1,0,N
Antonella da Mata,Feminino,2004-10-04,051236874,087.512.463-17,Hipertensão,22,108,113,101,11,37.7,98,53.59,1,0,N
Maria Helena Silva,Feminino,2002-02-11,062873453,753.460.918-66,Nenhuma,24,94,60,57,15,36.8,96,28.41,0,0,N
Mathias Dias,Masculino,1942-10-30,730146820,532.784.069-74,Hipertensão,83,137,91,58,23,37.0,96,28.32,1,0,N
Bianca Borges,Feminino,1938-08-13,418257309,016.894.372-78,Hipertensão,88,133,80,102,16,36.2,94,8.72,1,0,N
Lorena Macedo,Feminino,2000-01-01,52640713X,631.840.295-06,Doença Cardiovascular,26,118,56,76,25,35.5,93,95.34,1,0,N
Júlia Caldeira,Feminino,1970-04-05,867321404,641.580.397-20,Nenhuma,56,156,87,107,20,37.2,98,83.02,0,0,S
Aurora Cirino,Feminino,1970-07-22,215467036,451.983.260-89,Nenhuma,56,98,92,115,16,36.7,96,11.38,0,0,N
Pietro Novais,Masculino,1991-09-29,358401677,306.598.471-75,Hipertensão,35,89,70,68,23,37.6,98,87.66,1,0,S
Théo Jesus,Masculino,1978-07-14,217543601,489.126.573-64,Asma,48,106,97,104,20,36.3,91,68.3,1,1,N
Apollo Borges,Masculino,2007-11-07,602845130,130.852.674-17,Asma,18,119,54,66,13,36.2,96,32.54,1,0,N
Ayla Peixoto,Feminino,1962-03-13,548072632,875.124.603-17,Diabetes,64,124,57,140,27,37.6,100,87.13,1,1,N
Luan Gomes,Masculino,1967-12-07,684502173,358.017.469-00,Hipertensão,58,115,82,67,19,38.0,92,59.8,1,1,N
Lavínia Jesus,Feminino,1977-06-29,860374129,954.168.732-64,Diabetes,49,127,80,110,18,36.5,97,84.87,1,0,N
Antonella Silveira,Feminino,1968-05-25,671832542,935.208.467-56,Doença Cardiovascular,58,94,69,106,13,35.9,89,46.93,1,1,N
Isabelly Oliveira,Feminino,1937-03-11,013276487,798.610.245-49,Asma,89,148,92,92,23,37.1,91,50.07,1,1,S
Enzo Gabriel Rodrigues,Masculino,1971-08-23,365402874,184.930.526-98,Doença Cardiovascular,55,118,87,68,20,36.3,100,29.1,1,0,N
Enzo Gabriel Carvalho,Masculino,1984-10-12,251708469,564.281.793-00,Hipertensão,41,142,92,81,21,37.0,95,38.77,1,0,N
Kevin da Mata,Masculino,1960-11-03,625437184,034.867.512-71,Hipertensão,65,126,78,40,15,36.3,100,56.78,1,0,N
Diogo Azevedo,Masculino,1960-07-18,786120459,490.368.271-40,Hipertensão,66,129,89,90,22,37.8,98,94.71,1,0,N
Maya da Mota,Feminino,1941-12-12,235186077,329.741.086-87,Hipertensão,84,131,73,93,22,35.9,99,60.01,1,0,N
Kaique Mendes,Masculino,1962-10-01,806725138,197.806.425-01,Hipertensão,64,128,110,88,14,36.9,92,14.74,1,1,N
Luiz Miguel da Cunha,Masculino,1948-09-05,415267304,208.693.517-02,Asma,78,132,67,40,10,36.1,95,0.7,1,0,S
Sabrina Peixoto,Feminino,1981-04-19,582360171,386.509.741-39,Hipertensão,45,146,111,53,20,36.3,94,85.1,1,0,S
Fernanda Marques,Feminino,1985-03-11,76012534X,193.657.208-77,Asma,41,123,80,66,10,36.2,92,36.43,1,1,N
Catarina da Rosa,Feminino,2002-09-01,036154271,950.627.841-58,Asma,24,134,59,92,18,37.1,99,31.5,1,0,N
Miguel Farias,Masculino,1943-11-04,451602389,793.201.564-25,Hipertensão,82,118,100,92,15,37.2,100,80.07,1,0,N
Maria Helena Farias,Feminino,2004-01-01,861025374,974.031.865-75,Asma,22,148,81,80,24,36.9,98,94.54,1,0,N
Lucas Gabriel Lopes,Masculino,2005-11-08,625480132,563.817.420-62,Hipertensão,20,106,92,100,16,36.4,93,74.8,1,0,N
Catarina da Rosa,Feminino,1950-02-18,172845063,235.170.894-60,Diabetes,76,156,98,59,23,36.6,98,17.38,1,0,N
Guilherme Mendes,Masculino,1982-01-15,413687053,192.460.853-70,Hipertensão,44,119,85,100,15,37.2,89,39.14,1,1,N
Emanuelly Gonçalves,Feminino,1957-01-31,328641509,102.384.596-24,Nenhuma,69,91,71,96,22,37.2,100,75.94,0,0,N
Lavínia Sousa,Feminino,1993-08-13,631208458,476.502.389-38,Doença Cardiovascular,33,122,94,94,28,34.3,91,90.69,1,1,N
Rebeca Oliveira,Feminino,1993-03-01,20846735X,304.976.521-61,Doença Cardiovascular,33,106,80,80,12,36.3,92,99.86,1,1,S
Lunna Garcia,Feminino,1961-08-21,068547328,439.658.210-24,Hipertensão,65,136,90,130,19,36.3,97,51.16,1,1,N
Matteo Fonseca,Masculino,2007-07-18,382417653,954.316.802-42,Asma,19,106,47,97,31,37.0,97,82.25,1,0,N
Gabriela Pastor,Feminino,1971-11-11,107658239,093.582.761-77,Doença Cardiovascular,54,111,86,60,18,36.4,96,4.66,1,0,N
Fernando Rodrigues,Masculino,1981-02-20,61375248X,623.851.907-02,Asma,45,82,70,91,18,37.1,92,28.58,1,1,N
Amanda Siqueira,Feminino,1978-11-02,714526381,129.480.635-15,Asma,47,110,104,103,21,35.6,100,37.15,1,0,N
Giovanna Macedo,Feminino,2008-02-20,07461583X,259.034.671-99,Hipertensão,18,71,89,70,18,36.7,90,97.55,1,1,N
Bernardo Vieira,Masculino,1962-05-28,531860425,419.326.750-43,Hipertensão,64,88,83,112,10,37.2,91,0.34,1,1,N
Sara Carvalho,Feminino,1954-03-11,712635841,709.852.143-41,Doença Cardiovascular,72,135,87,94,23,35.3,96,30.8,1,0,N
Isaque da Cunha,Masculino,1973-03-22,370562148,375.021.864-17,Asma,53,135,65,40,10,38.5,91,93.04,1,1,N
Otávio Vieira,Masculino,2007-06-08,18536472X,546.917.823-46,Asma,19,128,104,92,15,37.5,100,30.67,1,0,N
Brayan Machado,Masculino,2001-10-03,502134768,768.094.315-00,Hipertensão,25,100,109,74,24,36.5,92,22.51,1,1,N
Pietra Pacheco,Feminino,1937-06-15,024873652,912.304.865-42,Nenhuma,89,119,85,98,16,35.8,100,73.01,0,0,N
Yasmin Montenegro,Feminino,1958-12-31,618540325,514.072.963-61,Diabetes,67,119,103,108,14,36.4,100,74.53,1,0,N
Yago Andrade,Masculino,1947-12-04,315084273,486.230.715-90,Hipertensão,78,96,71,89,22,36.6,100,47.22,1,0,N
Zoe Peixoto,Feminino,1983-02-24,065371483,495.378.612-28,Hipertensão,43,150,68,126,13,36.9,100,94.69,1,1,S
Bianca Vargas,Feminino,1986-11-18,281530762,561.782.034-62,Nenhuma,39,137,80,80,11,37.7,97,20.27,0,0,N
Maria Cavalcante,Feminino,1954-12-13,216738453,528.407.963-92,Asma,71,115,86,100,19,36.1,92,91.34,1,1,N
Murilo Sá,Masculino,2008-06-18,637052419,507.314.286-17,Nenhuma,18,120,74,105,17,37.0,96,75.55,0,0,N
Pedro Caldeira,Masculino,1960-05-19,307618456,129.375.084-05,Hipertensão,66,124,88,82,11,35.5,94,36.82,1,0,N
Carlos Eduardo da Luz,Masculino,1955-08-29,826105439,342.108.695-89,Asma,71,79,84,104,21,36.2,94,80.69,1,0,N
Thomas Souza,Masculino,2008-05-21,65478310X,985.364.701-00,Doença Cardiovascular,18,115,65,70,20,36.8,97,13.32,1,0,N
Hellena Machado,Feminino,1983-09-07,276480132,137.960.845-75,Doença Cardiovascular,43,106,87,74,16,37.1,95,13.1,1,0,N
Matteo Martins,Masculino,1983-11-18,762408534,713.950.682-59,Hipertensão,42,99,92,52,16,35.9,93,92.99,1,0,N
Sarah Cassiano,Feminino,1960-01-17,018263744,975.182.634-91,Diabetes,66,114,82,91,20,36.1,96,9.48,1,0,N
Apollo Mendes,Masculino,1938-01-12,682134053,358.764.201-07,Doença Cardiovascular,88,155,97,93,23,37.7,99,0.41,1,0,N
Laís Leão,Feminino,1999-05-28,123874506,419.830.276-69,Doença Cardiovascular,27,132,61,114,16,37.4,100,38.9,1,0,N
Danilo Siqueira,Masculino,2003-05-20,37628514X,243.085.971-88,Doença Cardiovascular,23,108,87,104,21,36.7,90,10.39,1,1,N
Marcela das Neves,Feminino,1936-07-09,647382519,064.592.738-47,Hipertensão,90,131,62,77,20,34.7,95,86.3,1,0,N
Mirella Viana,Feminino,1977-08-14,287465032,506.419.372-61,Diabetes,49,147,63,55,22,38.5,96,92.27,1,0,N
Stephany Mendes,Feminino,1957-11-03,465120738,901.268.473-04,Nenhuma,68,138,70,95,18,36.5,92,48.24,0,1,S
Olívia Brito,Feminino,1950-04-26,653420870,954.268.071-67,Asma,76,121,65,112,13,36.2,96,42.55,1,0,N
Milena Dias,Feminino,1970-01-23,628354071,265.130.987-77,Asma,56,107,71,103,15,36.1,97,53.9,1,0,S
Kaique Aparecida,Masculino,1964-02-05,50436182X,805.634.179-00,Doença Cardiovascular,62,133,76,112,19,36.8,99,22.62,1,0,N
Alícia Fernandes,Feminino,1986-07-02,217408631,513.260.879-59,Diabetes,40,127,92,79,27,36.8,97,29.8,1,0,N
Enzo Sousa,Masculino,1955-06-22,021673585,547.906.281-67,Hipertensão,71,137,75,73,15,37.3,93,10.1,1,0,N
Stella Cavalcanti,Feminino,1963-02-16,453786017,038.741.629-31,Hipertensão,63,132,56,66,22,35.8,100,44.65,1,0,N
Emanuel Farias,Masculino,1962-07-09,145603726,402.865.713-07,Diabetes,64,140,97,83,16,36.3,100,61.17,1,0,N
Mariane Martins,Feminino,1973-02-28,320781653,980.562.371-86,Asma,53,109,67,83,18,38.1,99,93.02,1,0,N
Nathan Pires,Masculino,2008-04-12,725048165,534.971.026-52,Doença Cardiovascular,18,146,79,90,25,36.7,100,73.91,1,0,N
Francisco Porto,Masculino,1966-09-25,673580143,693.240.715-99,Diabetes,60,123,86,81,21,36.4,97,72.31,1,0,N
Maria Laura Alves,Feminino,1987-05-17,635147026,597.314.082-23,Hipertensão,39,161,82,81,11,35.7,100,30.8,1,0,S
Rael Pastor,Masculino,1945-05-27,187604253,543.719.802-79,Asma,81,106,96,65,15,36.9,97,88.83,1,0,N
Maria Julia Abreu,Feminino,1961-01-07,841326071,129.504.638-51,Doença Cardiovascular,65,154,87,108,24,37.3,97,94.7,1,0,S
Gabrielly da Mota,Feminino,1954-11-02,675430288,387.914.065-01,Diabetes,71,123,67,86,18,37.2,99,93.23,1,0,S
Cauã Nascimento,Masculino,1949-10-28,863501746,781.643.509-66,Asma,76,106,112,80,12,36.3,100,3.88,1,0,N
Luiz Otávio Duarte,Masculino,1956-04-20,547231064,694.180.357-66,Hipertensão,70,110,82,66,13,36.8,100,60.44,1,0,N
Natália Camargo,Feminino,1941-10-28,647508321,983.140.675-39,Hipertensão,84,113,77,51,21,37.8,99,64.32,1,0,N
Rebeca Moura,Feminino,1968-08-01,456081379,401.628.579-85,Hipertensão,58,128,94,117,22,37.4,99,29.51,1,0,N
Mathias Pimenta,Masculino,1984-10-14,018253672,934.875.210-32,Hipertensão,41,130,83,98,18,35.9,99,99.24,1,0,N
Danilo Ferreira,Masculino,1994-07-18,504718629,843.921.706-40,Nenhuma,32,108,85,44,30,34.5,100,29.12,0,0,N
Raul Pinto,Masculino,2002-06-02,102768535,801.627.534-62,Diabetes,24,119,117,104,22,36.7,100,21.66,1,0,N
Kaique Pimenta,Masculino,1998-08-19,684201379,962.805.147-49,Asma,28,162,75,108,16,37.1,96,48.41,1,0,N
Bryan Rocha,Masculino,2001-02-20,812473565,029.754.138-23,Nenhuma,25,154,75,88,13,35.6,100,32.31,0,0,N
Luara Campos,Feminino,1937-06-03,584017236,017.842.536-26,Nenhuma,89,128,81,124,13,36.5,98,92.4,0,1,N
Leandro Camargo,Masculino,1945-02-15,164235802,590.274.861-58,Asma,81,120,96,90,19,36.3,99,44.01,1,0,N
Maria Fernanda Sales,Feminino,1991-05-17,784206533,614.835.972-37,Hipertensão,35,122,57,49,15,36.6,100,41.01,1,0,S
Thomas Gomes,Masculino,1953-06-24,276503843,367.950.284-29,Diabetes,73,132,50,94,26,36.1,99,62.59,1,0,N
Cecilia Oliveira,Feminino,1948-09-02,713052685,108.759.346-84,Asma,78,99,71,91,25,37.5,100,8.11,1,0,N
Otávio Cirino,Masculino,1940-06-26,680743121,357.248.619-09,Doença Cardiovascular,86,114,55,69,21,36.6,95,75.67,1,0,N
Vitor Gabriel Sales,Masculino,1977-06-29,53816704X,259.371.048-97,Hipertensão,49,86,73,99,12,35.8,100,76.84,1,0,N
Eloah Mendonça,Feminino,1953-01-14,056821372,910.283.546-06,Hipertensão,73,127,87,43,14,37.2,99,47.4,1,0,S
Davi Miguel Cirino,Masculino,1942-02-14,457802133,563.178.204-90,Doença Cardiovascular,84,132,66,109,24,35.5,97,95.57,1,0,S
Milena Pinto,Feminino,1941-03-31,72481503X,891.405.632-51,Nenhuma,85,110,58,63,15,37.5,100,57.93,0,0,N
Luiz Henrique Albuquerque,Masculino,1988-07-12,827134605,420.671.398-78,Asma,38,151,81,60,23,37.3,100,69.52,1,0,N
Catarina Correia,Feminino,1989-07-05,176532407,068.124.573-53,Asma,37,95,92,82,20,37.6,92,92.43,1,1,N
Sofia Rezende,Feminino,1960-08-24,154236780,491.078.235-41,Nenhuma,66,90,54,95,18,36.4,93,66.63,0,0,N
Maria Luísa Rodrigues,Feminino,2002-02-04,306175289,217.583.940-05,Diabetes,24,124,92,89,14,36.1,100,43.18,1,0,N
Maria Vitória Santos,Feminino,1940-11-17,326815478,140.562.387-07,Hipertensão,85,140,92,66,17,36.6,98,2.48,1,0,N
Rebeca Cavalcante,Feminino,1978-04-14,832605748,367.098.521-21,Diabetes,48,153,94,72,18,36.4,97,72.83,1,0,N
Arthur Vieira,Masculino,2006-03-27,25148760X,981.573.620-59,Doença Cardiovascular,20,110,98,56,23,36.0,96,96.49,1,0,S
João Vitor Andrade,Masculino,2006-06-28,306481753,741.265.089-02,Nenhuma,20,141,113,79,13,36.1,100,47.02,0,0,N
Henry Gabriel Nascimento,Masculino,1981-10-22,205314685,398.045.762-10,Doença Cardiovascular,44,119,74,111,16,36.2,100,33.98,1,0,N
Eloá Vasconcelos,Feminino,1959-11-25,785062415,824.617.930-69,Nenhuma,66,116,81,84,18,35.6,94,51.93,0,0,N
Sabrina Novaes,Feminino,1984-04-13,275431083,704.931.265-70,Asma,42,137,73,106,21,37.0,96,72.84,1,0,N
Brenda Oliveira,Feminino,1980-06-17,078164357,634.829.571-00,Diabetes,46,133,80,121,13,36.5,95,0.07,1,0,N
João Felipe Vasconcelos,Masculino,1939-11-04,238567047,513.069.487-20,Nenhuma,86,88,102,70,11,36.3,99,88.72,0,0,N
Luiz Otávio Nogueira,Masculino,1945-11-13,576834014,218.946.035-24,Asma,80,149,59,80,21,35.6,100,88.64,1,0,N
Maysa Nogueira,Feminino,2002-10-04,170325842,689.304.152-70,Asma,24,147,67,139,10,35.6,100,54.13,1,1,N
Otávio Caldeira,Masculino,2003-05-20,673208540,351.074.296-61,Nenhuma,23,107,100,121,24,38.0,100,12.24,0,0,N
Isadora da Rosa,Feminino,1949-04-16,346207514,254.789.610-94,Asma,77,127,95,43,17,36.0,100,67.18,1,0,N
Milena da Luz,Feminino,1988-03-05,286713548,317.940.562-70,Diabetes,38,129,74,94,10,37.0,94,13.78,1,0,N
Aurora Macedo,Feminino,1942-06-06,374156025,247.031.695-25,Asma,84,125,92,85,15,36.6,93,50.75,1,0,N
Isabela Costela,Feminino,1967-05-08,438507617,419.863.257-09,Doença Cardiovascular,59,108,85,105,19,34.3,100,9.36,1,0,S
Paulo Cavalcante,Masculino,1985-10-16,475130868,549.670.382-47,Asma,40,106,102,66,15,37.9,97,58.91,1,0,S
Davi Miguel Viana,Masculino,1951-02-02,710264355,016.257.384-71,Hipertensão,75,119,81,64,18,37.0,91,31.81,1,1,N
Gabrielly Araújo,Feminino,1988-01-31,623054814,781.624.095-30,Hipertensão,38,143,95,68,21,35.9,95,83.1,1,0,N
Luiz Fernando Nascimento,Masculino,1963-12-27,538276411,591.637.840-84,Asma,62,130,119,70,16,36.5,98,79.99,1,0,N
Vitor Gabriel Cavalcante,Masculino,1981-05-27,831256746,136.078.592-21,Doença Cardiovascular,45,112,88,105,13,35.6,94,99.85,1,0,N
João Vitor da Rocha,Masculino,1949-10-21,120743863,298.457.603-92,Diabetes,76,135,80,55,16,38.0,92,25.75,1,1,N
João Felipe Moraes,Masculino,1995-06-05,461583276,965.032.487-92,Diabetes,31,70,90,69,25,35.8,96,6.18,1,0,N
Catarina Sá,Feminino,1987-06-12,436105871,540.782.196-67,Diabetes,39,142,74,40,26,36.1,92,44.3,1,1,N
Bento da Mota,Masculino,1971-11-25,263814750,942.038.576-00,Doença Cardiovascular,54,85,115,110,10,35.9,99,8.34,1,0,N
Caroline da Cruz,Feminino,1987-04-21,852413609,907.465.318-93,Nenhuma,39,112,82,116,23,36.6,89,17.85,0,1,N
Lorenzo da Cruz,Masculino,1969-12-30,407615283,318.490.526-89,Hipertensão,56,97,75,76,19,37.6,97,59.73,1,0,N
Rebeca Casa Grande,Feminino,1989-02-23,012538747,574.980.316-39,Doença Cardiovascular,37,94,67,77,22,37.9,99,59.21,1,0,N
João Felipe Pires,Masculino,1978-12-12,052173847,659.304.712-07,Diabetes,47,143,96,96,15,36.2,96,4.33,1,0,N
Maria Flor Machado,Feminino,1998-08-04,305614824,895.073.162-21,Diabetes,28,110,93,121,10,36.8,100,44.29,1,1,N
Ayla Guerra,Feminino,1968-01-18,364510821,852.947.361-28,Diabetes,58,126,72,95,20,36.6,91,53.02,1,1,S
João Lucas Sales,Masculino,1972-10-18,084761532,015.279.648-76,Asma,53,119,88,67,13,35.7,94,26.8,1,0,N
Rafael Mendonça,Masculino,1941-07-20,815026341,895.064.731-10,Diabetes,85,129,57,44,11,38.4,95,87.2,1,0,S
Agatha Vasconcelos,Feminino,2006-11-10,54027186X,789.124.056-67,Doença Cardiovascular,19,121,82,57,11,37.6,99,16.11,1,0,S
Raul Porto,Masculino,1954-12-17,302518460,146.735.290-06,Diabetes,71,94,86,86,21,36.7,97,25.39,1,0,N
Benício Vieira,Masculino,1999-11-07,136758204,654.018.937-01,Nenhuma,26,139,105,68,18,37.8,100,15.7,0,0,N
Maria Laura Cunha,Feminino,1977-10-01,817630521,263.457.910-16,Doença Cardiovascular,49,110,68,89,21,37.5,93,11.65,1,0,N
Heitor Monteiro,Masculino,1949-07-25,746302587,357.068.921-21,Asma,77,88,60,71,21,36.6,91,87.9,1,1,N
Luna da Paz,Feminino,1944-10-17,180247566,512.897.034-50,Nenhuma,82,111,66,58,15,36.8,100,27.79,0,0,N
Yan Oliveira,Masculino,1991-05-07,063147257,873.014.652-62,Diabetes,35,150,59,55,17,37.7,91,72.25,1,1,N
Raquel Viana,Feminino,1949-06-25,214608578,604.873.125-62,Diabetes,77,137,100,124,15,35.7,99,42.8,1,1,N
Ana Julia Aparecida,Feminino,1997-09-10,378520465,298.746.135-64,Doença Cardiovascular,29,113,103,107,16,37.8,93,63.59,1,0,N
Raul Almeida,Masculino,1990-12-14,673805128,210.546.973-61,Doença Cardiovascular,35,113,84,128,13,36.3,88,92.82,1,1,S
Emanuel Macedo,Masculino,1952-05-13,237168042,729.610.358-21,Hipertensão,74,113,98,98,19,37.7,95,84.46,1,0,N
Alexandre Lima,Masculino,1964-07-21,623814055,540.283.176-90,Asma,62,161,82,74,23,36.5,100,6.9,1,0,N
Davi Lucca Rezende,Masculino,1996-10-10,68345027X,753.928.046-83,Doença Cardiovascular,29,127,78,118,13,36.8,92,84.52,1,1,N
Emanuel da Mota,Masculino,1957-05-27,76032184X,062.478.913-69,Asma,69,128,75,84,24,36.5,99,45.18,1,0,N
Luiz Miguel da Cunha,Masculino,1965-11-03,748612300,467.192.830-22,Nenhuma,60,140,75,90,18,36.1,100,35.01,0,0,N
Marcelo Rios,Masculino,1982-07-04,258437108,916.783.045-57,Asma,44,124,56,83,19,36.3,91,67.24,1,1,N
Ana Júlia Gonçalves,Feminino,1951-09-04,654372081,720.154.693-70,Nenhuma,75,114,83,40,10,37.6,96,95.02,0,0,N
Isabel Lima,Feminino,1954-01-23,857402638,970.643.582-47,Hipertensão,72,116,79,125,10,34.6,100,9.41,1,0,N
Aylla Abreu,Feminino,1960-11-28,416305726,524.918.703-04,Asma,65,118,91,97,18,35.5,99,76.81,1,0,S
Rhavi Barbosa,Masculino,1953-04-26,834012674,023.619.475-52,Nenhuma,73,119,81,93,21,35.9,95,20.35,0,0,N
Heloisa Moreira,Feminino,1936-04-02,170562384,740.981.235-41,Doença Cardiovascular,90,134,77,83,14,35.6,98,38.01,1,0,N
Alexia Albuquerque,Feminino,2000-10-02,086527344,270.645.189-02,Diabetes,26,121,66,89,26,37.7,94,87.38,1,0,N
Dante Lima,Masculino,1985-08-22,487513265,803.621.947-69,Nenhuma,41,134,81,70,21,37.5,100,54.58,0,0,N
Pietra Barbosa,Feminino,1956-04-15,570816324,483.025.967-10,Asma,70,118,91,100,13,37.0,100,6.75,1,0,N
Maria Isis Borges,Feminino,1947-07-07,018572364,756.429.081-11,Diabetes,79,121,62,52,18,36.0,97,50.8,1,0,S
Cauã Dias,Masculino,1940-03-29,167503844,489.356.270-38,Nenhuma,86,80,81,89,30,37.6,97,78.96,0,0,N
Kaique Carvalho,Masculino,1971-10-19,065742837,239.648.701-96,Nenhuma,54,138,83,99,11,35.2,93,52.89,0,0,N
Catarina Ramos,Feminino,2001-08-22,236175087,046.239.518-98,Diabetes,25,126,69,80,20,38.2,91,16.69,1,1,N
Ana Lívia Moura,Feminino,1940-02-25,620831571,654.038.971-00,Nenhuma,86,139,71,94,16,36.0,95,44.5,0,0,N
Alexia Pimenta,Feminino,1990-11-27,42356187X,501.836.497-10,Doença Cardiovascular,35,70,83,60,21,36.3,96,92.43,1,0,S
Pedro Lucas Ferreira,Masculino,1967-02-21,537820413,189.053.672-59,Diabetes,59,161,62,60,24,36.2,100,65.82,1,0,N
Dom Jesus,Masculino,1984-12-12,716524831,210.436.857-07,Diabetes,41,117,85,90,16,35.6,100,72.99,1,0,N
Melina Cunha,Feminino,2001-05-06,672034517,164.390.578-39,Diabetes,25,142,66,101,23,38.0,97,78.59,1,0,N
Carlos Eduardo Carvalho,Masculino,1968-04-18,482167300,314.067.892-40,Asma,58,99,95,40,29,37.1,100,9.07,1,0,N
Maria Isis Ferreira,Feminino,2007-01-29,46538710X,325.780.619-12,Asma,19,132,115,98,18,37.5,93,58.15,1,0,N
Luara Vieira,Feminino,1984-12-24,436281570,426.503.198-60,Hipertensão,41,98,67,71,21,35.5,100,37.59,1,0,S
Josué da Mota,Masculino,1958-12-26,865134078,273.045.861-17,Asma,67,107,88,80,15,36.6,93,13.92,1,0,N
Isadora Novaes,Feminino,1992-01-21,647218033,048.319.562-60,Doença Cardiovascular,34,158,69,51,18,36.9,100,20.27,1,0,N
Larissa Vasconcelos,Feminino,2002-07-02,754302684,457.098.621-85,Nenhuma,24,116,95,63,17,36.7,96,78.12,0,0,S
Liz Costela,Feminino,1986-09-14,635824012,734.510.298-04,Doença Cardiovascular,40,124,61,109,21,35.6,89,16.15,1,1,N
Thomas Correia,Masculino,1979-12-12,502764818,140.358.769-84,Nenhuma,46,137,87,85,24,37.4,99,31.24,0,0,N
Juan Ramos,Masculino,2005-10-09,024736855,642.980.357-00,Nenhuma,20,129,66,75,17,36.6,100,28.49,0,0,N
Isaque Monteiro,Masculino,1977-04-18,071264589,834.190.625-24,Nenhuma,49,123,76,82,25,35.7,95,4.86,0,0,N
Brenda da Costa,Feminino,1988-10-28,781536248,247.039.168-78,Diabetes,37,127,64,97,25,35.0,95,46.22,1,0,N
Ana Sophia Moura,Feminino,1959-01-13,457601280,571.392.068-21,Diabetes,67,168,92,96,22,37.0,96,76.59,1,0,N
Luiz Miguel Dias,Masculino,1961-11-19,168245073,852.706.143-08,Doença Cardiovascular,64,118,67,83,15,38.5,89,2.22,1,1,N
Maria Julia Nunes,Feminino,1994-12-11,025687141,564.381.902-33,Doença Cardiovascular,31,124,88,112,14,35.7,87,11.26,1,1,N
Luiz Otávio Nogueira,Masculino,1962-10-14,218765046,120.395.846-33,Doença Cardiovascular,64,141,74,109,13,36.6,100,72.02,1,0,S
Ravy Vargas,Masculino,1957-08-29,746518328,974.832.516-46,Doença Cardiovascular,69,142,78,95,22,37.4,93,59.36,1,0,N
Allana Pastor,Feminino,1971-06-13,316504828,649.537.812-28,Diabetes,55,143,82,86,11,35.5,100,71.52,1,0,N
Anthony Gabriel da Luz,Masculino,1975-08-06,502136789,413.259.086-06,Diabetes,51,132,68,101,21,36.1,100,23.01,1,0,N
Ana Cecília Araújo,Feminino,1990-02-15,428351761,032.715.946-43,Diabetes,36,97,83,92,12,35.8,100,80.38,1,0,N
Sofia da Paz,Feminino,1952-05-24,104238574,532.697.480-00,Asma,74,152,102,111,22,37.3,94,47.99,1,0,S
Otávio Sampaio,Masculino,1948-03-11,85267014X,146.075.238-44,Doença Cardiovascular,78,97,68,107,18,37.6,90,61.03,1,1,N
Antonella Porto,Feminino,1986-03-06,014728357,508.247.136-80,Asma,40,126,97,59,24,36.6,92,9.22,1,1,N
Vitor Gabriel Pimenta,Masculino,1965-08-27,456271831,146.802.573-26,Diabetes,61,104,102,57,23,35.8,95,20.5,1,0,S
João Lucas Barros,Masculino,1999-12-25,061378422,765.143.098-01,Doença Cardiovascular,26,118,67,67,25,36.1,87,77.34,1,1,N
Bruno Moraes,Masculino,1959-06-03,387260456,783.620.459-65,Diabetes,67,126,58,109,25,36.0,95,22.39,1,0,N
Eduardo Nascimento,Masculino,1993-11-14,572318406,750.429.138-23,Nenhuma,32,126,84,45,18,35.7,96,9.25,0,0,N
Matteo Pastor,Masculino,2004-09-29,26048751X,513.720.896-59,Nenhuma,22,128,71,94,12,36.4,91,59.72,0,1,N
Ana Luiza das Neves,Feminino,1965-03-07,620458136,290.564.831-70,Asma,61,152,108,94,12,37.0,92,54.79,1,1,N
Isaque Araújo,Masculino,1999-02-27,168072543,031.759.268-86,Asma,27,129,80,114,10,36.9,96,60.79,1,0,N
Caio Lopes,Masculino,1969-08-23,702685343,952.704.381-60,Asma,57,115,67,89,12,36.5,98,61.83,1,0,N
Mirella Pimenta,Feminino,1946-11-21,263105477,658.913.042-60,Nenhuma,79,139,62,51,18,36.5,93,50.02,0,0,N
Ana Laura das Neves,Feminino,1989-08-10,302467518,170.964.823-69,Hipertensão,37,143,96,61,15,36.4,98,49.38,1,0,N
Emanuella Campos,Feminino,1963-11-21,201846354,253.417.089-97,Asma,62,95,71,55,17,35.5,97,92.42,1,0,S
Cecilia Sampaio,Feminino,2005-01-25,506814270,917.480.356-57,Diabetes,21,131,80,71,20,36.6,97,53.39,1,0,N
Enrico Monteiro,Masculino,1999-07-02,132876541,481.605.273-90,Doença Cardiovascular,27,134,94,80,16,36.0,94,61.73,1,0,N
Stephany Moreira,Feminino,1993-04-15,671450384,261.037.589-12,Asma,33,114,72,55,12,35.4,91,26.7,1,1,N
Enzo Freitas,Masculino,1963-08-04,405261780,153.428.079-05,Doença Cardiovascular,63,147,79,121,17,36.8,100,87.11,1,1,N
João Felipe Siqueira,Masculino,1999-04-10,437821055,567.108.932-86,Diabetes,27,116,79,51,13,36.0,99,2.44,1,0,N
Arthur Farias,Masculino,1946-08-25,273058411,312.786.954-19,Doença Cardiovascular,80,122,90,118,16,36.7,100,55.72,1,1,N
Júlia Moura,Feminino,1962-06-10,215347687,213.578.046-44,Asma,64,116,88,114,24,37.2,96,38.39,1,0,N
Julia Silva,Feminino,1967-06-15,178640530,948.036.712-22,Nenhuma,59,120,76,107,16,35.7,96,60.39,0,0,N
Breno Monteiro,Masculino,1995-06-01,105438273,120.854.639-24,Doença Cardiovascular,31,98,80,67,26,36.6,98,36.02,1,0,N
Thomas Fonseca,Masculino,2001-11-01,214673807,475.196.302-34,Asma,24,91,74,93,25,35.1,89,71.77,1,1,N
Sara Nunes,Feminino,1946-10-08,571834607,741.956.203-25,Diabetes,80,151,57,53,15,37.7,92,2.03,1,1,N
Léo Castro,Masculino,2004-10-21,051473689,364.092.875-00,Asma,21,103,83,107,12,35.4,93,40.59,1,0,N
Bella Oliveira,Feminino,1951-08-01,742850134,075.324.168-44,Diabetes,75,100,108,83,17,36.1,95,83.13,1,0,N
Ian Sousa,Masculino,1936-12-09,042687354,483.976.502-29,Hipertensão,89,76,66,74,23,37.6,93,25.02,1,0,N
Agatha Aparecida,Feminino,1970-03-22,265413801,357.402.819-97,Asma,56,107,68,54,15,36.3,98,5.28,1,0,N
Isabelly Aparecida,Feminino,1955-07-09,345201681,097.614.235-06,Doença Cardiovascular,71,93,66,40,22,35.5,97,49.65,1,0,N
Luiz Otávio Gomes,Masculino,1950-03-06,863701243,639.875.102-77,Diabetes,76,152,90,59,24,37.1,100,97.65,1,0,N
Emanuelly Andrade,Feminino,1972-01-18,408512635,962.543.108-05,Nenhuma,54,140,86,112,14,37.1,100,6.42,0,0,S
Mariah Câmara,Feminino,1947-04-20,548071639,547.069.183-75,Hipertensão,79,106,77,74,14,36.0,91,7.01,1,1,N
Isadora Leão,Feminino,1996-04-26,81067435X,359.416.208-70,Nenhuma,30,165,66,80,21,36.1,97,59.51,0,0,S
Júlia Barbosa,Feminino,1998-01-27,106278435,289.645.017-30,Hipertensão,28,139,81,101,18,36.2,97,25.01,1,0,S
Marcelo Campos,Masculino,1956-01-05,60742185X,560.271.348-44,Doença Cardiovascular,70,113,56,130,14,36.3,96,41.02,1,1,N
Ana Júlia Cavalcanti,Feminino,1949-08-10,134568709,790.324.865-00,Diabetes,77,70,82,118,16,35.0,92,83.05,1,1,N
Valentim Aparecida,Masculino,1980-01-16,206417858,572.461.839-73,Diabetes,46,165,93,60,17,36.4,93,19.88,1,0,N
Bernardo Martins,Masculino,1972-03-06,815637408,235.608.974-83,Diabetes,54,92,61,40,10,37.9,97,71.93,1,0,N
Luana Duarte,Feminino,1967-07-04,315687241,936.081.572-12,Diabetes,59,87,57,143,21,35.8,93,50.45,1,1,N
Mirella Albuquerque,Feminino,1997-11-28,07546231X,312.479.685-37,Doença Cardiovascular,28,140,103,141,15,36.0,97,90.5,1,1,N
Guilherme da Rocha,Masculino,1971-04-27,671054831,456.870.129-58,Hipertensão,55,168,70,89,10,35.6,96,97.3,1,0,N
Kevin Sousa,Masculino,1984-05-06,145607835,869.241.375-55,Nenhuma,42,147,97,53,17,37.0,97,48.5,0,0,N
Joaquim Martins,Masculino,1961-07-16,713824050,812.453.796-82,Nenhuma,65,131,77,109,14,37.5,93,58.46,0,0,N
Thales Vargas,Masculino,1943-06-25,128307456,827.304.965-56,Asma,83,131,77,82,26,37.4,97,74.58,1,0,N
Ísis Teixeira,Feminino,2005-04-23,146527835,149.657.382-09,Hipertensão,21,137,86,82,15,35.5,93,31.87,1,0,N
Clarice Abreu,Feminino,1987-04-14,671432850,792.405.816-85,Nenhuma,39,135,66,107,12,36.9,97,22.67,0,0,N
Apollo da Conceição,Masculino,1980-02-11,123650483,147.650.982-49,Diabetes,46,125,81,93,20,37.6,100,96.47,1,0,N
Manuella Porto,Feminino,1946-01-26,715643083,961.357.280-59,Nenhuma,80,122,74,55,14,36.9,98,43.26,0,0,N
Lucas Gabriel Abreu,Masculino,1973-08-12,358016423,849.513.027-05,Doença Cardiovascular,53,118,60,76,14,36.9,98,0.16,1,0,N
Lorena Caldeira,Feminino,1971-10-28,830257615,458.901.273-14,Doença Cardiovascular,54,104,85,101,20,36.1,100,83.77,1,0,N
Vinícius da Costa,Masculino,1951-07-17,134672057,174.652.398-00,Doença Cardiovascular,75,114,76,97,12,36.7,91,59.97,1,1,N
Rebeca Araújo,Feminino,1971-07-20,235687017,365.041.987-48,Asma,55,86,77,91,10,37.5,100,16.86,1,0,N
Lara Borges,Feminino,2005-08-05,463178026,702.138.654-08,Asma,21,118,61,108,26,36.8,92,3.01,1,1,N
Isabel Moreira,Feminino,1981-11-04,045863179,682.051.934-60,Doença Cardiovascular,44,100,103,75,20,35.5,100,29.15,1,0,N
Maria Fernanda Marques,Feminino,1960-06-16,425607811,813.647.209-22,Doença Cardiovascular,66,97,93,89,16,36.1,99,92.79,1,0,N
Calebe Montenegro,Masculino,1958-06-02,830475618,245.190.763-07,Asma,68,123,94,40,17,37.5,93,93.35,1,0,S
Maria Júlia Barbosa,Feminino,1980-11-22,470235184,235.406.917-07,Hipertensão,45,147,75,73,20,36.8,100,31.1,1,0,N
Ana Liz Lopes,Feminino,1980-05-23,870135624,297.301.864-13,Hipertensão,46,138,54,104,22,36.6,98,83.59,1,0,N
Isabela da Rocha,Feminino,1979-06-24,437581603,589.261.403-42,Hipertensão,47,88,109,75,14,36.1,100,44.18,1,0,N
Luara Gonçalves,Feminino,1974-05-29,154870237,487.190.623-03,Asma,52,100,79,73,19,37.5,97,65.43,1,0,N
Liam Machado,Masculino,1960-08-23,703241680,738.521.904-79,Nenhuma,66,138,68,58,15,37.8,96,33.44,0,0,N
Isabel Barbosa,Feminino,1962-12-31,04831657X,329.065.741-80,Doença Cardiovascular,63,100,86,110,17,37.5,94,51.6,1,0,N
Davi Luiz Vasconcelos,Masculino,1986-01-02,28417306X,576.184.230-08,Diabetes,40,115,97,98,18,37.7,90,29.38,1,1,N
Bianca Cassiano,Feminino,1945-02-04,014836257,692.073.415-06,Hipertensão,81,131,79,105,17,36.2,95,6.11,1,0,N
Enzo Machado,Masculino,1977-01-04,758342615,374.690.128-69,Diabetes,49,100,99,41,21,36.1,95,13.94,1,0,N
Luara Jesus,Feminino,1970-04-24,478602534,368.149.057-01,Doença Cardiovascular,56,122,96,80,20,36.4,98,29.07,1,0,N
Zoe Fogaça,Feminino,1937-01-13,170623841,871.532.409-50,Nenhuma,89,93,63,77,10,36.5,91,97.63,0,1,S
Rael das Neves,Masculino,1962-10-02,514680374,316.247.809-03,Hipertensão,64,107,69,77,11,37.6,96,96.57,1,0,N
João Campos,Masculino,1953-09-16,178523045,617.832.504-53,Diabetes,73,126,94,69,16,37.4,99,82.77,1,0,N
Emanuel Rodrigues,Masculino,2004-09-12,638017427,341.028.759-05,Diabetes,22,88,40,76,27,36.9,99,23.25,1,0,N
Ana Cecília Cunha,Feminino,1985-12-27,725306816,035.986.271-30,Diabetes,40,128,77,106,13,35.4,89,44.16,1,1,N
Clara Borges,Feminino,2002-03-09,637450826,450.679.381-10,Hipertensão,24,119,58,40,16,35.1,99,43.98,1,0,N
Luiz Henrique Gonçalves,Masculino,2001-08-18,803417627,490.653.728-65,Nenhuma,25,131,72,129,15,36.7,96,38.7,0,1,N
Ana Julia Rocha,Feminino,1982-01-06,078352642,534.809.216-98,Nenhuma,44,124,75,97,15,37.2,96,4.49,0,0,N
José Pedro Cavalcanti,Masculino,2001-07-30,168573027,240.613.579-99,Diabetes,25,147,74,83,18,36.4,87,53.45,1,1,N
Nathan Machado,Masculino,1970-07-04,174625303,581.076.923-30,Doença Cardiovascular,56,122,71,107,25,38.0,100,7.28,1,0,N
Yan da Cruz,Masculino,1956-03-22,045781369,318.694.250-06,Asma,70,111,63,48,20,35.6,97,80.19,1,0,N
Ravi Caldeira,Masculino,1960-08-13,542761385,528.617.409-49,Asma,66,122,114,68,13,35.5,90,69.13,1,1,N
Davi Albuquerque,Masculino,1993-09-10,317826402,071.583.462-26,Doença Cardiovascular,33,130,108,81,31,36.0,98,35.27,1,0,N
Hellena Cardoso,Feminino,1986-09-21,256803146,089.376.514-75,Nenhuma,40,120,62,119,18,35.9,98,64.71,0,1,S
Maria Liz Freitas,Feminino,2001-07-31,254083171,640.275.183-90,Nenhuma,25,120,103,83,15,36.9,100,23.3,0,0,N
José Pedro Barbosa,Masculino,2006-03-23,125830464,014.529.367-06,Nenhuma,20,105,74,96,25,36.2,95,26.53,0,0,N
Ana Luiza Costa,Feminino,1992-10-19,342601581,438.210.796-22,Hipertensão,33,106,81,70,15,35.3,97,31.41,1,0,N
Carolina Borges,Feminino,1977-07-09,530271680,461.258.703-08,Nenhuma,49,91,79,97,26,37.2,94,79.7,0,0,S
Camila Aparecida,Feminino,2002-04-11,074362586,193.206.578-40,Nenhuma,24,154,70,126,13,35.1,99,21.07,0,0,N
Benicio Cavalcante,Masculino,1987-06-08,642753015,826.941.730-04,Nenhuma,39,95,94,109,25,35.6,93,56.28,0,0,S
Pedro Silveira,Masculino,1980-03-24,025834769,738.654.921-00,Doença Cardiovascular,46,106,81,82,19,35.2,93,20.05,1,0,N
Theo Alves,Masculino,1995-02-12,513640824,609.425.371-06,Nenhuma,31,105,72,101,24,36.7,96,28.5,0,0,N
Mariane Cavalcanti,Feminino,1953-12-04,371850642,703.842.951-50,Asma,72,137,60,99,27,36.6,92,23.55,1,1,N
Hadassa Cirino,Feminino,1976-11-11,175820430,512.984.763-64,Nenhuma,49,114,66,97,12,38.0,100,64.5,0,0,N
João Lucas Machado,Masculino,2000-10-02,425167033,930.854.216-70,Diabetes,26,144,55,112,24,37.2,100,52.67,1,0,N
Ana Beatriz Pimenta,Feminino,1958-08-17,06517432X,849.750.162-49,Hipertensão,68,106,80,112,10,37.7,95,72.13,1,0,N
Joaquim Ramos,Masculino,2000-01-14,407862134,791.623.540-43,Nenhuma,26,125,62,81,12,36.7,91,21.99,0,1,N
Theo Jesus,Masculino,1963-10-14,246781506,286.075.139-40,Diabetes,63,103,76,101,13,35.7,98,0.91,1,0,N
Pietra Araújo,Feminino,1946-07-28,241805636,910.476.523-07,Doença Cardiovascular,80,162,100,75,20,36.6,95,68.05,1,0,N
Lara Gomes,Feminino,1959-03-23,510843268,780.965.214-11,Hipertensão,67,96,97,61,18,37.0,100,11.49,1,0,N
Mariah Costa,Feminino,1974-05-18,562047815,849.526.703-92,Doença Cardiovascular,52,126,79,78,17,37.1,93,24.63,1,0,N
Yago Vieira,Masculino,1969-07-09,751480368,567.109.243-43,Doença Cardiovascular,57,132,78,83,18,36.1,99,30.57,1,0,N
Mateus Viana,Masculino,2001-06-23,05271648X,045.761.389-01,Diabetes,25,128,108,43,20,36.9,97,74.68,1,0,N
Pietra Nogueira,Feminino,2004-11-19,023854765,165.208.374-07,Diabetes,21,116,87,106,21,35.8,94,62.59,1,0,N
Luiz Felipe Nunes,Masculino,1988-11-15,562471807,097.532.816-68,Nenhuma,37,117,75,40,23,35.7,97,18.43,0,0,N
Luna Gomes,Feminino,1940-08-17,021354674,792.164.853-37,Nenhuma,86,120,58,152,27,35.6,100,59.79,0,1,N
Emilly Alves,Feminino,1964-03-07,284716534,931.624.785-37,Hipertensão,62,117,85,122,17,36.5,97,70.81,1,1,N
Henry Alves,Masculino,1949-11-04,140678256,891.503.764-20,Nenhuma,76,139,92,78,15,35.6,97,38.89,0,0,N
Ana Laura Melo,Feminino,1991-12-13,34126507X,610.835.472-08,Asma,34,164,70,85,21,36.2,93,24.6,1,0,N
Maria Alice Vargas,Feminino,1987-09-18,624517809,102.679.354-80,Nenhuma,39,108,84,92,12,37.2,100,67.9,0,0,N
Igor Castro,Masculino,1962-04-19,34576108X,938.246.051-98,Hipertensão,64,92,74,70,14,35.7,100,61.09,1,0,N
Isadora Ribeiro,Feminino,1992-07-09,37204816X,148.056.392-70,Nenhuma,34,118,77,89,22,36.1,95,7.79,0,0,N
João Felipe Nascimento,Masculino,1970-04-29,067251389,723.496.058-92,Asma,56,171,42,81,17,36.6,96,66.67,1,0,N
Hellena Oliveira,Feminino,1952-01-17,823417505,107.358.269-86,Asma,74,103,76,82,11,36.7,100,48.85,1,0,N
Maria Cavalcanti,Feminino,1935-12-19,741205865,587.602.139-30,Diabetes,90,152,94,89,10,36.1,92,75.34,1,1,S
Isabela Pastor,Feminino,1961-09-28,476501234,796.453.820-92,Asma,65,153,70,52,18,37.1,99,19.07,1,0,N
Maria Alice Pastor,Feminino,1981-01-19,64218057X,254.738.016-17,Asma,45,108,80,85,23,37.0,94,25.82,1,0,N
Maria Nunes,Feminino,1976-10-04,502371468,287.136.490-78,Hipertensão,50,131,68,89,23,37.4,100,54.33,1,0,N
Cecília Nunes,Feminino,1992-12-14,541783063,571.803.496-66,Diabetes,33,152,85,88,18,36.4,97,48.17,1,0,N
Thales Nogueira,Masculino,2005-07-31,465387123,682.317.540-08,Doença Cardiovascular,21,112,76,79,28,36.1,100,38.64,1,0,N
Emanuella Mendonça,Feminino,1971-02-15,843065175,426.985.710-20,Diabetes,55,115,65,113,17,36.0,93,74.6,1,0,S
Ayla Araújo,Feminino,1958-09-04,607243855,685.497.102-02,Diabetes,68,108,99,76,17,36.7,92,56.48,1,1,S
Hellena Almeida,Feminino,2000-03-21,036427810,913.850.264-05,Doença Cardiovascular,26,99,93,90,10,36.2,96,71.03,1,0,N
Pietra Abreu,Feminino,1950-05-07,678234516,175.924.863-00,Nenhuma,76,107,70,117,15,36.0,98,15.33,0,0,N
Gabriela Cardoso,Feminino,1994-12-05,058473622,504.231.687-62,Nenhuma,31,95,87,83,22,36.1,94,72.9,0,0,S
Felipe Duarte,Masculino,1949-06-25,675281039,416.803.975-75,Asma,77,120,88,90,25,36.0,100,46.15,1,0,N
Alícia Casa Grande,Feminino,2003-03-05,354782010,708.915.326-68,Diabetes,23,104,89,82,13,36.7,96,3.38,1,0,N
Diego Vasconcelos,Masculino,1979-11-30,508234670,479.610.528-01,Asma,46,124,54,115,20,35.4,88,23.45,1,1,N
Vinicius Fonseca,Masculino,1957-04-28,752016842,690.254.781-58,Diabetes,69,88,95,78,23,36.7,99,2.58,1,0,N
Maria Fernanda Santos,Feminino,1940-02-29,176548324,602.549.871-76,Nenhuma,86,126,71,117,18,37.0,93,45.69,0,1,N
Beatriz Fernandes,Feminino,2000-05-01,140826737,089.312.576-86,Doença Cardiovascular,26,136,74,82,10,36.0,95,32.59,1,0,N
Luna Carvalho,Feminino,1973-12-16,856734202,530.648.972-92,Nenhuma,52,80,119,63,19,38.0,100,98.74,0,0,N
Pedro Henrique Vieira,Masculino,1972-07-18,647031280,698.312.475-82,Nenhuma,54,127,84,101,21,36.5,100,86.85,0,0,N
Luiza Cavalcanti,Feminino,1953-11-11,36740851X,015.796.238-59,Nenhuma,72,144,74,77,13,35.3,94,82.57,0,0,N
Henry Gabriel Rios,Masculino,1963-03-11,851074327,419.532.087-97,Nenhuma,63,95,46,100,16,36.3,99,50.11,0,0,N
Erick Garcia,Masculino,1986-11-22,764201839,921.730.846-31,Nenhuma,39,153,100,40,12,36.6,94,80.71,0,0,N
Juan Cardoso,Masculino,1997-12-28,851734625,179.435.028-41,Hipertensão,28,128,59,85,10,36.9,95,26.69,1,0,N
Alexandre Sampaio,Masculino,1957-07-05,701325847,837.105.962-03,Hipertensão,69,105,64,73,23,36.3,94,56.06,1,0,N
Matteo Vargas,Masculino,1950-08-26,361254076,471.865.230-80,Hipertensão,76,118,75,58,17,35.7,90,39.29,1,1,N
Ana Beatriz Cirino,Feminino,1957-05-11,685714020,963.240.158-15,Hipertensão,69,131,101,71,25,35.6,97,17.13,1,0,N
Luiza Pimenta,Feminino,1937-11-05,231874066,436.128.057-62,Diabetes,88,121,91,70,22,36.0,98,7.26,1,0,N
Bella Monteiro,Feminino,1982-10-03,071832646,390.247.861-69,Diabetes,44,130,77,83,16,36.1,94,55.82,1,0,S
Lucas Souza,Masculino,1966-07-04,783165407,240.935.786-56,Asma,60,101,84,50,17,35.6,100,9.76,1,0,N
Isaac Ferreira,Masculino,1962-08-27,67420315X,061.428.973-40,Asma,64,123,70,92,20,35.9,95,71.8,1,0,N
Enzo Porto,Masculino,1992-05-17,75428136X,832.456.910-33,Hipertensão,34,91,82,119,22,37.0,94,92.15,1,1,N
Lívia Machado,Feminino,2008-03-25,256134704,691.280.453-51,Diabetes,18,117,81,92,19,37.8,99,16.21,1,0,S
João Costela,Masculino,1968-05-08,37865410X,875.601.349-39,Doença Cardiovascular,58,101,94,105,23,37.1,90,47.09,1,1,N
Ana Lívia Ferreira,Feminino,1963-08-19,42035816X,612.709.843-22,Nenhuma,63,105,94,112,16,37.5,100,73.88,0,0,S
Bianca Silveira,Feminino,1947-03-15,472160357,189.720.534-14,Nenhuma,79,144,87,115,13,37.3,95,28.68,0,0,S
Benicio Gomes,Masculino,1968-03-01,735104827,129.654.703-52,Diabetes,58,141,74,131,17,37.2,100,92.08,1,1,N
Mariah Cavalcante,Feminino,1958-09-02,406325170,308.597.124-60,Asma,68,132,91,72,19,36.2,100,88.85,1,0,N
Sabrina Garcia,Feminino,2004-02-20,345261781,875.316.492-09,Nenhuma,22,98,78,67,11,36.6,99,10.38,0,0,N
Yago Garcia,Masculino,1969-01-10,651284703,410.962.573-43,Asma,57,113,63,104,11,36.2,93,2.74,1,0,S
Pietra Viana,Feminino,1950-03-07,680574128,725.480.139-79,Doença Cardiovascular,76,144,73,102,20,36.3,91,97.65,1,1,S
Heloisa Castro,Feminino,1980-01-08,018672346,491.760.235-16,Doença Cardiovascular,46,122,81,104,15,36.6,91,95.65,1,1,N
Ana Sophia Andrade,Feminino,1956-07-12,610453786,528.679.431-91,Asma,70,166,93,132,17,37.1,100,42.23,1,1,N
Alícia Dias,Feminino,1978-07-22,185247635,295.608.731-21,Diabetes,48,127,77,85,16,36.8,96,5.06,1,0,N
Cauã Barbosa,Masculino,1959-04-23,46302817X,325.849.076-74,Nenhuma,67,123,61,95,25,36.4,94,61.89,0,0,N
Enzo Gabriel Garcia,Masculino,1936-12-24,614538208,390.287.146-69,Doença Cardiovascular,89,113,80,60,24,36.5,96,29.34,1,0,N
Ana Vitória Novaes,Feminino,1939-07-27,475836212,137.968.420-03,Diabetes,87,122,81,138,11,36.8,100,93.67,1,1,N
Maitê Peixoto,Feminino,1959-07-31,825407369,821.759.640-94,Diabetes,67,116,82,76,15,37.0,100,79.47,1,0,N
Rafaela Santos,Feminino,1970-07-28,562487037,198.045.623-24,Diabetes,56,134,93,77,22,35.3,98,64.96,1,0,N
Pedro Rezende,Masculino,1946-02-02,425160737,087.461.592-58,Nenhuma,80,139,95,76,21,35.6,99,28.45,0,0,N
Pedro Henrique Castro,Masculino,1996-06-19,273805162,913.456.028-98,Nenhuma,30,104,71,68,17,37.4,97,70.13,0,0,N
Carlos Eduardo Farias,Masculino,1963-02-13,361702450,029.641.387-96,Nenhuma,63,93,70,66,12,36.5,98,28.92,0,0,N
Esther Jesus,Feminino,1937-08-08,130475683,814.962.307-87,Asma,89,83,64,71,14,36.2,97,3.76,1,0,N
Ágatha da Luz,Feminino,1967-06-12,74315082X,580.249.316-05,Nenhuma,59,130,90,50,15,36.3,96,50.84,0,0,N
Letícia da Costa,Feminino,1959-05-22,851237605,807.346.951-01,Doença Cardiovascular,67,97,101,65,19,36.3,100,48.87,1,0,N
Benicio Gonçalves,Masculino,1948-09-26,032465877,469.215.837-91,Nenhuma,78,76,75,133,26,36.9,98,76.3,0,1,N
Rebeca Cassiano,Feminino,1980-07-01,236471508,489.057.123-04,Diabetes,46,127,76,103,14,35.6,93,86.57,1,0,N
Luiz Miguel Abreu,Masculino,1991-04-06,863274109,029.638.475-56,Diabetes,35,169,102,108,12,36.5,99,35.45,1,0,N
Caio da Rocha,Masculino,1982-09-23,31720645X,480.723.956-29,Nenhuma,44,119,87,114,17,36.7,97,44.95,0,0,N
Pietra Costa,Feminino,1959-05-25,581237407,631.248.957-46,Nenhuma,67,136,86,130,23,36.8,99,47.04,0,1,N
Amanda Costela,Feminino,1990-12-20,534682704,681.207.934-04,Asma,35,121,62,40,10,36.7,96,32.42,1,0,S
Lavínia Barros,Feminino,1938-08-14,174625303,549.137.620-52,Nenhuma,88,118,90,54,25,36.9,100,74.34,0,0,N
Bruna das Neves,Feminino,1973-02-05,845601234,638.297.054-92,Doença Cardiovascular,53,138,66,64,17,36.0,96,52.21,1,0,N
Olivia Mendonça,Feminino,1988-07-04,586403127,175.643.809-93,Diabetes,38,114,62,73,14,35.7,99,91.4,1,0,N
Caleb Ramos,Masculino,1987-11-04,234105768,468.297.051-85,Nenhuma,38,125,74,77,10,38.5,95,65.03,0,0,N
Maria Julia Cirino,Feminino,1972-01-01,805716427,710.396.548-00,Doença Cardiovascular,54,126,71,73,21,36.3,95,21.19,1,0,N
Maria Helena Freitas,Feminino,2003-05-31,341576803,028.517.396-03,Nenhuma,23,106,76,90,17,36.4,99,16.48,0,0,N
Pietro Aparecida,Masculino,1945-12-15,154380271,589.621.473-19,Diabetes,80,139,58,85,18,37.0,95,37.24,1,0,N
Pedro Lucas Martins,Masculino,1943-03-17,214873067,048.139.256-42,Hipertensão,83,116,94,66,13,37.8,100,34.69,1,0,N
Heloisa da Mata,Feminino,1947-09-02,182530462,861.403.279-03,Hipertensão,79,104,96,40,16,36.1,99,40.71,1,0,N
Bento Cassiano,Masculino,1987-11-09,157268044,576.413.980-57,Hipertensão,38,130,50,60,15,35.7,97,18.36,1,0,N
Bryan Rios,Masculino,1942-06-13,530162842,087.159.632-68,Doença Cardiovascular,84,102,94,71,17,35.5,100,97.82,1,0,N
Vitor Hugo Jesus,Masculino,1962-01-17,784056213,907.326.418-96,Nenhuma,64,120,67,78,14,37.8,95,14.57,0,0,N
Ian Novaes,Masculino,1961-10-23,548263176,340.859.712-04,Nenhuma,64,119,92,56,10,35.7,100,65.26,0,0,N
Maria Julia Moreira,Feminino,1941-09-01,34260157X,501.967.483-48,Hipertensão,85,141,78,72,31,36.5,100,1.31,1,0,N
Vitor Gabriel Rodrigues,Masculino,1960-10-28,264785034,317.589.246-91,Nenhuma,65,129,80,56,11,35.7,100,40.7,0,0,N
Isabela Melo,Feminino,1940-10-27,645078311,315.872.096-59,Doença Cardiovascular,85,119,77,81,18,35.3,95,30.92,1,0,N
Bruno Gonçalves,Masculino,1964-12-25,165340721,109.254.687-11,Hipertensão,61,136,98,58,10,36.3,92,38.2,1,1,N
Theodoro Oliveira,Masculino,1940-04-12,821576409,329.067.814-87,Nenhuma,86,147,61,63,10,35.7,94,49.81,0,0,N
Clara Campos,Feminino,1966-02-19,623415707,894.310.257-79,Hipertensão,60,131,89,52,18,35.9,95,60.04,1,0,S
Emanuella Cavalcante,Feminino,1993-05-24,758316240,018.435.769-10,Diabetes,33,120,96,81,18,38.1,100,58.35,1,0,N
Gael Cardoso,Masculino,1986-06-13,204183674,634.097.512-70,Hipertensão,40,93,90,63,24,36.8,100,63.07,1,0,N
Otávio Barros,Masculino,1975-10-03,082415638,741.806.935-93,Asma,51,98,114,107,19,37.2,98,84.45,1,0,N
Gabriela Pires,Feminino,1942-04-10,72614308X,513.604.279-61,Hipertensão,84,113,72,95,17,37.2,97,88.67,1,0,N
José Pedro Dias,Masculino,1950-11-15,28063741X,892.361.704-04,Asma,75,107,94,83,13,36.4,95,73.73,1,0,N
Caio Gomes,Masculino,1947-05-10,728143069,635.870.924-00,Asma,79,116,78,65,25,36.1,100,7.89,1,0,N
Maria Laura Novaes,Feminino,1991-06-05,512670432,547.132.860-44,Diabetes,35,121,98,94,22,36.7,100,96.13,1,0,N
Kamilly Moreira,Feminino,1999-02-27,260378549,472.386.105-07,Diabetes,27,130,79,102,11,36.6,100,94.74,1,0,N
Alice Viana,Feminino,1952-05-05,287036145,712.863.490-87,Nenhuma,74,118,74,88,18,36.0,100,71.17,0,0,N
Daniel Leão,Masculino,1939-11-13,476382051,215.968.430-98,Hipertensão,86,129,99,125,18,36.6,100,51.74,1,1,N
Clara Nunes,Feminino,1985-08-22,415862735,978.560.234-65,Doença Cardiovascular,41,121,72,96,16,35.9,100,25.06,1,0,N
Carlos Eduardo Caldeira,Masculino,1937-07-05,430672810,456.013.279-80,Hipertensão,89,80,58,107,21,36.4,96,75.64,1,0,N
Beatriz Viana,Feminino,1982-09-04,62145378X,350.918.642-70,Nenhuma,44,101,72,88,22,36.2,94,87.79,0,0,N
Vitor Gabriel Ferreira,Masculino,1986-08-24,653741029,548.062.197-11,Doença Cardiovascular,40,117,89,101,17,35.5,96,66.52,1,0,N
Julia Gomes,Feminino,1970-09-08,603514273,975.360.421-16,Nenhuma,56,95,100,65,16,34.6,98,62.91,0,0,N
Olívia Andrade,Feminino,1938-10-27,186573042,697.418.530-84,Nenhuma,87,131,81,73,25,35.7,91,19.3,0,1,N
João Guilherme Guerra,Masculino,1991-02-12,745308624,607.495.821-11,Nenhuma,35,150,99,93,22,37.9,96,35.78,0,0,N
Maria Liz Andrade,Feminino,2005-02-02,350724866,820.354.197-60,Asma,21,144,59,93,18,36.3,93,72.31,1,0,N
Lucas Sales,Masculino,2005-06-01,825476033,810.793.546-20,Hipertensão,21,115,73,97,10,37.1,100,1.69,1,0,N
Benicio Souza,Masculino,1945-10-16,476802519,831.427.965-09,Diabetes,81,149,75,112,19,34.8,94,64.13,1,0,N
João Felipe Freitas,Masculino,1959-01-24,724168059,748.231.905-05,Doença Cardiovascular,67,122,78,49,21,35.7,98,76.67,1,0,N
Lucca Vieira,Masculino,1964-01-12,73504286X,054.836.279-38,Hipertensão,62,113,81,60,10,35.4,94,33.47,1,0,N
Luana da Mota,Feminino,1982-01-18,263048718,594.321.068-70,Nenhuma,44,107,90,90,19,36.3,100,7.62,0,0,N
Carlos Eduardo da Conceição,Masculino,1964-08-20,867231506,823.917.054-41,Hipertensão,62,113,73,66,15,38.4,90,81.91,1,1,N
Kaique Souza,Masculino,1972-12-28,526148706,430.671.859-00,Hipertensão,53,112,82,169,16,36.9,98,14.18,1,0,N
Luna da Mata,Feminino,1956-11-19,138625074,924.607.381-96,Asma,69,123,79,97,13,37.9,91,37.08,1,1,N
Aurora Correia,Feminino,1937-06-16,85342617X,573.492.168-82,Diabetes,89,123,66,83,17,36.3,94,70.73,1,0,N
Heitor Jesus,Masculino,1987-12-02,704326589,512.803.694-42,Doença Cardiovascular,38,120,78,72,24,37.6,97,81.7,1,0,N
Stella Freitas,Feminino,1966-01-12,745286318,980.237.146-78,Asma,60,128,77,72,15,38.2,98,86.24,1,0,N
Théo Vieira,Masculino,1940-09-14,520178634,470.168.529-11,Doença Cardiovascular,86,143,77,85,22,36.4,97,53.04,1,0,N
Benício das Neves,Masculino,1950-05-09,587621436,780.934.261-40,Asma,76,138,80,87,13,36.1,97,47.59,1,0,N
Davi Luiz Vasconcelos,Masculino,1938-05-16,472056311,423.985.601-98,Hipertensão,88,90,81,73,21,35.4,94,84.83,1,0,N
Ana Cavalcanti,Feminino,1952-06-30,263804513,932.605.174-99,Asma,74,70,73,78,18,36.3,96,56.31,1,0,N
Gabriela Araújo,Feminino,1971-08-15,642183570,491.703.586-48,Hipertensão,55,138,99,118,19,36.6,97,57.87,1,1,N
Ana Beatriz Marques,Feminino,1961-03-31,156732087,570.284.136-08,Asma,65,92,62,119,18,38.1,97,43.4,1,1,N
Maria Cecília Santos,Feminino,1941-08-17,761504230,064.928.753-38,Diabetes,85,115,69,91,21,35.5,96,37.28,1,0,N
João Guilherme Freitas,Masculino,2000-02-08,520631870,294.015.863-06,Doença Cardiovascular,26,96,121,51,10,36.5,99,48.05,1,0,N
Thiago Gonçalves,Masculino,1972-11-28,578614303,023.165.978-40,Asma,53,83,64,98,10,35.0,97,36.48,1,0,N
Ana da Costa,Feminino,1996-04-06,246718304,851.273.940-14,Diabetes,30,130,59,123,20,36.2,97,34.35,1,1,N
Rebeca Peixoto,Feminino,1964-09-26,763402151,291.584.073-32,Nenhuma,62,135,91,119,10,36.7,95,99.37,0,1,N
Felipe Melo,Masculino,1946-11-09,102784358,015.876.934-10,Hipertensão,79,108,48,103,15,36.9,92,33.62,1,1,N
Marcela Ferreira,Feminino,1936-04-11,156837420,974.518.063-75,Nenhuma,90,70,76,120,17,37.0,97,25.64,0,0,N
José Pedro Souza,Masculino,1981-07-25,670254137,514.960.327-99,Diabetes,45,109,112,86,13,36.8,100,35.39,1,0,N
Larissa Alves,Feminino,1981-03-17,051463878,763.058.491-10,Nenhuma,45,127,56,100,14,37.0,98,59.08,0,0,N
Benicio Castro,Masculino,1955-02-19,745316025,431.685.097-01,Doença Cardiovascular,71,90,50,67,19,36.5,93,91.1,1,0,N
Hadassa Câmara,Feminino,1963-01-25,537820644,104.576.983-57,Doença Cardiovascular,63,123,57,92,23,35.7,100,78.79,1,0,N
Gustavo da Mata,Masculino,1964-02-05,853612705,456.180.923-60,Nenhuma,62,119,93,118,13,35.0,95,84.22,0,1,N
Sophie Almeida,Feminino,1996-09-07,21867403X,273.891.456-09,Hipertensão,30,131,96,70,15,36.1,99,85.9,1,0,N
Renan Cardoso,Masculino,1990-10-19,75624108X,259.087.314-04,Doença Cardiovascular,35,122,72,63,14,36.4,95,92.05,1,0,N
Alexia Câmara,Feminino,1954-06-14,62371548X,716.308.924-40,Diabetes,72,100,90,87,10,37.5,98,23.51,1,0,N
Lorena Silva,Feminino,1950-01-13,842530174,401.782.356-44,Asma,76,143,100,79,18,36.4,94,45.84,1,0,N
Otávio Garcia,Masculino,2001-04-17,750846239,392.754.801-41,Asma,25,116,106,101,22,36.3,95,38.52,1,0,N
Natália da Cunha,Feminino,1964-05-28,782601534,306.497.521-80,Nenhuma,62,119,76,73,23,36.8,90,38.19,0,1,N
Nina da Rosa,Feminino,1983-03-24,41628730X,120.569.483-89,Nenhuma,43,101,45,127,13,36.3,99,65.23,0,1,N
Maria Laura Pacheco,Feminino,1968-09-17,162458708,409.813.652-05,Doença Cardiovascular,58,111,67,52,11,37.1,98,40.18,1,0,N
Alana Moraes,Feminino,1968-04-07,857432163,845.706.219-02,Nenhuma,58,102,73,116,18,38.1,98,61.63,0,1,N
Larissa da Rosa,Feminino,2006-05-22,653240181,254.706.813-35,Asma,20,116,76,65,22,38.3,98,38.23,1,0,N
Rodrigo Azevedo,Masculino,1984-10-15,582746309,452.839.017-50,Nenhuma,41,154,77,40,18,36.6,93,31.11,0,0,N
Kamilly Porto,Feminino,1991-12-15,436785213,056.243.918-89,Diabetes,34,92,96,90,19,36.8,100,35.31,1,0,N
João Guilherme da Luz,Masculino,1950-09-05,156348020,912.345.086-05,Doença Cardiovascular,76,87,99,78,23,37.8,100,80.38,1,0,N
Gabriel Cassiano,Masculino,1943-12-20,403612780,345.168.209-51,Nenhuma,82,149,77,57,14,36.4,93,60.11,0,0,N
Isabella Araújo,Feminino,1964-01-11,354870622,926.437.108-78,Hipertensão,62,115,96,42,16,37.0,99,97.4,1,0,S
Nathan Ribeiro,Masculino,1943-07-14,182563704,029.481.756-58,Diabetes,83,106,85,84,26,35.6,100,83.27,1,0,N
Davi Miguel Silveira,Masculino,2003-11-10,481502361,645.890.132-15,Nenhuma,22,140,80,109,17,36.3,95,48.58,0,0,N
Theo da Rocha,Masculino,1950-10-01,287635144,058.324.791-14,Nenhuma,76,107,93,99,11,37.4,95,24.24,0,0,N
Mariah Guerra,Feminino,1991-03-17,132675080,435.027.986-56,Hipertensão,35,156,81,86,14,35.9,99,67.39,1,0,N
Ana Carolina Pacheco,Feminino,1989-06-13,857231649,054.268.937-56,Doença Cardiovascular,37,133,110,96,13,36.4,90,72.66,1,1,N
Esther Fernandes,Feminino,1957-07-17,236148576,197.542.680-02,Diabetes,69,110,58,84,19,35.2,92,46.42,1,1,N
Vitor Porto,Masculino,1986-02-04,806542135,283.145.976-19,Hipertensão,40,163,72,49,13,38.1,93,22.99,1,0,N
Luiz Henrique Montenegro,Masculino,1951-05-23,754036820,427.931.068-87,Asma,75,107,78,49,19,37.5,89,55.72,1,1,N
Enzo Gabriel Ribeiro,Masculino,1979-01-19,845601374,504.376.281-08,Nenhuma,47,134,86,79,14,36.7,100,25.38,0,0,N
Emilly da Rocha,Feminino,1957-11-21,385627014,382.450.671-80,Diabetes,68,125,99,80,10,36.9,89,94.0,1,1,N
Ravy Cardoso,Masculino,1969-08-07,078234566,925.016.487-49,Nenhuma,57,146,79,106,19,36.8,98,62.89,0,0,N
Emilly Rodrigues,Feminino,1983-01-13,475831603,623.097.418-50,Nenhuma,43,151,58,103,18,37.6,100,29.19,0,0,S
Caio Câmara,Masculino,1952-07-08,857246033,639.710.425-70,Nenhuma,74,120,92,100,20,36.1,95,21.57,0,0,N
Heloisa Souza,Feminino,2000-09-23,742530814,395.407.218-14,Doença Cardiovascular,26,104,91,77,14,37.1,94,71.67,1,0,N
Otto Viana,Masculino,1997-04-28,03478651X,075.623.891-95,Asma,29,129,50,50,14,37.4,97,70.78,1,0,N
Marcelo da Luz,Masculino,1951-07-27,508763241,673.241.598-00,Asma,75,106,79,95,20,37.5,97,59.71,1,0,N
Laís Martins,Feminino,1937-06-24,67452018X,257.639.041-25,Asma,89,160,56,98,25,34.7,100,61.43,1,0,N
Olivia Aragão,Feminino,1936-08-23,258703647,165.378.294-37,Hipertensão,90,122,70,40,18,36.0,86,60.39,1,1,S
Ravy Correia,Masculino,1996-04-21,154863725,406.173.259-52,Nenhuma,30,112,66,64,20,35.7,93,36.01,0,0,N
Bárbara Rodrigues,Feminino,1998-07-20,35187642X,179.063.482-22,Asma,28,123,92,67,16,36.6,99,93.74,1,0,N
Vinícius da Rosa,Masculino,1950-10-22,860375420,932.748.105-41,Nenhuma,75,93,81,87,10,34.9,97,47.93,0,0,N
Benjamim Cassiano,Masculino,2004-11-10,832014758,436.917.205-52,Diabetes,21,100,60,64,22,34.9,100,2.03,1,0,N
Guilherme Fernandes,Masculino,1964-02-09,307216548,623.748.915-00,Hipertensão,62,144,93,84,22,38.2,98,34.84,1,0,N
Natália Casa Grande,Feminino,1959-08-22,423571680,173.956.820-68,Nenhuma,67,106,58,79,21,37.0,96,13.03,0,0,N
Emilly Vasconcelos,Feminino,2007-08-05,358746103,107.435.628-44,Diabetes,19,99,84,81,17,36.6,95,36.34,1,0,N
Raquel Farias,Feminino,1979-09-04,40157863X,534.920.187-50,Asma,47,130,67,67,20,36.8,100,60.83,1,0,N
Levi Porto,Masculino,1947-10-22,567241300,654.789.021-01,Diabetes,78,143,74,69,22,36.6,100,2.27,1,0,S
Alana Machado,Feminino,1971-08-21,82671304X,184.327.690-96,Nenhuma,55,134,87,57,26,37.3,98,87.02,0,0,N
Giovanna Teixeira,Feminino,1976-09-06,417853609,857.326.041-62,Asma,50,139,87,94,22,36.0,97,61.03,1,0,N
Eduarda Mendonça,Feminino,1956-07-28,125864036,324.179.508-04,Diabetes,70,104,100,99,18,36.6,99,29.54,1,0,N
Davi Lucca Pimenta,Masculino,2007-10-12,256130474,712.038.549-60,Nenhuma,18,91,78,65,11,36.7,100,31.12,0,0,N
Mariane Guerra,Feminino,1998-05-01,826745131,697.140.325-80,Asma,28,150,84,123,18,35.7,98,46.57,1,1,N
Rhavi Gomes,Masculino,1953-11-19,745623104,729.531.468-73,Diabetes,72,113,73,77,19,37.5,93,24.81,1,0,N
Arthur Miguel Nascimento,Masculino,1980-09-26,257864039,761.235.498-55,Diabetes,46,114,82,123,21,36.1,100,0.43,1,0,N
Marcelo Albuquerque,Masculino,2000-04-21,81654203X,164.095.382-51,Nenhuma,26,146,86,68,24,37.3,97,2.66,0,0,S
Vinícius Correia,Masculino,1997-12-27,671402535,348.629.175-00,Nenhuma,28,131,78,40,17,36.6,100,35.77,0,0,N
André Pires,Masculino,1980-12-13,315478263,917.324.860-69,Diabetes,45,129,52,95,28,37.8,97,12.42,1,0,N
Henry Gabriel Sales,Masculino,1998-04-26,846072154,481.095.237-14,Asma,28,163,84,91,10,35.7,96,2.24,1,0,N
Luana Cardoso,Feminino,2004-11-10,465170389,813.940.752-60,Nenhuma,21,107,85,85,20,35.6,100,85.93,0,0,N
Matheus Montenegro,Masculino,2003-08-24,831624073,315.967.084-84,Doença Cardiovascular,23,138,69,68,14,35.8,98,27.41,1,0,N
Leandro Cavalcante,Masculino,1957-11-23,123845609,305.847.129-79,Nenhuma,68,121,60,84,10,36.6,97,50.31,0,0,N
Augusto da Rosa,Masculino,1963-08-03,304852168,068.512.479-76,Diabetes,63,125,102,72,16,37.7,92,17.94,1,1,N
Rafael Siqueira,Masculino,1977-03-20,08356472X,103.845.792-05,Hipertensão,49,150,87,77,10,37.8,99,4.67,1,0,N
Vinicius Fernandes,Masculino,1947-05-21,761542085,380.276.451-07,Diabetes,79,130,76,106,17,34.7,95,74.49,1,0,N
Davi Luiz Fernandes,Masculino,1939-08-26,675031849,168.570.943-57,Hipertensão,87,130,62,89,18,36.7,95,12.5,1,0,N
Maria Alice Sá,Feminino,1951-06-17,208453672,354.721.908-60,Hipertensão,75,141,67,100,23,34.0,95,2.57,1,0,N
Eloah Guerra,Feminino,1949-09-02,418367024,480.967.231-03,Doença Cardiovascular,77,112,99,79,10,37.1,98,58.72,1,0,N
Heloísa Câmara,Feminino,1966-08-20,267853142,487.296.031-96,Hipertensão,60,103,82,76,22,37.4,90,1.35,1,1,N
Hadassa Siqueira,Feminino,1999-09-22,740856133,937.014.586-93,Diabetes,27,99,71,56,18,36.5,96,43.63,1,0,S
Sofia Cavalcante,Feminino,1941-04-19,534807161,548.926.017-30,Nenhuma,85,80,87,75,23,36.6,100,28.88,0,0,S
Maria Clara Silva,Feminino,1966-03-21,701265383,301.456.287-44,Hipertensão,60,161,67,40,15,36.6,92,31.94,1,1,S
Maria Flor Porto,Feminino,1937-05-18,708462352,145.673.982-46,Hipertensão,89,97,102,70,11,35.9,97,0.39,1,0,N
Vitor Pinto,Masculino,1991-12-27,364178504,693.710.248-87,Asma,34,115,100,82,11,36.8,94,96.43,1,0,N
Ana Julia Ribeiro,Feminino,2001-05-03,741026582,816.934.502-24,Doença Cardiovascular,25,114,73,99,11,36.3,95,51.7,1,0,S
Antônio Aragão,Masculino,1957-10-16,628713058,738.614.250-17,Nenhuma,69,126,70,78,20,37.2,100,57.25,0,0,N
Oliver Macedo,Masculino,1954-12-03,213406780,657.089.413-75,Asma,71,136,40,93,25,36.4,90,66.61,1,1,N
Camila Novaes,Feminino,2003-08-23,801465370,349.071.865-84,Diabetes,23,137,57,40,15,35.8,100,79.75,1,0,S
Olívia Sampaio,Feminino,2000-07-09,84157036X,621.978.503-77,Doença Cardiovascular,26,108,59,83,21,35.3,95,60.79,1,0,N
Gabrielly Sales,Feminino,1994-03-09,571203681,712.093.546-16,Asma,32,116,82,43,10,35.0,94,76.22,1,0,N
Kevin Leão,Masculino,1950-09-07,468120373,136.084.925-42,Hipertensão,76,125,75,54,18,37.6,92,44.87,1,1,N
Stephany da Mata,Feminino,2002-11-11,14068752X,287.019.453-60,Doença Cardiovascular,23,115,59,80,21,36.1,100,37.13,1,0,N
Davi Miguel Leão,Masculino,1990-01-27,584763207,531.908.426-98,Diabetes,36,152,75,116,10,36.8,96,82.31,1,1,N
Thomas Silveira,Masculino,1985-07-08,356480124,708.654.391-84,Nenhuma,41,129,87,94,16,37.9,95,86.53,0,0,N
Dante da Paz,Masculino,1937-12-16,175086424,748.152.639-73,Asma,88,134,87,85,21,36.0,97,13.78,1,0,N
Bianca Monteiro,Feminino,2003-09-17,87042631X,716.590.238-40,Diabetes,23,133,51,84,10,36.0,96,54.27,1,0,N
Gabriela Vasconcelos,Feminino,1970-07-12,602738453,396.087.425-10,Asma,56,143,78,67,24,36.4,88,68.36,1,1,N
Stephany Costa,Feminino,1936-10-15,851634278,329.015.674-52,Hipertensão,90,123,59,71,19,36.5,95,8.36,1,0,N
Maria Luísa da Rocha,Feminino,1942-01-10,176354281,726.483.105-17,Hipertensão,84,94,93,95,21,38.0,100,92.96,1,0,N
Ana Cecília Novaes,Feminino,1952-11-18,083215463,603.281.957-40,Asma,73,127,91,50,15,37.8,90,52.01,1,1,N
Gustavo Henrique Sales,Masculino,1999-03-29,31587062X,625.740.891-11,Doença Cardiovascular,27,106,66,99,10,37.0,92,64.55,1,1,N
Lucas da Costa,Masculino,1978-01-25,247358162,851.903.726-77,Diabetes,48,109,68,75,20,37.7,95,17.82,1,0,N
Anthony Gabriel Rios,Masculino,1976-06-08,516024383,194.683.725-37,Doença Cardiovascular,50,131,73,105,17,36.4,94,26.44,1,0,N
Daniel Oliveira,Masculino,1955-06-17,475108620,873.152.964-09,Doença Cardiovascular,71,144,46,109,18,36.7,96,12.1,1,0,N
Clarice Borges,Feminino,1987-01-20,056213840,692.410.875-01,Nenhuma,39,120,85,43,23,36.3,92,26.4,0,1,N
Breno Silveira,Masculino,1970-10-06,546380724,370.149.562-99,Nenhuma,56,126,75,70,21,35.5,95,49.24,0,0,N
José Miguel Ramos,Masculino,1989-02-19,074352167,435.097.182-32,Asma,37,154,94,63,27,37.5,96,83.36,1,0,N
Rafael da Rocha,Masculino,1946-12-07,453261784,048.526.793-47,Hipertensão,79,124,63,40,18,36.9,99,53.37,1,0,N
Ravi Aragão,Masculino,1940-07-01,283541672,587.921.034-05,Asma,86,172,70,59,14,36.5,100,24.45,1,0,N
Emanuella Aparecida,Feminino,1985-03-28,406187253,380.269.547-00,Hipertensão,41,131,57,146,17,36.5,95,4.46,1,0,N
Maria Cecília Rocha,Feminino,1937-12-04,657308146,016.794.528-94,Hipertensão,88,84,64,100,20,35.3,100,62.2,1,0,N
Mariane Sousa,Feminino,1972-01-21,617483255,538.964.217-19,Asma,54,135,62,132,23,35.7,96,42.02,1,1,N
Aylla Teixeira,Feminino,1996-05-14,073652180,608.952.137-02,Hipertensão,30,127,94,105,10,36.8,100,98.44,1,0,N
Anthony Carvalho,Masculino,1965-11-06,36187540X,983.472.651-19,Nenhuma,60,145,69,66,18,36.1,100,77.98,0,0,N
Eloá Farias,Feminino,2006-10-07,715063480,390.521.874-79,Doença Cardiovascular,19,133,81,75,26,36.3,97,80.84,1,0,N
Pedro Lucas Pinto,Masculino,1977-11-05,124638077,716.340.285-62,Asma,48,117,74,99,16,36.4,91,1.22,1,1,N
Caleb Freitas,Masculino,1938-12-16,627154086,548.217.930-32,Hipertensão,87,95,60,95,22,36.0,97,77.78,1,0,N
Emilly Camargo,Feminino,1940-05-05,021456379,419.706.382-22,Diabetes,86,115,77,70,20,35.7,94,19.46,1,0,N
Maria Liz Marques,Feminino,1991-12-02,608375214,921.546.708-49,Diabetes,34,102,88,47,22,35.2,95,58.58,1,0,N
Matheus Sales,Masculino,1956-03-29,308421760,587.346.210-08,Hipertensão,70,108,61,167,13,36.4,100,44.74,1,1,N
Otto Rezende,Masculino,1956-04-18,762148032,841.326.079-50,Asma,70,131,92,81,13,37.0,92,57.16,1,1,N
Brenda Cardoso,Feminino,1970-09-21,85130462X,789.620.415-02,Doença Cardiovascular,56,153,67,76,18,35.2,98,13.34,1,0,N
Ana Liz Castro,Feminino,1994-04-14,452836074,632.817.904-96,Nenhuma,32,127,72,87,10,36.5,93,45.69,0,0,N
Oliver Pastor,Masculino,1937-07-10,102864573,257.483.901-32,Diabetes,89,96,87,78,16,36.7,95,3.69,1,0,N
Maysa Cirino,Feminino,1955-08-06,802134579,786.395.140-20,Asma,71,128,70,88,19,35.7,99,4.1,1,0,N
Mateus Vasconcelos,Masculino,1999-05-26,586034213,321.057.849-41,Doença Cardiovascular,27,143,80,117,26,37.6,98,65.77,1,1,N
Ana Rodrigues,Feminino,1952-11-19,860517329,154.378.290-60,Diabetes,73,107,75,81,20,36.2,96,95.17,1,0,N
Rafaela Mendonça,Feminino,1968-06-12,217035462,851.463.720-71,Hipertensão,58,117,81,55,21,36.4,94,77.74,1,0,N
Maria Sophia Macedo,Feminino,1935-11-19,863145279,762.845.093-83,Doença Cardiovascular,90,120,44,80,23,36.4,98,46.92,1,0,N
Benício da Luz,Masculino,1983-03-17,871436206,371.024.965-16,Diabetes,43,104,52,73,13,35.1,100,5.59,1,0,N
Alice Santos,Feminino,1999-07-06,426785101,390.281.457-88,Asma,27,132,89,120,17,37.3,93,4.5,1,0,S
Heloisa Rios,Feminino,1996-09-22,175432806,243.579.061-99,Doença Cardiovascular,30,117,95,114,30,35.7,100,15.79,1,0,N
Valentim Moreira,Masculino,1967-07-11,601857434,256.843.091-51,Hipertensão,59,128,66,87,17,36.3,100,97.58,1,0,N
Aylla Lopes,Feminino,2005-04-02,058761238,194.536.708-39,Diabetes,21,102,76,53,23,37.0,100,39.87,1,0,N
Isadora Mendes,Feminino,1971-05-29,457016322,315.486.027-44,Doença Cardiovascular,55,111,84,54,22,37.7,98,84.34,1,0,N
Maria Isis Cassiano,Feminino,1952-08-23,01532476X,276.805.493-38,Doença Cardiovascular,74,134,90,85,10,35.6,100,70.51,1,0,N
Ana Júlia Albuquerque,Feminino,1997-09-06,162438709,834.652.091-33,Diabetes,29,112,49,93,19,36.1,92,60.54,1,1,N
Thiago Melo,Masculino,1939-03-13,043615788,083.254.719-05,Asma,87,154,66,75,18,37.6,94,94.78,1,0,N
Eloah Barbosa,Feminino,1962-04-26,158347626,540.682.973-47,Asma,64,112,75,72,19,36.9,100,23.04,1,0,N
Lorenzo da Costa,Masculino,1979-05-27,201537680,459.716.382-46,Nenhuma,47,124,90,70,14,37.0,98,45.49,0,0,N
Lara Aragão,Feminino,1969-01-18,431082765,567.214.390-34,Diabetes,57,138,117,84,12,35.7,96,86.47,1,0,N
Henry Gabriel Novaes,Masculino,1970-03-27,235417804,453.691.207-06,Doença Cardiovascular,56,91,76,40,15,36.2,86,55.18,1,1,N
Maria Luiza da Costa,Feminino,1947-09-16,608724154,379.168.204-04,Hipertensão,79,84,58,57,17,36.4,95,24.64,1,0,N
Raul Macedo,Masculino,1983-10-27,328607514,948.275.036-56,Diabetes,42,89,86,69,23,35.8,92,20.89,1,1,S
Melissa Borges,Feminino,1962-11-05,814530679,842.631.750-26,Hipertensão,63,145,99,115,27,35.2,98,75.29,1,0,N
Melissa Dias,Feminino,1975-12-20,014356284,921.834.576-19,Doença Cardiovascular,50,108,81,64,24,36.1,96,1.28,1,0,N
Theo Souza,Masculino,1946-05-18,02784156X,826.017.945-85,Doença Cardiovascular,80,171,66,89,22,37.6,94,91.42,1,0,N
Cauã Guerra,Masculino,1989-05-31,82457106X,091.483.762-13,Asma,37,108,94,90,12,36.5,100,1.84,1,0,N
Arthur Miguel Novais,Masculino,1961-01-21,276081341,521.967.438-28,Hipertensão,65,123,89,117,15,37.6,100,63.1,1,1,N
Agatha Borges,Feminino,1948-06-10,824076151,248.135.690-05,Asma,78,150,64,116,19,36.6,100,60.47,1,1,N
Kevin Moraes,Masculino,1965-01-27,167843059,068.275.341-62,Diabetes,61,160,85,83,14,35.9,100,57.84,1,0,S
Gustavo Rezende,Masculino,1969-11-13,206385171,703.986.542-47,Diabetes,56,161,94,73,20,37.5,100,47.43,1,0,N
Luigi Fonseca,Masculino,1961-02-08,427831659,958.321.467-19,Doença Cardiovascular,65,144,97,68,21,36.7,93,85.24,1,0,N
Heloisa Marques,Feminino,1957-02-02,261840538,843.705.629-29,Asma,69,140,79,78,20,37.3,93,65.93,1,0,N
Renan Silva,Masculino,1995-03-08,127543685,856.409.327-83,Asma,31,131,74,74,23,35.6,100,78.19,1,0,N
Rael Camargo,Masculino,1990-08-13,365871424,897.624.013-87,Asma,36,135,98,98,13,37.3,88,11.55,1,1,N
Henry Abreu,Masculino,1971-11-04,341527865,862.149.375-64,Hipertensão,54,108,61,95,22,37.4,96,4.99,1,0,N
Maria Porto,Feminino,1975-05-01,871432602,087.942.361-78,Doença Cardiovascular,51,103,86,99,14,36.7,88,2.85,1,1,N
Stephany Freitas,Feminino,1962-01-17,567821407,621.095.874-58,Doença Cardiovascular,64,119,59,116,13,35.9,97,14.72,1,0,N
Augusto Cavalcante,Masculino,1967-04-05,206187452,940.352.681-51,Nenhuma,59,116,95,131,20,36.5,100,66.7,0,1,N
Cecilia Silva,Feminino,1979-09-13,243760851,908.137.546-66,Hipertensão,47,110,76,88,24,37.0,98,49.4,1,0,S
Cauê da Cunha,Masculino,2000-05-01,048763214,631.078.294-04,Nenhuma,26,133,99,112,20,36.7,100,75.23,0,0,N
Fernanda Correia,Feminino,1960-01-14,738612042,783.956.102-03,Diabetes,66,139,87,76,18,37.0,100,19.17,1,0,S
Maria Júlia Cunha,Feminino,1961-12-04,621758048,470.813.625-08,Asma,64,121,61,114,19,37.3,96,36.7,1,0,N
Gabriel Silva,Masculino,1969-10-20,630482755,628.394.105-24,Hipertensão,56,149,101,111,18,36.0,100,88.85,1,0,N
Bianca Sá,Feminino,1990-10-06,158360278,201.796.845-58,Doença Cardiovascular,36,97,103,110,12,35.6,97,93.57,1,0,N
Ana Clara Porto,Feminino,1998-08-28,726138058,630.154.872-80,Nenhuma,28,116,93,87,11,36.5,100,92.17,0,0,S
Rael Marques,Masculino,1947-09-26,753408260,180.974.326-50,Asma,79,105,68,68,17,36.2,94,81.83,1,0,N
Theo Abreu,Masculino,1938-11-12,841765327,351.782.649-91,Hipertensão,87,82,75,50,18,37.1,100,68.82,1,0,N
Benicio Novaes,Masculino,1972-09-15,741685231,374.985.162-09,Doença Cardiovascular,54,118,82,83,18,35.6,100,91.37,1,0,N
Rafaela Moraes,Feminino,1998-07-03,685370148,917.408.625-11,Doença Cardiovascular,28,117,69,123,21,37.3,100,71.42,1,1,N
Emanuella Siqueira,Feminino,1981-05-16,021367486,723.614.580-71,Asma,45,150,105,77,16,37.6,97,95.39,1,0,N
Cauã Gomes,Masculino,1979-06-16,650814277,927.860.153-59,Nenhuma,47,132,82,104,20,36.5,91,2.48,0,1,N
Luna Montenegro,Feminino,1975-03-07,083264711,058.269.731-02,Doença Cardiovascular,51,99,40,106,17,36.5,98,92.16,1,0,N
Mariah Pereira,Feminino,1996-06-24,42386175X,758.162.039-59,Nenhuma,30,157,85,77,27,35.9,90,55.57,0,1,N
Kamilly Gonçalves,Feminino,1947-05-19,548021764,907.812.653-12,Nenhuma,79,144,74,117,18,36.1,95,11.18,0,0,N
Juan Machado,Masculino,1994-01-19,164378200,071.346.582-44,Nenhuma,32,131,78,40,29,36.2,97,21.49,0,0,N
Davi Miguel Jesus,Masculino,1945-12-05,672841502,360.725.419-25,Doença Cardiovascular,80,115,74,54,19,37.7,100,85.22,1,0,S
Théo da Rosa,Masculino,1995-05-01,435870129,942.371.608-31,Asma,31,100,92,62,16,36.4,98,50.61,1,0,N
Yuri Pires,Masculino,1950-10-07,326571486,326.754.801-26,Diabetes,76,112,96,64,13,35.4,97,98.28,1,0,N
Gabriela Costela,Feminino,1986-05-07,832714604,248.973.056-83,Asma,40,141,84,93,10,36.7,96,11.75,1,0,N
Lavínia Rodrigues,Feminino,1941-09-16,380712465,651.287.390-40,Doença Cardiovascular,85,157,74,92,13,37.2,91,41.25,1,1,N
Caroline Santos,Feminino,1966-04-30,301682744,091.672.485-94,Asma,60,150,79,94,13,36.5,97,33.19,1,0,S
Sarah Nogueira,Feminino,1943-11-29,246380718,027.945.861-49,Diabetes,82,110,80,99,19,37.7,97,51.61,1,0,N
Luna Santos,Feminino,1972-05-05,371064855,064.981.372-31,Hipertensão,54,97,67,61,15,37.1,93,63.34,1,0,S
Maria Novais,Feminino,1938-10-22,513074867,782.316.490-69,Doença Cardiovascular,87,122,88,54,18,35.7,92,66.16,1,1,N
Maria Vitória Rocha,Feminino,1943-04-28,103572867,461.029.785-01,Diabetes,83,84,86,94,24,36.1,95,0.13,1,0,N
Otávio Albuquerque,Masculino,1936-01-14,870426138,497.820.561-11,Asma,90,126,103,69,17,36.7,97,8.9,1,0,N
Cauê Alves,Masculino,2003-12-18,248360577,154.703.869-10,Asma,22,117,98,45,28,35.2,95,3.51,1,0,N
Clara Aragão,Feminino,1984-04-05,586012734,627.039.481-31,Nenhuma,42,110,69,109,12,36.8,92,86.46,0,1,N
Gabriela da Mata,Feminino,1947-10-07,714082569,091.384.257-50,Doença Cardiovascular,79,88,92,119,17,35.1,98,31.33,1,1,N
João Pedro Rodrigues,Masculino,1952-04-18,347208617,281.369.047-31,Asma,74,130,65,123,15,37.3,99,36.71,1,1,N
Diogo Araújo,Masculino,1987-07-22,752308142,795.810.462-67,Diabetes,39,109,90,89,22,37.2,97,45.04,1,0,N
Gustavo Sá,Masculino,1960-03-10,287310450,516.289.470-20,Doença Cardiovascular,66,96,72,100,10,36.9,94,84.93,1,0,N
Ana Beatriz Fogaça,Feminino,1944-04-11,628047319,670.843.291-96,Doença Cardiovascular,82,70,64,119,10,36.0,99,1.42,1,0,N
Cauã Pimenta,Masculino,1989-03-03,351078642,827.593.061-86,Diabetes,37,119,84,68,17,36.6,96,11.86,1,0,N
Heloisa Souza,Feminino,1993-12-01,502176386,230.589.416-33,Diabetes,32,155,40,112,25,36.1,92,68.52,1,1,N
Maria Julia da Costa,Feminino,1975-10-12,857634100,165.842.073-07,Nenhuma,51,153,53,91,19,35.7,100,96.39,0,0,N
Laura Sales,Feminino,1964-07-29,435170284,093.168.752-77,Asma,62,110,77,107,11,36.2,98,64.28,1,0,N
Maria Helena Gomes,Feminino,1983-09-12,018623451,206.537.198-68,Asma,43,107,81,89,12,37.1,96,26.11,1,0,N
Luara Novaes,Feminino,1964-06-01,034178260,614.509.827-94,Nenhuma,62,129,74,117,26,36.5,90,51.99,0,1,N
Alice Souza,Feminino,1977-11-12,046385721,963.540.172-80,Nenhuma,48,100,56,90,14,37.7,94,97.5,0,0,S
Guilherme Pinto,Masculino,1990-06-25,675420817,920.178.543-79,Hipertensão,36,126,67,47,13,37.1,100,52.81,1,0,N
Heloisa Porto,Feminino,1985-12-14,60257318X,265.740.318-26,Nenhuma,40,135,85,121,25,37.0,90,37.35,0,1,N
Maria Eduarda Sá,Feminino,2007-11-12,823610548,925.341.607-61,Hipertensão,18,144,88,61,23,35.2,95,38.34,1,0,N
Ísis Sousa,Feminino,1952-03-24,271045863,812.907.653-59,Nenhuma,74,117,79,116,24,36.3,96,96.7,0,1,N
Fernanda Vasconcelos,Feminino,1982-10-01,725136480,260.785.439-38,Doença Cardiovascular,44,115,97,82,13,35.6,98,71.89,1,0,N
Laís Machado,Feminino,1947-02-09,403817262,073.465.982-29,Asma,79,102,85,114,10,36.4,91,68.72,1,1,N
Ana Vitória Cirino,Feminino,1986-05-27,064372819,219.758.340-97,Diabetes,40,103,68,113,18,35.9,97,23.21,1,0,S
Sophie Campos,Feminino,1990-09-26,547613805,109.832.465-05,Diabetes,36,115,75,95,19,36.2,90,55.95,1,1,S
Asafe Lima,Masculino,1988-01-10,463280155,508.467.921-76,Nenhuma,38,127,58,97,19,37.3,97,35.67,0,0,N
João Cardoso,Masculino,2000-12-11,863205148,150.427.683-35,Diabetes,25,138,78,95,25,36.9,94,24.02,1,0,N
Jade Abreu,Feminino,2006-07-02,162730858,504.819.263-05,Hipertensão,20,103,96,40,10,37.3,93,89.56,1,0,S
Ravi Lucca Santos,Masculino,1994-02-20,632104855,127.680.935-21,Hipertensão,32,149,90,87,22,35.2,100,38.32,1,0,N
Asafe Cassiano,Masculino,1971-11-23,320561872,039.481.765-66,Doença Cardiovascular,54,114,101,57,12,36.5,96,28.28,1,0,N
Benjamim Vasconcelos,Masculino,2002-08-08,658173248,437.096.512-80,Hipertensão,24,119,75,89,22,37.3,98,93.17,1,0,N
Samuel Vieira,Masculino,1986-06-22,730516428,149.238.076-87,Nenhuma,40,105,100,56,15,37.7,99,19.73,0,0,N
Yan Fogaça,Masculino,1958-02-14,87041365X,610.429.837-04,Diabetes,68,71,77,55,13,35.3,100,74.55,1,0,N
Liam Moura,Masculino,1990-12-01,47510836X,512.378.690-21,Asma,35,137,102,125,14,36.2,92,65.27,1,1,N
Francisco Moreira,Masculino,1957-11-07,027654837,470.215.963-16,Hipertensão,68,134,79,111,10,37.3,100,92.05,1,0,N
Sofia Castro,Feminino,1951-01-07,547068232,750.649.328-47,Diabetes,75,114,90,84,18,36.3,97,83.2,1,0,N
Ísis Nascimento,Feminino,1982-05-03,765318040,563.972.041-70,Asma,44,121,102,89,14,35.8,95,70.53,1,0,N
Ayla Ferreira,Feminino,2005-03-17,613705841,851.042.973-14,Nenhuma,21,130,77,78,21,35.3,92,31.46,0,1,N
Hadassa Ribeiro,Feminino,1949-09-07,836504720,170.362.594-34,Diabetes,77,88,83,99,21,35.7,99,49.56,1,0,N
Luísa Fonseca,Feminino,1936-12-04,432186700,271.053.648-07,Diabetes,89,109,99,68,26,35.1,93,94.45,1,0,N
Helena Sá,Feminino,1957-05-02,075628144,203.871.964-04,Hipertensão,69,135,78,109,19,36.5,99,2.32,1,0,N
Vinícius Melo,Masculino,1950-11-10,543618201,821.943.057-50,Hipertensão,75,94,60,78,20,37.2,100,79.43,1,0,N
Anthony Camargo,Masculino,1996-02-29,514637080,861.340.527-44,Diabetes,30,125,112,74,25,35.5,100,25.18,1,0,N
Pietro da Costa,Masculino,1985-06-02,276830453,347.260.918-40,Hipertensão,41,92,72,85,14,36.7,100,18.5,1,0,N
Isabelly Aparecida,Feminino,1940-08-20,23015864X,498.172.560-49,Doença Cardiovascular,86,129,82,70,10,37.2,94,23.22,1,0,N
Maria Helena Vieira,Feminino,1968-10-13,673012542,692.314.708-50,Doença Cardiovascular,58,119,97,93,19,36.5,100,5.98,1,0,N
Matheus da Cunha,Masculino,1944-06-04,806271541,389.124.506-89,Nenhuma,82,87,70,71,10,35.2,92,99.2,0,1,N
João Miguel Alves,Masculino,2004-09-20,51368024X,528.369.407-00,Hipertensão,22,143,64,96,30,36.8,96,86.99,1,0,N
Marcelo Moraes,Masculino,1984-01-15,234178565,586.037.492-56,Diabetes,42,105,83,115,25,36.5,100,52.11,1,0,N
Pietro Mendonça,Masculino,1936-07-06,067138548,193.657.408-00,Nenhuma,90,103,53,67,28,36.4,94,71.51,0,0,N
Juan Rezende,Masculino,1979-05-14,764285130,972.410.658-67,Asma,47,124,75,81,18,36.1,100,55.66,1,0,N
Luna Moraes,Feminino,1960-10-17,201685346,254.067.813-08,Diabetes,65,142,83,96,20,36.6,100,81.16,1,0,N
Aylla Cavalcante,Feminino,1963-02-10,317865043,504.396.781-10,Nenhuma,63,99,75,74,15,36.9,100,84.48,0,0,N
Yasmin Abreu,Feminino,1957-12-02,501784238,069.812.437-50,Nenhuma,68,121,56,96,22,38.4,91,23.28,0,1,N
Gustavo Henrique Rios,Masculino,1980-12-12,685402733,897.134.206-40,Nenhuma,45,128,103,98,11,36.6,99,45.97,0,0,N
Otávio Caldeira,Masculino,2002-11-15,603752147,041.897.256-76,Diabetes,23,133,81,112,10,37.7,96,63.48,1,0,N
Zoe Sampaio,Feminino,1982-02-11,816047236,178.963.402-40,Asma,44,123,101,69,14,36.8,100,97.84,1,0,S
Brayan Souza,Masculino,1979-01-21,627534806,905.168.423-15,Diabetes,47,112,76,61,10,36.4,90,68.27,1,1,N
Amanda Marques,Feminino,1985-04-26,410726539,516.230.798-02,Hipertensão,41,103,66,77,25,36.6,98,89.76,1,0,N
Ana Carolina Borges,Feminino,2007-01-25,314056786,502.186.374-62,Nenhuma,19,121,84,60,27,35.5,97,84.61,0,0,N
Ana Júlia Cavalcanti,Feminino,1972-03-29,518674307,471.623.509-25,Asma,54,98,76,99,10,36.7,89,58.21,1,1,N
Ana Sophia Oliveira,Feminino,1961-05-27,702638511,715.960.482-20,Nenhuma,65,70,62,55,24,34.9,93,89.37,0,0,N
José Pedro Jesus,Masculino,1954-06-01,604527184,893.417.502-88,Asma,72,128,102,143,22,35.8,89,37.74,1,1,N
Milena Pires,Feminino,1970-04-26,145738024,209.587.136-77,Nenhuma,56,138,70,117,10,36.6,94,37.93,0,1,N
Pedro Dias,Masculino,1993-12-26,312685749,076.534.281-26,Asma,32,72,52,85,16,37.5,99,78.1,1,0,N
Mathias Rocha,Masculino,1990-09-15,28376501X,571.943.608-10,Hipertensão,36,99,99,106,15,37.6,97,13.45,1,0,N
Yasmin Abreu,Feminino,1991-12-09,401632581,096.743.152-25,Hipertensão,34,132,72,44,21,36.3,97,30.58,1,0,N
Ana Luiza Sá,Feminino,1966-08-07,031486721,874.951.603-57,Hipertensão,60,161,70,148,11,36.6,92,60.86,1,1,N
Brayan Fogaça,Masculino,1978-08-09,126537045,190.547.326-52,Nenhuma,48,120,53,70,17,37.3,100,42.01,0,0,N
Bianca da Rocha,Feminino,2000-01-12,601834574,135.680.427-62,Diabetes,26,105,106,81,14,35.4,96,94.07,1,0,N
Caio da Paz,Masculino,2005-01-11,10235876X,691.382.045-33,Hipertensão,21,116,60,40,20,36.8,97,95.85,1,0,S
Maria Helena Gonçalves,Feminino,1985-09-26,104632859,760.398.541-20,Doença Cardiovascular,41,147,80,97,16,35.8,100,50.26,1,0,S
Renan Castro,Masculino,2008-05-09,12783056X,507.246.198-01,Hipertensão,18,107,93,57,15,36.4,93,53.91,1,0,N
Henry Carvalho,Masculino,1963-06-25,082365143,782.639.045-10,Hipertensão,63,104,86,87,16,36.1,97,72.46,1,0,N
Ísis da Rocha,Feminino,2006-01-10,867542317,498.120.653-42,Asma,20,110,79,71,28,36.8,98,45.73,1,0,N
Letícia Rocha,Feminino,1991-02-26,813076523,510.439.782-32,Asma,35,100,54,58,15,36.9,94,19.01,1,0,S
Anthony Novaes,Masculino,1942-01-30,076384123,693.274.058-38,Nenhuma,84,122,67,64,12,37.2,99,74.7,0,0,N
Cecília Campos,Feminino,1954-02-24,372461050,863.105.724-07,Diabetes,72,152,82,90,20,36.8,98,73.78,1,0,N
Alana Oliveira,Feminino,1942-06-18,71063528X,865.213.049-33,Doença Cardiovascular,84,126,68,52,17,36.6,96,24.5,1,0,S
Maria Júlia Nascimento,Feminino,1953-08-28,082471538,269.483.105-24,Hipertensão,73,114,83,66,10,38.0,96,83.29,1,0,S
Antonella das Neves,Feminino,1996-05-18,480253171,976.041.235-70,Hipertensão,30,114,90,101,29,35.3,99,61.36,1,0,N
Luiz Felipe Cunha,Masculino,1981-10-29,381542762,760.918.425-01,Asma,44,88,94,150,16,37.9,100,23.63,1,0,N
Théo Casa Grande,Masculino,1942-08-09,581640731,245.107.968-11,Nenhuma,84,137,61,96,16,36.3,97,65.2,0,0,N
Ester Câmara,Feminino,1963-06-22,382104572,826.915.307-95,Hipertensão,63,118,112,62,18,37.0,100,23.36,1,0,S
José Correia,Masculino,1960-05-15,682130758,684.395.217-82,Nenhuma,66,116,91,75,26,36.2,99,26.52,0,0,N
Emilly Rios,Feminino,1979-10-22,730812467,840.219.763-96,Nenhuma,46,183,79,85,10,35.9,89,84.8,0,1,S
Ana Júlia Sá,Feminino,1969-12-31,475618233,374.891.562-46,Diabetes,56,125,96,76,19,36.9,91,92.95,1,1,N
Ravi Ramos,Masculino,1959-04-25,867214351,671.809.234-78,Nenhuma,67,104,115,107,28,37.3,100,25.69,0,0,N
Brayan da Rocha,Masculino,1976-02-01,87502631X,641.293.705-61,Diabetes,50,111,58,90,18,36.9,96,92.81,1,0,N
Isis Brito,Feminino,1987-02-20,31684570X,193.476.820-04,Nenhuma,39,142,76,107,11,36.1,97,23.88,0,0,N
Raquel Farias,Feminino,1968-09-05,602847138,289.435.670-65,Diabetes,58,122,44,77,14,39.4,100,11.73,1,0,N
Davi Lucas Rios,Masculino,1980-07-18,574106832,207.685.134-80,Nenhuma,46,91,82,118,19,37.5,96,5.82,0,0,N
Carlos Eduardo da Paz,Masculino,1942-09-03,503841626,396.845.271-28,Asma,84,138,85,80,24,37.2,97,24.21,1,0,S
Ana Lívia Correia,Feminino,1985-08-30,643178028,927.413.658-73,Asma,41,106,79,60,16,36.2,93,38.52,1,0,N
Raquel Machado,Feminino,1979-01-24,452301683,473.125.806-53,Hipertensão,47,157,70,139,22,36.0,98,92.75,1,1,S
Leandro Sales,Masculino,1985-01-13,423506183,546.823.179-46,Hipertensão,41,141,49,40,10,36.3,99,24.22,1,0,N
Daniela Nunes,Feminino,1937-10-20,58140273X,041.578.962-11,Nenhuma,89,111,85,66,10,37.4,94,36.55,0,0,N
Maria Clara Dias,Feminino,1972-09-13,607854236,179.345.286-55,Nenhuma,54,145,101,69,15,35.7,93,73.42,0,0,N
Eloá Abreu,Feminino,1940-10-14,153067287,283.471.659-55,Diabetes,86,121,71,147,25,35.6,100,30.21,1,1,N
Isadora Viana,Feminino,1948-12-21,346270856,094.172.536-70,Diabetes,77,137,86,130,18,36.9,96,68.44,1,1,N
Maya da Mota,Feminino,1955-10-19,307541265,712.063.854-80,Nenhuma,70,129,56,122,19,36.8,94,43.21,0,1,N
Davi Luiz Rocha,Masculino,1976-12-28,845370212,809.341.276-03,Doença Cardiovascular,49,103,86,76,19,35.9,99,19.64,1,0,N
Rhavi Martins,Masculino,1994-03-29,721560349,978.356.204-56,Doença Cardiovascular,32,107,74,145,23,35.6,96,73.41,1,1,N
Luiz Henrique Vasconcelos,Masculino,1974-11-05,41356728X,983.406.721-69,Nenhuma,51,140,68,94,14,37.7,92,2.7,0,1,N
Ryan Novaes,Masculino,1988-08-14,587301429,905.462.871-58,Diabetes,38,113,68,109,21,36.8,98,29.23,1,0,N
Emanuella Ramos,Feminino,1954-03-24,821036543,824.390.756-47,Diabetes,72,111,74,89,13,35.4,93,35.62,1,0,N
Anna Liz da Mota,Feminino,1944-05-01,413607823,346.905.781-84,Nenhuma,82,100,85,83,27,35.5,100,45.82,0,0,S
Vitor Gabriel Costa,Masculino,1973-06-19,362081451,934.817.065-10,Diabetes,53,128,60,78,13,36.2,98,67.99,1,0,N
Ana Vitória Siqueira,Feminino,1948-06-09,513682041,370.591.824-97,Asma,78,161,74,79,13,37.1,95,45.94,1,0,N
Antony Montenegro,Masculino,1968-09-19,236401853,082.139.546-70,Nenhuma,58,98,79,100,20,37.0,97,59.43,0,0,N
Nathan Vargas,Masculino,1998-01-20,526413803,054.327.869-74,Nenhuma,28,120,63,94,18,37.4,100,59.58,0,0,S
Hadassa Andrade,Feminino,1938-08-25,264138752,175.920.436-61,Asma,88,148,106,84,19,35.3,97,37.33,1,0,N
Joana Nogueira,Feminino,1979-08-17,287143569,590.241.687-67,Doença Cardiovascular,47,118,67,122,19,36.7,100,93.4,1,1,S
Olivia Rezende,Feminino,1966-11-23,48613720X,412.360.978-31,Diabetes,59,129,69,40,12,37.6,100,95.59,1,0,N
Maria Clara Gonçalves,Feminino,1985-11-18,182750462,397.416.520-70,Hipertensão,40,98,65,97,26,37.6,98,58.19,1,0,N
Lavínia Carvalho,Feminino,2006-06-13,082435716,912.684.073-13,Hipertensão,20,128,106,102,22,36.8,93,7.17,1,0,S
Sarah Moraes,Feminino,1941-05-08,584703260,874.506.319-20,Doença Cardiovascular,85,116,88,113,24,38.4,96,49.11,1,0,S
Miguel Fonseca,Masculino,1970-12-09,784012350,269.457.108-58,Asma,55,139,65,83,15,37.0,98,18.44,1,0,S
Anthony Ribeiro,Masculino,1953-12-03,20568371X,760.581.243-44,Hipertensão,72,143,96,90,20,37.3,93,48.32,1,0,N
Enzo Sá,Masculino,1964-01-07,213764805,248.193.605-15,Nenhuma,62,171,83,109,18,36.5,100,18.85,0,0,N
Cecilia Machado,Feminino,1990-02-04,321745085,647.189.503-84,Asma,36,131,83,122,23,35.9,93,70.39,1,1,N
Emanuelly Nunes,Feminino,1983-06-23,258743104,326.051.478-35,Asma,43,126,74,77,23,35.8,94,8.04,1,0,N
Clara Sousa,Feminino,1948-08-20,734285103,756.032.184-44,Diabetes,78,123,68,91,18,36.6,94,95.33,1,0,N
Maria Alice Aparecida,Feminino,1963-03-30,24538067X,173.045.628-62,Asma,63,112,85,126,10,36.3,99,19.54,1,0,N
Ryan da Conceição,Masculino,1957-10-22,738601251,924.561.803-05,Nenhuma,68,126,71,40,26,35.1,93,66.07,0,0,N
Julia Freitas,Feminino,1952-01-20,253764087,963.247.805-38,Hipertensão,74,114,107,67,20,35.7,89,91.7,1,1,N
Ana Cecília Rios,Feminino,1998-12-06,254816071,893.104.627-87,Diabetes,27,123,60,121,14,36.2,100,24.79,1,0,N
Valentim Vieira,Masculino,1978-05-06,082317653,480.679.125-30,Nenhuma,48,146,103,112,20,37.1,95,93.43,0,0,N
Maria Julia Melo,Feminino,1971-10-04,245713086,678.420.513-80,Doença Cardiovascular,55,99,78,98,10,36.5,92,38.87,1,1,N
Ana Clara Aparecida,Feminino,1987-11-08,103548725,498.256.173-73,Nenhuma,38,142,84,73,23,36.4,93,96.05,0,0,N
Bella Santos,Feminino,1994-10-04,735824617,372.941.508-50,Diabetes,32,146,92,62,10,35.7,100,97.14,1,0,N
João Guilherme Sousa,Masculino,2004-12-13,280316549,483.172.956-64,Doença Cardiovascular,21,117,70,70,16,36.5,94,18.81,1,0,N
Yago Nunes,Masculino,1944-03-20,041732583,375.014.862-71,Asma,82,77,92,123,19,37.6,96,83.11,1,1,N
Maria Flor Rezende,Feminino,1947-09-30,623481753,653.017.284-07,Asma,79,107,40,69,23,36.6,95,19.34,1,0,N
Luiz Otávio Pastor,Masculino,1945-05-18,51742860X,967.230.814-04,Nenhuma,81,145,69,87,18,35.3,92,22.64,0,1,N
Valentim da Cunha,Masculino,2007-03-13,082754615,715.490.862-94,Asma,19,119,66,66,21,35.5,94,8.41,1,0,N
Henry Gabriel Moreira,Masculino,1979-12-04,845163024,356.182.409-98,Hipertensão,46,100,61,106,17,37.0,91,15.65,1,1,N
Maria Ferreira,Feminino,1937-06-21,081375426,354.061.289-06,Diabetes,89,109,76,71,17,36.3,100,63.22,1,0,N
Rafaela Pereira,Feminino,1971-12-18,350147620,379.651.028-03,Doença Cardiovascular,54,136,85,82,18,36.4,97,44.93,1,0,N
Theodoro Carvalho,Masculino,1993-09-24,426571381,201.374.586-90,Hipertensão,33,130,90,42,17,36.0,100,79.09,1,0,N
Eloah da Conceição,Feminino,1967-02-17,318470263,068.543.792-29,Doença Cardiovascular,59,115,83,44,10,36.9,94,33.2,1,0,N
Théo Ramos,Masculino,1987-06-17,681034270,706.924.381-22,Hipertensão,39,112,70,85,14,36.3,93,96.86,1,0,N
Heitor Cassiano,Masculino,2001-04-10,875620346,561.478.230-35,Asma,25,112,85,51,19,36.4,100,4.99,1,0,N
Eduarda Fonseca,Feminino,1962-08-18,042658317,102.467.958-67,Hipertensão,64,101,81,137,16,35.8,100,6.29,1,0,N
Dante Ribeiro,Masculino,1975-06-02,163247055,503.172.689-02,Asma,51,152,94,40,17,37.2,98,70.14,1,0,N
Oliver Farias,Masculino,1966-04-21,842560312,946.157.023-61,Asma,60,113,91,64,16,36.3,92,88.75,1,1,N
Rodrigo Rocha,Masculino,1938-03-11,173286501,306.721.485-44,Diabetes,88,144,80,85,13,37.0,100,79.55,1,0,N
Pietra Costela,Feminino,1967-08-05,804127359,961.804.372-03,Nenhuma,59,150,66,75,15,35.5,96,48.98,0,0,N
Enrico Ramos,Masculino,1986-12-29,056843215,195.073.248-79,Nenhuma,39,139,70,57,16,37.9,95,26.96,0,0,S
Antônio da Cruz,Masculino,1940-08-17,130285468,652.143.789-55,Diabetes,86,111,71,61,18,37.5,100,1.35,1,0,N
Davi Lucas Oliveira,Masculino,1942-02-10,321540682,826.405.731-44,Doença Cardiovascular,84,128,75,60,19,35.0,96,50.95,1,0,N
Enrico Carvalho,Masculino,1999-10-28,785216406,703.169.824-31,Nenhuma,26,119,84,77,17,35.9,92,47.56,0,1,N
Diogo Araújo,Masculino,1984-04-07,473125869,894.651.037-48,Doença Cardiovascular,42,101,90,133,12,36.9,97,34.42,1,1,N
Joana Cirino,Feminino,1970-05-23,018627341,973.062.145-43,Diabetes,56,126,79,86,11,35.4,93,57.81,1,0,N
Maria Luiza Peixoto,Feminino,1972-10-05,867134203,120.856.947-30,Asma,54,96,80,114,30,36.4,84,72.88,1,1,N
Allana Silveira,Feminino,1953-07-01,601732455,361.905.427-43,Asma,73,143,82,97,12,36.8,93,70.09,1,0,N
Larissa Barros,Feminino,2003-06-24,30264751X,283.541.079-14,Hipertensão,23,110,72,112,15,36.4,94,26.33,1,0,N
Melissa Pereira,Feminino,1945-10-13,160284570,015.697.348-01,Asma,81,124,66,40,20,36.9,92,58.53,1,1,N
Rodrigo Cavalcante,Masculino,1937-07-02,587261031,847.502.196-49,Asma,89,125,53,77,19,35.9,99,14.88,1,0,N
Maria Sophia Peixoto,Feminino,1942-01-18,563274803,978.653.420-47,Nenhuma,84,114,69,117,20,34.7,93,12.16,0,0,N
Fernando Pinto,Masculino,1949-05-18,136748053,108.425.973-79,Nenhuma,77,131,87,70,15,37.3,98,78.59,0,0,N
Enzo Silveira,Masculino,1950-02-01,573162803,293.781.460-31,Asma,76,110,69,129,19,37.3,92,69.37,1,1,N
Mirella Peixoto,Feminino,1983-11-30,160452387,472.568.019-20,Hipertensão,42,137,76,122,18,38.5,100,76.79,1,1,N
Bernardo da Conceição,Masculino,1975-08-06,012574867,238.617.905-21,Nenhuma,51,93,86,73,16,34.7,91,15.25,0,1,N
Matheus Cardoso,Masculino,1976-06-06,365478027,493.072.156-34,Diabetes,50,122,87,72,19,37.1,87,91.46,1,1,N
Antony Costa,Masculino,1970-08-18,832750463,169.354.827-55,Nenhuma,56,158,63,59,23,34.9,100,13.31,0,0,N
Sofia Rodrigues,Feminino,2006-08-14,072384657,307.196.425-07,Diabetes,20,99,94,69,17,37.9,93,87.0,1,0,N
Dom Pereira,Masculino,1983-08-26,723086540,754.913.820-60,Asma,43,106,96,54,17,36.9,100,35.24,1,0,N
Felipe Melo,Masculino,1978-03-28,375462016,701.694.832-31,Nenhuma,48,130,63,95,23,35.7,99,10.54,0,0,N
Arthur Miguel Viana,Masculino,1944-03-14,864502710,957.461.820-01,Nenhuma,82,123,67,48,22,37.1,100,28.68,0,0,N
Theodoro Sá,Masculino,1938-08-24,630548274,356.172.840-53,Asma,88,127,97,100,25,36.1,100,18.14,1,0,N
Caleb Mendes,Masculino,1950-07-10,738425163,342.197.058-05,Asma,76,129,77,100,10,36.7,97,49.07,1,0,N
Ágatha Abreu,Feminino,1957-09-01,746250319,492.107.368-69,Hipertensão,69,132,46,43,22,36.7,97,94.97,1,0,N
Vicente Leão,Masculino,1990-04-01,625318742,796.053.824-74,Diabetes,36,142,59,123,21,37.9,100,32.79,1,1,N
Ana Clara Sampaio,Feminino,1964-04-06,432760817,517.286.904-20,Nenhuma,62,128,76,97,13,38.0,97,61.21,0,0,N
Paulo da Conceição,Masculino,1962-11-21,04127653X,843.965.120-15,Nenhuma,63,115,62,103,19,36.0,94,89.17,0,0,N
Maria Helena Ferreira,Feminino,1972-12-26,076453121,316.492.580-89,Asma,53,133,73,66,23,37.3,99,63.01,1,0,S
Beatriz Lima,Feminino,1936-08-18,735826407,267.954.803-56,Doença Cardiovascular,90,157,80,100,13,36.8,88,36.22,1,1,N
José Miguel Mendes,Masculino,1974-01-13,674215308,768.012.345-44,Asma,52,117,101,113,20,35.4,100,99.08,1,0,N
Antonella da Paz,Feminino,1955-02-25,730865125,857.362.940-10,Asma,71,100,75,82,22,35.9,100,18.74,1,0,N
Yago Jesus,Masculino,1974-06-21,13250487X,650.149.382-05,Doença Cardiovascular,52,142,96,135,12,38.4,100,52.33,1,1,N
Esther Abreu,Feminino,1957-11-20,621857403,642.759.813-91,Hipertensão,68,117,101,86,17,36.8,100,79.67,1,0,N
Vicente Campos,Masculino,1994-12-24,387452011,348.697.102-69,Diabetes,31,76,101,113,19,37.3,96,0.06,1,0,N
André Garcia,Masculino,1959-01-25,021863453,137.584.960-39,Asma,67,136,84,92,14,36.3,96,70.2,1,0,N
Luara Jesus,Feminino,1953-07-13,271850644,813.792.506-68,Doença Cardiovascular,73,109,50,99,13,36.1,92,26.65,1,1,N
Cauê Cassiano,Masculino,1970-10-24,247501682,653.210.794-80,Nenhuma,55,118,86,43,17,36.5,100,16.97,0,0,N
Isis da Luz,Feminino,1951-05-02,348602157,572.369.108-21,Diabetes,75,126,95,94,22,36.3,95,27.42,1,0,N
Otávio Nunes,Masculino,1984-03-20,035264172,203.891.467-22,Hipertensão,42,123,78,66,21,35.3,98,96.68,1,0,N
João Guilherme Rodrigues,Masculino,1970-08-28,028635176,708.591.643-57,Hipertensão,56,134,106,63,13,35.7,98,89.19,1,0,N
Gustavo Jesus,Masculino,1951-05-17,137254684,234.075.918-88,Nenhuma,75,111,92,128,21,37.1,91,21.38,0,1,N
Rafaela Cavalcanti,Feminino,1948-04-30,760185244,062.394.581-98,Doença Cardiovascular,78,130,88,79,13,36.2,90,11.7,1,1,N
Rafaela da Cunha,Feminino,1976-02-12,275603143,315.264.087-08,Hipertensão,50,114,96,59,10,36.5,97,36.42,1,0,N
Luiz Felipe Vasconcelos,Masculino,1981-07-08,760154284,764.531.029-43,Doença Cardiovascular,45,134,85,76,16,36.7,95,59.23,1,0,N
Davi Miguel Ribeiro,Masculino,1998-06-06,053276413,516.208.347-07,Asma,28,132,42,52,23,36.8,96,86.71,1,0,N
Heloísa Machado,Feminino,1940-12-01,302654185,739.021.648-40,Nenhuma,85,101,72,120,21,37.4,100,96.61,0,1,N
Beatriz Cunha,Feminino,1984-06-10,023176854,523.479.608-65,Nenhuma,42,141,97,67,17,35.6,97,75.12,0,0,N
Maria Liz Viana,Feminino,1998-05-14,786452031,085.269.374-56,Nenhuma,28,109,67,98,15,37.0,100,59.9,0,0,S
Yan Pimenta,Masculino,1946-05-11,273140589,576.198.032-03,Diabetes,80,136,76,118,16,37.1,98,14.23,1,0,N
Ana Júlia Castro,Feminino,1991-04-06,08415326X,543.917.068-57,Asma,35,127,64,72,18,37.3,95,7.4,1,0,N
Alana Borges,Feminino,1970-08-13,264017584,037.891.524-04,Hipertensão,56,156,106,98,12,35.4,92,59.6,1,1,N
Ravy Peixoto,Masculino,2008-01-02,752803414,073.816.429-13,Nenhuma,18,115,105,59,16,36.7,98,53.91,0,0,N
Aurora Azevedo,Feminino,1941-01-15,065384179,316.749.508-10,Hipertensão,85,113,66,146,16,37.9,97,84.61,1,1,N
Henry Freitas,Masculino,1947-10-08,207145386,904.356.871-66,Doença Cardiovascular,79,119,82,108,11,36.4,100,32.26,1,0,N
Ana Carolina Silveira,Feminino,1981-07-05,073461854,531.462.789-28,Nenhuma,45,113,69,80,13,36.9,96,3.97,0,0,N
Murilo Pimenta,Masculino,1965-12-05,214576802,916.024.738-03,Asma,60,135,89,65,20,37.1,95,42.37,1,0,N
Benjamin Vasconcelos,Masculino,1981-05-31,124368074,982.351.467-46,Diabetes,45,87,87,82,18,35.7,96,96.92,1,0,N
Thales Macedo,Masculino,2004-03-10,530761488,574.608.231-71,Nenhuma,22,98,92,76,16,38.0,93,79.56,0,0,S
Gabriela Ribeiro,Feminino,1996-03-09,084156235,089.367.154-10,Asma,30,98,84,133,13,36.9,100,3.38,1,0,N
João Pedro Correia,Masculino,1965-05-30,741302652,401.538.629-98,Doença Cardiovascular,61,139,124,54,25,36.9,100,87.47,1,0,N
Thomas Moreira,Masculino,1990-09-01,786145031,138.976.240-87,Asma,36,154,64,88,13,35.2,92,47.17,1,1,N
Eloá Rocha,Feminino,1938-11-16,321540876,804.516.723-80,Doença Cardiovascular,87,117,54,84,19,37.1,100,36.48,1,0,N
Maria Cecília da Costa,Feminino,1959-02-20,602834156,498.627.015-01,Nenhuma,67,116,74,82,15,36.9,89,34.67,0,1,N
Eduarda Borges,Feminino,1964-07-20,243605870,946.021.357-06,Hipertensão,62,121,56,82,18,37.8,100,59.51,1,0,S
Murilo Fogaça,Masculino,1949-10-20,643127057,519.362.048-51,Hipertensão,76,143,57,82,20,36.3,94,53.06,1,0,S
Nathan Pastor,Masculino,1988-10-11,738462159,941.358.076-66,Hipertensão,37,101,64,106,11,35.7,98,65.66,1,0,N
Valentim Albuquerque,Masculino,1963-01-08,840362158,812.730.546-44,Doença Cardiovascular,63,124,66,100,17,36.0,89,57.36,1,1,N
Caleb Novaes,Masculino,1968-07-31,783065413,982.174.306-40,Doença Cardiovascular,58,139,65,95,23,36.1,92,14.39,1,1,N
Luiz Fernando Ferreira,Masculino,1996-10-19,241370851,706.324.918-50,Hipertensão,29,130,87,40,26,35.6,98,25.72,1,0,N
Heloisa Pereira,Feminino,1952-02-23,823506149,092.684.371-04,Hipertensão,74,123,72,92,17,37.5,94,84.1,1,0,N
Mirella Guerra,Feminino,2001-12-28,708213649,647.052.389-74,Doença Cardiovascular,24,140,77,43,18,37.6,93,66.33,1,0,N
André da Luz,Masculino,1970-09-26,053768425,165.309.248-33,Diabetes,56,70,93,101,29,36.3,100,44.84,1,0,S
Maria Luísa Montenegro,Feminino,2005-01-18,682347504,256.490.137-99,Diabetes,21,133,68,121,23,36.2,100,18.26,1,0,N
Brayan Montenegro,Masculino,1972-12-09,274610358,620.137.845-62,Doença Cardiovascular,53,106,76,61,14,35.0,100,0.77,1,0,N
Luigi Camargo,Masculino,1965-06-02,251870637,847.239.561-82,Asma,61,83,85,78,14,37.1,92,31.19,1,1,N
Jade Nascimento,Feminino,1999-05-23,184620570,136.407.285-80,Doença Cardiovascular,27,130,50,70,22,37.8,100,5.48,1,0,N
José Sales,Masculino,1982-02-14,013846759,496.128.035-60,Doença Cardiovascular,44,147,44,115,12,36.0,90,48.23,1,1,N
Maria Flor Nunes,Feminino,1953-05-12,520386747,721.308.564-62,Nenhuma,73,117,85,87,23,36.4,95,82.18,0,0,N
Joaquim Sá,Masculino,1973-10-17,740218359,120.845.673-35,Doença Cardiovascular,52,139,87,128,19,36.8,97,28.54,1,0,N
Raul Rodrigues,Masculino,1972-01-13,763512400,629.571.034-43,Nenhuma,54,152,110,95,20,37.9,100,84.78,0,0,N
Arthur Mendes,Masculino,1941-03-22,058674317,946.038.725-00,Diabetes,85,146,82,91,16,36.7,100,70.46,1,0,N
Joana Azevedo,Feminino,1979-07-13,013428561,952.041.763-06,Hipertensão,47,152,92,86,14,36.7,95,12.53,1,0,S
Hellena Rocha,Feminino,1966-03-17,058124378,231.097.465-06,Asma,60,134,77,105,25,36.6,93,64.46,1,0,N
Luara Jesus,Feminino,1976-09-29,23564108X,547.683.019-75,Asma,50,121,84,41,16,35.4,100,15.17,1,0,N
Stella Nascimento,Feminino,1987-03-04,024375160,120.357.849-05,Nenhuma,39,87,105,87,15,35.3,94,65.48,0,0,N
Julia da Cruz,Feminino,1992-06-20,536472816,432.975.086-47,Hipertensão,34,115,48,83,17,35.9,97,14.27,1,0,N
Ayla Guerra,Feminino,1992-03-02,486125373,874.105.369-93,Doença Cardiovascular,34,103,86,103,18,37.3,91,39.25,1,1,N
Breno Novaes,Masculino,1938-08-29,208736517,487.321.605-26,Nenhuma,88,163,112,80,12,36.2,99,56.66,0,0,N
Olívia Dias,Feminino,1955-12-29,372065843,029.674.351-80,Diabetes,70,116,84,59,15,36.1,98,5.04,1,0,N
Helena Oliveira,Feminino,1956-03-30,736854216,983.146.207-69,Asma,70,122,104,85,14,36.1,92,15.33,1,1,N
Fernando Souza,Masculino,1983-03-17,615830274,162.840.593-70,Asma,43,131,70,57,22,36.4,100,32.04,1,0,N
Theo Sousa,Masculino,2007-10-09,576032487,732.406.815-44,Doença Cardiovascular,18,120,79,40,13,37.9,99,46.23,1,0,N
Isaac Sousa,Masculino,1960-09-02,547830129,792.045.618-58,Hipertensão,66,153,80,103,10,36.4,99,85.85,1,0,N
João Costela,Masculino,1996-10-17,081243765,509.327.168-30,Nenhuma,29,107,46,99,10,35.9,95,18.73,0,0,N
Guilherme da Cruz,Masculino,1979-12-06,053274817,026.539.741-34,Hipertensão,46,123,62,96,10,36.5,97,34.75,1,0,N
Luiz Henrique Cassiano,Masculino,2002-11-08,327615047,278.914.650-02,Asma,23,105,63,117,24,37.9,97,47.58,1,1,N
Dante Barros,Masculino,1998-03-09,180652345,169.804.325-24,Hipertensão,28,93,92,68,18,36.1,96,29.58,1,0,N
André Teixeira,Masculino,1970-01-17,843562705,421.986.750-30,Nenhuma,56,107,93,49,20,35.6,97,62.57,0,0,N
Ana Cecília Mendes,Feminino,1971-05-09,217843050,094.527.183-23,Diabetes,55,119,84,83,20,36.1,100,25.66,1,0,N
Luara Monteiro,Feminino,1991-01-13,075612380,687.350.914-01,Hipertensão,35,111,92,76,18,36.6,100,77.24,1,0,N
Kamilly Mendonça,Feminino,1997-01-10,021537860,185.307.462-44,Doença Cardiovascular,29,106,77,63,17,37.1,92,50.52,1,1,N
Sophia da Mota,Feminino,1978-10-13,720854362,073.846.512-71,Diabetes,47,91,98,83,23,37.3,100,8.63,1,0,N
Henry Sá,Masculino,1976-08-20,87640153X,715.238.094-50,Doença Cardiovascular,50,118,80,69,18,35.7,100,62.7,1,0,N
Carolina Aragão,Feminino,1985-07-17,748562138,136.720.895-59,Asma,41,89,80,40,24,35.7,96,56.92,1,0,N
Mariana Mendes,Feminino,1979-06-30,602145375,372.691.850-77,Asma,47,135,76,73,21,36.2,99,33.86,1,0,S
Ana Beatriz Montenegro,Feminino,1993-02-08,745310825,635.471.082-17,Doença Cardiovascular,33,121,90,56,14,37.0,98,1.12,1,0,N
Matteo Rodrigues,Masculino,1945-10-06,17832064X,510.749.632-61,Asma,81,90,73,90,15,35.5,93,20.07,1,0,N
Natália Campos,Feminino,1960-05-07,283654715,486.017.932-31,Hipertensão,66,113,94,68,14,36.0,95,40.57,1,0,N
Levi Sales,Masculino,1986-03-21,752684139,580.367.429-00,Hipertensão,40,104,63,112,24,36.0,100,19.99,1,0,N
Anthony Gabriel Rocha,Masculino,2006-12-08,132058649,204.597.163-52,Diabetes,19,126,63,125,15,37.3,95,57.75,1,1,N
Maria Helena Pacheco,Feminino,1974-08-19,605243712,956.142.807-58,Doença Cardiovascular,52,146,90,101,14,36.9,100,71.23,1,0,N
Luan Fonseca,Masculino,1980-09-26,518472607,461.935.702-25,Diabetes,46,82,78,46,19,37.2,100,85.6,1,0,N
Joana Cirino,Feminino,1940-05-03,807124539,037.186.524-71,Asma,86,122,73,122,17,37.6,100,64.7,1,1,N
Julia da Costa,Feminino,1981-09-01,365728044,701.284.569-49,Doença Cardiovascular,45,116,93,124,19,36.3,100,68.9,1,1,N
Ravy Pimenta,Masculino,2003-12-09,564317202,783.194.650-01,Asma,22,133,70,85,27,35.6,96,60.84,1,0,N
Luiz Otávio Cirino,Masculino,1999-08-08,078532413,496.275.310-06,Asma,27,124,76,118,22,35.6,97,98.55,1,1,N
Mariana Costela,Feminino,1979-02-19,806217431,108.935.467-39,Nenhuma,47,104,100,71,18,35.0,98,26.1,0,0,N
Marcelo Fonseca,Masculino,1952-05-17,283571044,759.024.631-06,Nenhuma,74,113,103,40,10,36.1,96,26.63,0,0,N
Lara Machado,Feminino,2003-05-27,375180266,521.938.746-46,Hipertensão,23,104,103,65,15,36.2,99,12.63,1,0,N
Davi Lucca Oliveira,Masculino,1959-05-29,248365071,948.320.751-79,Diabetes,67,141,75,128,21,37.1,90,48.57,1,1,N
Carlos Eduardo Silveira,Masculino,1953-03-21,12508643X,869.427.130-31,Diabetes,73,120,98,47,12,36.5,97,9.62,1,0,N
Isaac Novais,Masculino,1949-09-14,874036513,549.618.720-67,Nenhuma,77,158,65,84,28,36.1,91,27.01,0,1,N
Mateus Costa,Masculino,2006-09-22,458623106,402.189.537-04,Diabetes,20,118,66,85,18,36.4,93,48.27,1,0,N
Clarice Melo,Feminino,1949-09-30,56287043X,943.870.265-29,Hipertensão,77,105,44,72,18,35.7,99,95.76,1,0,N
Felipe Leão,Masculino,1960-03-13,287105635,023.489.576-47,Hipertensão,66,89,105,73,14,37.3,96,96.38,1,0,N
Davi Luiz Pires,Masculino,1985-02-05,602483517,908.427.615-94,Nenhuma,41,83,67,86,20,35.9,99,74.37,0,0,N
Vitor Silveira,Masculino,1956-01-28,285473013,412.985.736-37,Diabetes,70,88,78,70,12,35.6,96,38.93,1,0,N
Raquel da Rosa,Feminino,1979-05-19,201764830,190.453.672-70,Hipertensão,47,125,66,49,28,37.2,100,86.52,1,0,N
Ana Julia Gonçalves,Feminino,1984-08-18,128560344,418.639.752-09,Hipertensão,42,130,90,90,24,37.0,96,87.55,1,0,N
Elisa Araújo,Feminino,1949-06-29,682134752,879.314.652-37,Hipertensão,77,88,74,111,22,35.1,89,91.02,1,1,N
Jade Melo,Feminino,1980-06-30,264581301,730.581.924-79,Asma,46,137,60,106,11,37.2,97,64.0,1,0,N
Milena Souza,Feminino,1993-03-09,875301423,821.547.390-32,Nenhuma,33,110,86,64,19,35.9,88,20.18,0,1,N
Joana Fonseca,Feminino,1994-04-23,873412503,064.832.175-44,Nenhuma,32,122,58,53,24,36.2,91,9.11,0,1,N
José Miguel Ferreira,Masculino,1985-12-28,061547839,345.796.128-09,Doença Cardiovascular,40,152,67,77,20,36.6,93,91.48,1,0,N
Maria Sophia Campos,Feminino,1949-08-11,583126042,873.065.192-12,Hipertensão,77,137,48,124,12,37.0,92,5.55,1,1,S
Gael Henrique Oliveira,Masculino,1985-10-26,273504186,925.437.816-09,Nenhuma,40,114,58,101,14,36.9,94,29.59,0,0,N
Vitor Gabriel Cavalcanti,Masculino,1987-10-07,354268077,493.015.628-98,Nenhuma,39,102,82,102,15,36.5,92,48.7,0,1,N
Luiz Gustavo Duarte,Masculino,1976-02-08,271564830,613.748.502-17,Doença Cardiovascular,50,76,50,107,14,36.2,91,2.2,1,1,N
Raquel Vasconcelos,Feminino,1950-09-01,702516831,904.387.216-40,Nenhuma,76,105,57,95,25,36.8,100,90.69,0,0,S
Anna Liz Garcia,Feminino,1969-07-09,582631749,407.129.853-79,Hipertensão,57,115,79,88,10,36.4,94,28.71,1,0,S
João Pedro Martins,Masculino,1973-09-17,702853148,879.034.621-13,Hipertensão,53,100,71,101,21,37.9,88,2.85,1,1,N
Enzo Porto,Masculino,1944-04-19,568234017,815.793.420-60,Asma,82,117,109,71,11,37.0,95,99.36,1,0,N
Mariah Pires,Feminino,1988-07-03,564027315,152.370.684-80,Asma,38,121,107,49,13,35.8,92,31.14,1,1,N
Nathan Barbosa,Masculino,1957-01-07,675184204,613.802.597-03,Asma,69,115,66,103,10,36.1,93,87.68,1,0,N
Enrico Fernandes,Masculino,1953-10-10,127456831,293.714.085-88,Diabetes,73,106,88,115,15,36.5,99,45.35,1,0,S
Levi Dias,Masculino,1979-05-29,708531647,918.607.543-84,Doença Cardiovascular,47,123,91,57,25,37.5,95,66.31,1,0,N
Juliana Pereira,Feminino,1981-12-26,541320671,691.843.507-84,Nenhuma,44,128,71,105,19,37.6,92,24.11,0,1,N
João Gabriel Macedo,Masculino,1960-05-15,051876243,967.403.182-04,Nenhuma,66,98,57,127,12,36.2,98,50.29,0,1,S
Stephany Machado,Feminino,2000-07-07,384605710,714.039.852-60,Asma,26,148,79,84,23,35.8,100,25.77,1,0,N
Enzo Cirino,Masculino,1994-11-04,168475327,970.831.462-50,Asma,31,118,77,64,24,35.7,99,95.11,1,0,N
Carolina Siqueira,Feminino,1963-02-12,802475632,712.096.354-61,Nenhuma,63,120,73,88,18,36.7,87,6.09,0,1,N
Isis Souza,Feminino,1964-05-01,156873400,962.310.854-06,Diabetes,62,134,86,71,28,38.3,92,27.47,1,1,N
Gustavo Henrique Cavalcante,Masculino,1988-02-02,56301748X,429.135.780-04,Doença Cardiovascular,38,124,68,69,22,36.9,97,89.31,1,0,N
Bella Brito,Feminino,2003-10-25,870235412,784.025.936-74,Asma,22,139,62,95,21,35.2,96,48.0,1,0,N
Olívia Novaes,Feminino,1969-04-03,578426134,206.813.475-62,Nenhuma,57,125,81,44,13,35.9,95,60.01,0,0,N
Amanda Vargas,Feminino,1960-08-31,582064375,014.275.389-05,Hipertensão,66,107,85,48,21,36.0,93,65.17,1,0,N
Valentina Teixeira,Feminino,1954-05-04,624503811,582.634.079-74,Doença Cardiovascular,72,127,62,85,19,35.8,91,7.09,1,1,N
Bella da Luz,Feminino,1941-01-01,85620173X,583.194.026-89,Doença Cardiovascular,85,97,93,84,20,36.2,100,1.77,1,0,S
Daniela Barros,Feminino,1944-10-28,251786031,936.482.105-05,Nenhuma,81,122,53,93,14,36.8,97,93.78,0,0,N
Leonardo da Conceição,Masculino,1963-03-26,826037549,192.530.476-07,Nenhuma,63,119,71,131,18,37.0,99,27.15,0,0,N
João Miguel Macedo,Masculino,1975-12-11,218635473,289.367.541-73,Diabetes,50,115,76,87,13,37.4,97,38.03,1,0,N
Caroline Moura,Feminino,1964-06-09,520168379,389.765.104-10,Hipertensão,62,117,70,99,10,36.9,97,68.21,1,0,N
Arthur Andrade,Masculino,1940-08-07,471086356,426.537.908-74,Diabetes,86,82,71,60,22,34.9,96,23.63,1,0,N
Lunna Melo,Feminino,1995-01-07,357160848,142.697.538-46,Nenhuma,31,109,108,104,10,35.7,92,73.31,0,1,N
Vitor Hugo da Mata,Masculino,1954-05-06,405618372,340.976.128-40,Doença Cardiovascular,72,121,67,71,18,36.4,90,45.82,1,1,N
Melina Carvalho,Feminino,1971-11-19,408271565,694.372.801-69,Diabetes,54,123,116,86,19,36.6,98,85.66,1,0,N
Rafael Pires,Masculino,2003-12-25,802516439,641.705.392-06,Nenhuma,22,99,86,82,19,37.2,97,27.85,0,0,N
Maya Moura,Feminino,1975-12-10,082346756,027.148.593-05,Hipertensão,50,145,81,110,16,36.5,100,20.38,1,0,N
Luiz Felipe Mendes,Masculino,1995-09-09,327680453,560.487.921-58,Nenhuma,31,102,87,52,19,36.5,99,83.17,0,0,N
Heloísa Borges,Feminino,1973-01-20,136285740,806.495.321-98,Hipertensão,53,139,117,40,20,36.7,93,32.63,1,0,N
Leandro Fonseca,Masculino,1966-06-10,718643203,950.183.627-40,Diabetes,60,128,65,79,21,36.3,100,41.19,1,0,N
Joana Cassiano,Feminino,1955-02-20,764301585,623.780.591-59,Asma,71,107,63,96,26,36.6,100,79.37,1,0,N
Anthony Abreu,Masculino,2007-05-26,420615374,328.590.167-59,Asma,19,155,68,88,19,37.4,99,63.56,1,0,N
Catarina Ferreira,Feminino,1981-08-05,31705286X,624.903.178-22,Nenhuma,45,96,80,115,18,36.4,100,44.17,0,0,N
Ravy Nascimento,Masculino,1971-06-25,801457233,945.830.162-98,Nenhuma,55,138,54,95,13,36.5,100,24.99,0,0,N
Samuel Sá,Masculino,1943-08-19,682714057,710.523.694-99,Nenhuma,83,140,80,70,20,36.5,99,76.42,0,0,N
Kaique Albuquerque,Masculino,1967-08-28,028514373,674.028.315-07,Asma,59,106,105,40,21,37.5,99,18.04,1,0,N
Lavínia Peixoto,Feminino,1958-08-08,830714522,240.583.971-79,Doença Cardiovascular,68,147,82,79,17,35.6,100,92.83,1,0,N
Alana Novaes,Feminino,1945-12-10,702583467,507.239.614-25,Asma,80,114,75,110,20,37.9,94,15.03,1,0,N
Esther Jesus,Feminino,1944-09-18,314068752,321.840.975-60,Hipertensão,82,125,70,75,16,35.6,94,80.49,1,0,N
Maya Gonçalves,Feminino,1991-03-26,507184622,409.613.257-80,Hipertensão,35,125,93,85,21,36.0,99,42.42,1,0,S
Enrico Silva,Masculino,2008-04-27,487230164,196.078.453-66,Diabetes,18,117,67,95,22,37.1,93,18.6,1,0,N
Marcos Vinicius Câmara,Masculino,1938-09-27,476320811,567.481.390-66,Hipertensão,88,136,107,59,22,37.3,99,40.24,1,0,N
Bruno Lima,Masculino,1940-11-14,756812343,439.560.827-29,Nenhuma,85,135,109,100,18,35.4,97,22.16,0,0,N
Valentim Teixeira,Masculino,1943-08-03,230716453,480.963.251-24,Hipertensão,83,85,83,125,12,35.6,93,13.6,1,0,N
João Gabriel da Paz,Masculino,1974-10-25,375406281,146.890.723-96,Nenhuma,51,146,79,80,14,36.7,97,23.92,0,0,N
Noah Correia,Masculino,1945-01-16,576013821,687.923.504-29,Asma,81,86,95,56,20,38.4,100,86.74,1,0,N
Fernando Carvalho,Masculino,1942-09-28,68730412X,287.360.915-02,Doença Cardiovascular,84,140,96,83,30,37.5,97,10.59,1,0,N
Brenda Porto,Feminino,1989-12-25,683541201,716.420.859-01,Hipertensão,36,142,67,40,16,36.3,97,97.25,1,0,S
Rael da Mata,Masculino,1966-08-22,385704161,408.931.652-98,Doença Cardiovascular,60,98,72,93,20,34.6,98,0.5,1,0,N
Gabriel Duarte,Masculino,1938-08-28,506743810,714.830.692-22,Hipertensão,88,111,60,96,15,36.6,98,65.82,1,0,N
Clarice Aragão,Feminino,1983-12-12,061754389,219.754.608-20,Doença Cardiovascular,42,97,86,126,13,36.8,95,85.65,1,1,N
Alícia Cirino,Feminino,1940-02-11,062437185,324.019.756-16,Doença Cardiovascular,86,115,89,80,14,36.2,98,93.4,1,0,N
João Miguel da Mata,Masculino,1943-11-17,237840510,065.389.427-92,Asma,82,113,59,95,10,35.8,92,14.4,1,1,N
Pedro Lucas Siqueira,Masculino,2007-01-20,284761539,895.620.437-38,Diabetes,19,135,73,63,24,36.6,93,69.82,1,0,N
Igor Borges,Masculino,1988-04-09,857264035,201.987.354-05,Asma,38,146,59,76,10,35.7,94,10.73,1,0,N
Anthony Gabriel Monteiro,Masculino,1956-06-27,167082358,542.396.071-16,Hipertensão,70,147,66,46,16,38.0,98,35.26,1,0,N
Manuela Leão,Feminino,1953-04-24,368451276,104.297.356-34,Nenhuma,73,108,88,80,12,37.7,97,73.19,0,0,S
Sara Freitas,Feminino,1951-11-01,364517025,680.947.231-22,Diabetes,74,115,68,77,13,37.0,96,34.6,1,0,N
Arthur Gabriel Farias,Masculino,1979-10-24,045132677,260.957.813-02,Hipertensão,46,86,75,92,24,36.6,99,31.34,1,0,N
Diogo Araújo,Masculino,1990-08-15,843625715,413.789.062-50,Nenhuma,36,103,55,69,19,36.0,98,11.61,0,0,N
Maria Júlia Barbosa,Feminino,2003-06-24,413760820,231.964.807-04,Doença Cardiovascular,23,139,82,87,13,36.5,95,6.64,1,0,S
Ravy Cirino,Masculino,1961-07-21,630724817,680.142.593-51,Doença Cardiovascular,65,152,79,76,15,37.8,92,11.53,1,1,N
Isis Garcia,Feminino,1952-12-30,760824319,975.613.280-95,Asma,73,95,69,76,14,37.2,93,87.55,1,0,N
Davi Vargas,Masculino,1937-06-02,018524679,056.142.893-05,Nenhuma,89,108,77,87,17,36.7,91,1.12,0,1,N
Maria Isis Vargas,Feminino,1978-05-20,72408163X,901.583.627-21,Nenhuma,48,119,82,86,18,37.2,97,69.29,0,0,N
Isadora Sousa,Feminino,1991-05-25,183460571,235.768.041-53,Asma,35,125,67,104,27,36.9,93,76.86,1,0,N
Fernanda Marques,Feminino,1948-04-15,60813742X,159.067.348-48,Asma,78,103,57,81,10,36.8,95,56.79,1,0,N
Stephany Rios,Feminino,2006-04-17,608254319,120.436.578-44,Nenhuma,20,128,107,76,17,37.3,96,73.08,0,0,N
Renan Gomes,Masculino,1963-09-21,652137489,795.302.416-07,Nenhuma,63,110,70,80,16,36.9,100,65.23,0,0,N
Luna Castro,Feminino,1975-04-16,378025612,234.869.570-74,Asma,51,119,78,67,22,37.2,100,45.56,1,0,N
Ana Cecília Souza,Feminino,1937-01-06,452687317,457.926.081-30,Doença Cardiovascular,89,130,95,76,19,36.6,96,38.27,1,0,N
Vicente Campos,Masculino,1947-06-14,607184358,180.426.795-30,Doença Cardiovascular,79,120,130,135,20,36.3,100,94.13,1,1,N
Rodrigo Porto,Masculino,1977-06-11,283156740,032.861.759-86,Hipertensão,49,111,61,62,19,36.1,88,97.19,1,1,S
Fernanda Fonseca,Feminino,1980-07-29,42503186X,031.279.846-69,Nenhuma,46,117,86,78,13,36.0,100,65.13,0,0,N
Helena Camargo,Feminino,2006-11-08,857042312,302.795.416-43,Asma,19,118,69,75,24,35.2,99,19.73,1,0,N
Maya Duarte,Feminino,1994-11-03,032845169,897.503.264-74,Nenhuma,31,112,71,78,21,35.8,97,44.79,0,0,S
Enzo Vieira,Masculino,1944-11-01,018732641,801.937.546-57,Diabetes,81,114,69,76,22,35.7,93,49.65,1,0,N
Bárbara Gonçalves,Feminino,1953-09-18,487213609,245.906.378-47,Diabetes,73,151,63,91,24,36.1,95,75.8,1,0,S
Alexia Aparecida,Feminino,1965-05-30,061342579,439.670.852-10,Diabetes,61,131,79,42,20,37.7,99,66.78,1,0,N
Olívia Sales,Feminino,1953-05-30,146872538,035.689.274-38,Hipertensão,73,114,57,110,25,36.4,99,51.48,1,0,N
Eduardo Freitas,Masculino,1980-03-30,684251036,348.159.267-19,Doença Cardiovascular,46,133,94,100,19,36.7,99,68.04,1,0,N
Isadora Castro,Feminino,2000-11-07,561327403,063.742.159-07,Doença Cardiovascular,25,113,80,53,16,36.7,94,2.41,1,0,N
Caleb Rodrigues,Masculino,2002-09-24,013586476,863.741.290-40,Asma,24,143,86,40,17,37.8,93,77.66,1,0,N
Maitê Teixeira,Feminino,1956-02-22,478526301,152.736.049-07,Diabetes,70,127,73,60,17,36.0,97,21.16,1,0,N
Bento Fogaça,Masculino,1935-12-22,357081262,506.721.483-07,Doença Cardiovascular,90,117,74,78,15,36.3,100,65.64,1,0,N
Zoe Vieira,Feminino,1984-09-26,268543707,406.932.815-70,Asma,42,128,84,149,26,36.4,97,11.4,1,0,N
Carolina Mendonça,Feminino,1967-07-06,087365248,682.317.904-03,Diabetes,59,88,62,98,19,37.4,100,11.45,1,0,N
Luiza Novais,Feminino,1998-08-03,245683100,092.517.836-59,Hipertensão,28,97,74,40,18,37.6,97,3.57,1,0,N
Pedro Lucas Siqueira,Masculino,1997-10-06,306245814,715.298.340-23,Asma,29,96,67,67,19,36.9,96,91.02,1,0,N
Antônio Sales,Masculino,1968-04-24,148562371,174.905.283-05,Diabetes,58,122,66,83,32,37.5,99,60.46,1,0,N
Maria Alice Silveira,Feminino,1952-09-09,235176849,926.541.307-70,Doença Cardiovascular,74,154,48,91,12,36.6,100,36.2,1,0,N
Isis Aparecida,Feminino,1997-08-05,568340279,073.645.219-25,Hipertensão,29,164,100,52,13,36.4,91,78.78,1,1,N
Pedro Lucas Novais,Masculino,1965-07-26,023765410,310.684.925-89,Hipertensão,61,132,69,81,11,37.4,92,62.61,1,1,N
Vitor Hugo Sampaio,Masculino,1968-03-01,716028451,354.018.627-17,Hipertensão,58,130,97,67,16,36.9,95,62.01,1,0,N
Esther Nunes,Feminino,1946-09-20,870542631,567.281.394-19,Asma,80,83,96,57,19,35.9,100,48.7,1,0,N
Ísis Ferreira,Feminino,2000-07-29,710364829,064.182.395-98,Hipertensão,26,109,60,91,15,37.3,95,0.79,1,0,N
Ravi Lucca da Mota,Masculino,1997-11-02,48350726X,160.978.523-12,Diabetes,28,104,63,104,15,36.3,96,25.85,1,0,N
Yuri Castro,Masculino,1990-07-18,072615485,492.518.067-30,Diabetes,36,107,118,106,18,36.2,99,10.91,1,0,N
Vinícius Cassiano,Masculino,1937-06-03,857163243,403.172.869-78,Diabetes,89,116,106,99,15,37.2,100,66.24,1,0,N
Juan da Luz,Masculino,1991-08-05,473056288,642.175.903-34,Doença Cardiovascular,35,110,79,72,19,36.4,97,24.86,1,0,N
Maria Clara Marques,Feminino,1950-09-19,251680344,120.385.746-26,Diabetes,76,80,83,102,23,36.8,100,45.02,1,0,N
Sofia Garcia,Feminino,1984-11-23,80415367X,486.193.705-10,Doença Cardiovascular,41,134,70,92,21,37.0,92,35.34,1,1,N
Allana Pinto,Feminino,1967-08-14,683501276,531.674.029-70,Diabetes,59,98,86,88,22,35.9,93,14.32,1,0,N
Isabella Duarte,Feminino,1999-08-18,534162800,604.589.123-60,Diabetes,27,124,69,69,23,36.8,100,95.84,1,0,N
Zoe Gomes,Feminino,1960-09-23,643571024,870.931.645-01,Diabetes,66,161,49,72,19,37.6,97,93.34,1,0,N
Valentina Rodrigues,Feminino,1937-04-03,035678240,847.625.039-83,Hipertensão,89,101,60,86,17,35.7,91,8.46,1,1,N
Daniela Pimenta,Feminino,1972-10-17,706138259,543.901.867-01,Hipertensão,53,70,80,145,14,36.9,91,82.74,1,1,N
Lorenzo Jesus,Masculino,1964-01-22,631075240,423.176.859-55,Diabetes,62,114,63,92,16,35.8,93,48.84,1,0,N
Brenda Brito,Feminino,1968-01-09,487136251,503.461.297-61,Asma,58,142,78,69,15,37.3,97,77.37,1,0,N
Ana Lívia Aparecida,Feminino,1950-09-28,876315405,452.816.709-30,Nenhuma,76,159,63,64,21,37.3,98,15.12,0,0,N
Felipe Andrade,Masculino,1946-04-17,745263185,742.153.806-26,Asma,80,95,68,72,19,36.2,95,13.23,1,0,N
Cauê Mendonça,Masculino,1941-05-22,263784058,489.120.563-60,Nenhuma,85,129,92,139,21,38.3,98,89.08,0,1,N
Carlos Eduardo Andrade,Masculino,1996-11-03,813426753,629.085.143-89,Diabetes,29,110,83,75,12,37.4,95,89.78,1,0,N
Mathias Ribeiro,Masculino,1985-08-15,081256747,598.460.731-00,Doença Cardiovascular,41,117,79,107,25,37.1,100,46.59,1,0,N
Vinicius Pinto,Masculino,1948-01-13,261347081,794.258.631-64,Asma,78,172,93,75,15,37.0,100,87.02,1,0,N
Jade Aragão,Feminino,1965-03-27,265871347,318.607.529-77,Hipertensão,61,89,87,91,12,37.3,95,66.75,1,0,N
Hellena Pereira,Feminino,1951-08-26,38046715X,219.036.584-89,Hipertensão,75,125,101,104,15,35.7,98,18.5,1,0,N
Anthony Gabriel Costela,Masculino,1961-07-13,632078546,517.890.432-04,Diabetes,65,129,73,70,30,36.7,98,32.9,1,0,N
Anna Liz Martins,Feminino,1955-10-03,47356208X,312.978.065-30,Hipertensão,71,141,73,68,16,36.8,97,13.61,1,0,S
Maria Cecília Novais,Feminino,1987-12-07,537840618,749.062.831-87,Diabetes,38,121,60,126,16,36.2,99,77.39,1,1,N
Maria Eduarda Vieira,Feminino,2001-05-01,36584102X,043.689.521-89,Asma,25,126,73,109,17,36.9,98,98.53,1,0,N
Juliana Moura,Feminino,1963-06-11,761825034,695.470.283-83,Diabetes,63,112,94,104,17,37.5,95,54.64,1,0,N
Ana Sophia da Rosa,Feminino,1999-10-26,628413075,628.194.537-91,Diabetes,26,125,99,104,14,36.2,100,65.59,1,0,N
Helena Moreira,Feminino,2005-11-14,721846051,654.782.310-53,Nenhuma,20,113,94,96,18,36.5,97,74.61,0,0,N
Carlos Eduardo Silveira,Masculino,1985-11-09,385704215,054.768.291-30,Hipertensão,40,132,53,135,23,35.8,95,22.43,1,0,N
Vitor Gomes,Masculino,1976-11-12,238017540,325.940.678-65,Diabetes,49,112,96,86,19,35.1,100,33.6,1,0,N
Evelyn Moura,Feminino,1982-11-12,381605279,792.341.806-31,Nenhuma,43,127,52,99,12,37.1,96,41.23,0,0,N
Felipe Novais,Masculino,1940-06-19,568012343,206.317.548-90,Hipertensão,86,119,93,48,16,36.5,98,59.46,1,0,N
Maria Vitória Souza,Feminino,1987-10-19,802315744,701.985.246-76,Doença Cardiovascular,38,142,74,64,15,36.5,97,85.05,1,0,N
Luiz Henrique Rocha,Masculino,1937-05-04,173460288,582.163.974-37,Diabetes,89,118,90,54,18,35.7,96,25.42,1,0,N
Paulo Caldeira,Masculino,1977-06-22,456728107,853.074.291-50,Hipertensão,49,84,60,116,24,36.4,98,47.09,1,1,N
Emilly Novaes,Feminino,1961-12-27,153748606,873.206.149-87,Hipertensão,64,145,97,40,17,37.4,93,75.15,1,0,N
Thiago Fernandes,Masculino,1937-03-28,640217539,769.301.825-59,Nenhuma,89,101,58,74,17,36.5,99,8.74,0,0,N
Vitor Peixoto,Masculino,1967-08-05,364721807,769.814.035-01,Diabetes,59,106,69,40,26,36.5,89,51.29,1,1,N
Luiz Gustavo Dias,Masculino,1968-04-02,835401273,714.532.069-06,Doença Cardiovascular,58,108,65,64,22,36.7,91,14.44,1,1,N
Luan Freitas,Masculino,1966-09-15,73510248X,357.418.629-00,Asma,60,147,53,72,20,35.5,100,53.91,1,0,N
Pedro Silveira,Masculino,1967-09-02,214683758,970.412.853-32,Doença Cardiovascular,59,77,81,119,27,37.0,91,76.78,1,1,N
Isabella Nunes,Feminino,1961-03-01,108273659,625.713.890-68,Nenhuma,65,182,107,94,20,35.5,89,23.69,0,1,N
Heitor Garcia,Masculino,1955-05-22,865703218,487.635.219-46,Diabetes,71,141,120,64,10,35.7,92,84.95,1,1,N
José Miguel Fonseca,Masculino,2002-04-16,348650127,183.740.526-35,Diabetes,24,124,81,111,22,35.7,100,33.48,1,0,N
Pietro Gonçalves,Masculino,1954-09-17,324670588,207.439.658-92,Asma,72,118,96,85,10,36.4,89,19.08,1,1,N
Ana Beatriz da Paz,Feminino,1947-04-14,351268406,758.126.093-30,Hipertensão,79,125,83,85,20,36.2,93,46.53,1,0,N
Antony Moreira,Masculino,1951-09-28,21864307X,592.708.143-60,Asma,75,130,87,54,10,36.5,91,87.61,1,1,N
Liz Abreu,Feminino,1978-06-26,438571265,376.051.924-52,Diabetes,48,132,74,60,15,35.8,95,6.89,1,0,N
Henry Cunha,Masculino,1973-06-30,540172832,038.192.647-87,Asma,53,131,82,64,16,37.3,95,32.76,1,0,N
Alícia Vargas,Feminino,1974-07-02,653721080,309.541.276-25,Asma,52,121,88,86,14,37.2,95,65.32,1,0,N
Yuri Moraes,Masculino,1950-01-11,071856249,743.590.268-38,Hipertensão,76,116,71,86,16,36.4,100,35.76,1,0,N
Eduardo Brito,Masculino,1938-05-23,025316746,362.540.971-25,Hipertensão,88,116,78,123,23,36.1,92,7.08,1,1,N
Natália Fogaça,Feminino,1963-08-03,327584063,069.542.378-92,Hipertensão,63,116,79,94,14,36.0,96,33.2,1,0,N
Cecilia da Luz,Feminino,1939-03-31,238476509,651.970.483-01,Diabetes,87,142,92,40,20,36.3,98,82.1,1,0,N
Isadora da Conceição,Feminino,1952-06-05,165304273,967.103.284-22,Hipertensão,74,131,64,91,13,35.4,93,96.8,1,0,N
Kaique Borges,Masculino,1987-05-13,082453172,386.290.471-78,Diabetes,39,70,79,48,17,35.7,98,3.98,1,0,N
Murilo Nunes,Masculino,1947-05-02,736518423,812.364.750-62,Diabetes,79,133,108,60,19,37.2,95,56.93,1,0,N
Ana Vitória Silveira,Feminino,1980-09-02,735842619,765.824.109-11,Asma,46,123,97,64,13,36.7,98,10.53,1,0,N
Rafaela Cavalcanti,Feminino,1976-02-06,413608256,627.084.913-69,Doença Cardiovascular,50,119,100,68,11,37.8,96,68.04,1,0,N
Aylla Peixoto,Feminino,1954-01-08,713250689,856.719.402-49,Nenhuma,72,112,80,50,20,36.3,88,0.79,0,1,S
Ana Carolina Siqueira,Feminino,1974-02-01,576123845,167.940.538-10,Asma,52,142,84,90,23,36.2,100,1.47,1,0,N
Mateus Barros,Masculino,1954-05-15,476153207,247.608.951-67,Doença Cardiovascular,72,138,95,49,17,36.2,100,77.69,1,0,N
Lucas Gabriel Ferreira,Masculino,1946-08-15,524607138,130.825.476-80,Diabetes,80,104,103,93,15,36.2,96,7.44,1,0,N
Maria Vitória Campos,Feminino,1946-01-30,514732684,035.419.276-07,Nenhuma,80,128,50,140,18,36.0,93,30.52,0,1,N
Anthony Porto,Masculino,1967-07-25,714658327,832.651.907-30,Hipertensão,59,100,60,51,18,36.7,100,95.8,1,0,N
Ana Júlia das Neves,Feminino,1999-04-30,342078616,307.419.825-79,Asma,27,92,99,77,19,36.5,100,98.52,1,0,N
Asafe Dias,Masculino,1949-04-28,30812764X,429.653.071-25,Doença Cardiovascular,77,107,75,40,10,36.1,96,16.14,1,0,N
Clarice Duarte,Feminino,1965-08-19,062341583,781.659.402-01,Doença Cardiovascular,61,137,69,77,12,37.5,96,56.09,1,0,N
Henry Cassiano,Masculino,1947-11-27,432687518,603.845.127-71,Asma,78,139,61,101,13,38.0,96,55.91,1,0,N
Matteo Machado,Masculino,1940-08-13,217083547,631.029.754-61,Doença Cardiovascular,86,130,71,103,18,37.4,90,45.24,1,1,N
Sofia Borges,Feminino,1999-05-21,870645316,530.472.981-14,Nenhuma,27,134,58,86,18,36.9,95,92.47,0,0,N
Pedro da Rocha,Masculino,1981-01-26,46823701X,617.340.825-26,Diabetes,45,130,111,107,21,37.1,100,75.4,1,0,S
Diogo Cardoso,Masculino,1977-07-18,037625147,329.865.140-06,Hipertensão,49,107,79,148,19,38.0,96,76.45,1,1,S
Antonella Melo,Feminino,1992-11-28,615803428,317.594.086-20,Nenhuma,33,128,79,127,11,37.1,92,26.96,0,1,S
Ana Julia Novaes,Feminino,1999-05-22,216807530,142.367.598-37,Hipertensão,27,136,88,71,25,36.0,98,43.43,1,0,S
João Barros,Masculino,1999-01-08,584360277,076.192.583-02,Nenhuma,27,135,94,48,24,36.8,94,48.74,0,0,N
Sarah Lopes,Feminino,1989-11-04,048271652,502.871.634-07,Asma,36,143,94,74,11,37.0,96,29.89,1,0,N
Catarina Mendes,Feminino,1956-10-13,526438071,194.063.287-04,Doença Cardiovascular,70,134,96,61,19,35.7,91,9.48,1,1,N
Fernanda Mendonça,Feminino,1970-01-26,352704810,820.754.963-74,Hipertensão,56,127,70,96,15,36.3,92,12.64,1,1,N
Gael Henrique Novais,Masculino,1966-08-22,736405823,495.036.217-80,Asma,60,141,75,55,18,37.4,99,18.07,1,0,N
Valentina da Cruz,Feminino,1948-01-01,246830578,370.415.928-04,Nenhuma,78,119,91,83,23,35.0,97,20.37,0,0,N
Ana Sophia da Mata,Feminino,1936-12-30,503872647,239.651.847-09,Hipertensão,89,102,72,105,28,35.5,93,24.23,1,0,N
Lorenzo Rodrigues,Masculino,2005-12-03,365720148,085.126.739-40,Doença Cardiovascular,20,116,79,82,21,36.4,97,25.55,1,0,N
Caio Camargo,Masculino,1979-09-26,185647236,701.952.843-05,Doença Cardiovascular,47,105,85,61,19,36.8,94,45.57,1,0,N
Otávio Fonseca,Masculino,1941-05-14,870435619,158.629.730-95,Diabetes,85,106,91,114,16,35.4,93,50.96,1,0,N
Esther Duarte,Feminino,1992-02-28,085241672,087.916.453-01,Diabetes,34,117,53,40,18,36.4,100,30.89,1,0,N
Apollo Vargas,Masculino,1955-05-20,250367488,890.275.146-58,Diabetes,71,104,90,76,24,37.4,100,90.73,1,0,N
Enzo Gabriel Ferreira,Masculino,1992-11-29,386105728,610.457.329-07,Doença Cardiovascular,33,113,76,83,17,36.6,96,55.31,1,0,N
Melina Pinto,Feminino,1974-09-21,28047653X,026.387.419-22,Nenhuma,52,82,90,85,13,37.3,97,78.75,0,0,N
Pedro Lucas Aparecida,Masculino,1992-08-12,376508127,349.071.825-97,Nenhuma,34,124,91,89,10,36.0,96,92.42,0,0,N
Gabriela Rodrigues,Feminino,1976-02-22,853162402,835.296.041-51,Nenhuma,50,120,104,100,20,35.9,98,16.31,0,0,N
Daniela Sá,Feminino,1962-09-04,680713256,749.035.612-16,Doença Cardiovascular,64,103,100,84,19,37.2,93,42.79,1,0,S
Brenda Sousa,Feminino,1948-10-20,038742615,649.215.873-37,Nenhuma,77,133,100,75,14,36.8,100,43.32,0,0,S
Joaquim Pinto,Masculino,1974-09-13,578016345,693.048.271-40,Asma,52,138,101,74,23,35.6,98,35.45,1,0,N
Laura Albuquerque,Feminino,1949-05-19,014857261,032.817.594-32,Diabetes,77,87,84,69,15,35.9,95,0.89,1,0,S
Brenda das Neves,Feminino,1993-03-10,380124750,620.984.137-69,Asma,33,104,80,104,17,37.8,95,81.6,1,0,N
Olivia Almeida,Feminino,1959-07-03,203157485,152.039.687-21,Hipertensão,67,104,93,68,17,35.8,100,11.16,1,0,S
Giovanna Sousa,Feminino,1948-04-13,618043251,873.516.240-62,Hipertensão,78,101,90,106,16,37.2,96,99.55,1,0,N
Hadassa Costela,Feminino,1955-08-16,602875432,529.467.310-06,Nenhuma,71,136,75,85,19,36.1,94,77.3,0,0,N
Vicente Sá,Masculino,1995-02-11,126083575,903.874.562-10,Hipertensão,31,116,86,71,23,36.5,95,58.0,1,0,N
Rafaela Pinto,Feminino,1972-04-23,648075126,895.742.013-41,Hipertensão,54,114,79,100,12,36.7,100,15.46,1,0,N
Allana Garcia,Feminino,2001-01-24,604573819,431.906.287-69,Asma,25,79,67,66,20,34.8,90,51.54,1,1,S
Vinicius Aparecida,Masculino,1964-06-28,032746155,346.879.512-28,Asma,62,132,99,100,18,35.3,95,26.11,1,0,S
Eloá Araújo,Feminino,1947-12-07,506372844,015.762.849-30,Nenhuma,78,95,80,90,18,36.6,100,25.23,0,0,N
Guilherme Vieira,Masculino,1969-12-26,625374186,705.239.186-40,Diabetes,56,121,110,70,22,35.9,96,82.95,1,0,N
Júlia Aragão,Feminino,1997-07-17,835462705,536.749.021-25,Asma,29,125,55,98,18,37.3,98,38.06,1,0,N
Alexia Azevedo,Feminino,1953-05-27,741820638,435.719.602-70,Asma,73,147,71,98,20,35.2,100,45.07,1,0,N
Júlia Ribeiro,Feminino,1980-03-13,047236188,879.360.125-59,Asma,46,93,80,113,21,37.0,100,84.3,1,0,N
Bianca Almeida,Feminino,1962-07-19,538642178,418.270.935-79,Doença Cardiovascular,64,70,97,109,15,35.4,95,8.78,1,0,S
Maria Isis da Conceição,Feminino,1992-11-30,614270388,073.861.945-01,Hipertensão,33,123,85,97,19,36.2,96,59.46,1,0,N
Thomas Santos,Masculino,1969-07-01,471830628,724.830.516-26,Doença Cardiovascular,57,156,84,56,16,35.6,100,57.82,1,0,N
Luara Mendonça,Feminino,1968-12-14,654013780,507.831.426-17,Asma,57,144,63,146,17,38.0,100,42.52,1,1,N
Vitor Borges,Masculino,1987-08-04,610357244,526.987.431-82,Nenhuma,39,124,62,49,16,35.4,96,82.98,0,0,N
Gael Henrique Montenegro,Masculino,1987-10-28,608125349,576.940.832-47,Diabetes,38,110,84,108,20,36.4,96,94.29,1,0,N
Alícia Aparecida,Feminino,1947-07-29,863504127,056.728.493-00,Diabetes,79,136,59,95,18,35.1,98,46.53,1,0,S
Vinícius das Neves,Masculino,1979-12-25,628357047,407.652.198-67,Diabetes,46,100,72,55,19,37.8,100,45.61,1,0,N
Rebeca Gonçalves,Feminino,1938-10-30,156384024,872.530.691-02,Nenhuma,87,129,87,81,17,36.8,100,50.21,0,0,N
Allana Ferreira,Feminino,2007-06-29,527186041,938.241.607-22,Hipertensão,19,130,65,83,10,36.6,99,72.31,1,0,S
Maria Pires,Feminino,1945-08-30,607425313,849.715.620-01,Asma,81,141,104,117,18,37.7,92,66.81,1,1,S
Isaac Montenegro,Masculino,1956-09-15,17802563X,179.038.526-12,Nenhuma,70,175,98,67,18,36.6,95,22.28,0,0,N
Bento Pires,Masculino,1974-05-09,057126847,186.479.523-91,Nenhuma,52,127,56,78,19,36.7,96,6.39,0,0,N
Maria Julia Alves,Feminino,1971-07-06,142306575,439.528.071-41,Hipertensão,55,109,66,40,15,36.6,100,94.93,1,0,N
João Lucas Câmara,Masculino,1990-10-21,421650370,034.692.851-60,Nenhuma,35,119,45,128,12,37.0,96,26.11,0,0,N
Luigi Gonçalves,Masculino,1975-12-01,248510733,913.604.752-06,Doença Cardiovascular,50,84,68,58,21,36.1,100,63.86,1,0,N
Aurora Siqueira,Feminino,1988-10-04,406831579,395.042.671-06,Nenhuma,38,106,91,93,16,36.3,94,82.84,0,0,N
Vicente Rocha,Masculino,2000-08-16,784612031,238.960.574-56,Asma,26,111,73,82,18,37.1,95,30.03,1,0,N
Ian Leão,Masculino,1969-10-21,183475021,893.165.724-28,Hipertensão,56,109,86,82,16,36.7,98,63.54,1,0,N
Eduardo Lima,Masculino,1983-01-01,714056285,395.740.286-74,Nenhuma,43,123,57,105,17,36.4,100,10.79,0,0,N
Lucas Machado,Masculino,1973-09-05,241385763,985.476.013-84,Nenhuma,53,103,91,126,15,35.4,96,96.99,0,1,N
Caroline Costela,Feminino,1993-02-24,352487161,591.263.478-73,Asma,33,142,71,91,13,37.7,86,5.82,1,1,N
Ágatha Rodrigues,Feminino,1977-11-24,261587031,428.310.956-89,Diabetes,48,120,80,101,20,36.0,90,43.82,1,1,N
Davi Miguel das Neves,Masculino,1996-11-21,258614730,647.028.391-87,Diabetes,29,119,78,93,14,37.3,98,53.68,1,0,N
Valentina Carvalho,Feminino,1965-04-28,350681272,280.954.763-74,Diabetes,61,113,60,110,18,36.6,91,79.05,1,1,N
Clara Rezende,Feminino,1954-02-05,501284734,948.361.725-19,Asma,72,123,62,73,20,35.5,93,12.11,1,0,N
Emanuel Dias,Masculino,2004-02-19,871023647,730.289.456-65,Hipertensão,22,136,94,111,15,37.5,97,44.08,1,0,N
Yasmin Silveira,Feminino,1947-12-05,683501276,376.802.549-74,Doença Cardiovascular,78,102,85,112,11,36.7,87,29.97,1,1,N
Ester Dias,Feminino,1998-05-16,457683028,790.623.485-56,Diabetes,28,106,95,112,30,37.6,95,31.2,1,0,N
Arthur Teixeira,Masculino,1944-12-16,072185636,089.513.746-10,Nenhuma,81,113,84,68,15,36.4,92,77.88,0,1,N
Maria Sophia Jesus,Feminino,1938-05-27,85410236X,295.834.607-29,Doença Cardiovascular,88,93,82,80,21,37.1,91,0.55,1,1,N
Melina Souza,Feminino,1941-02-06,620583149,328.105.679-21,Diabetes,85,103,54,90,27,35.1,93,74.91,1,0,N
Dom Vasconcelos,Masculino,2008-05-11,481057638,916.307.528-86,Asma,18,110,75,50,21,36.1,92,81.04,1,1,N
Bianca Cardoso,Feminino,1997-03-16,482173567,157.920.386-86,Nenhuma,29,137,79,124,16,35.5,98,90.14,0,1,S
Amanda Teixeira,Feminino,1944-03-05,742150689,845.713.029-32,Asma,82,125,109,84,17,36.2,100,62.69,1,0,N
Juliana Pereira,Feminino,2001-09-30,185274031,534.021.978-04,Doença Cardiovascular,25,123,90,92,13,36.9,95,33.35,1,0,N
Igor Peixoto,Masculino,1963-09-02,724365084,923.054.671-25,Nenhuma,63,137,103,70,22,36.0,94,42.72,0,0,N
Isabel Rodrigues,Feminino,1957-08-10,085126342,934.286.057-56,Doença Cardiovascular,69,117,88,51,20,37.2,95,96.97,1,0,S
Maria Alice Barros,Feminino,1937-06-26,758642313,726.385.140-71,Diabetes,89,127,69,69,15,35.8,92,88.12,1,1,N
Catarina Montenegro,Feminino,1971-04-24,186345021,962.754.013-70,Diabetes,55,117,81,90,12,37.2,91,46.35,1,1,S
Olivia Silva,Feminino,1990-07-08,154683279,271.985.304-60,Hipertensão,36,125,83,101,11,37.5,90,94.31,1,1,N
Francisco Gomes,Masculino,1951-06-24,378145629,296.143.075-52,Diabetes,75,108,65,89,22,37.3,91,82.3,1,1,N
Olívia Carvalho,Feminino,1992-04-28,031864521,681.749.230-04,Diabetes,34,71,74,93,18,36.2,100,90.11,1,0,N
Gael Câmara,Masculino,1990-07-09,547038124,781.029.534-97,Hipertensão,36,117,76,76,19,34.8,94,68.3,1,0,N
Maria Luísa Teixeira,Feminino,1968-08-03,312547869,035.874.162-90,Doença Cardiovascular,58,148,104,97,13,37.0,85,85.77,1,1,N
Júlia Jesus,Feminino,1978-11-05,473562017,218.579.346-28,Doença Cardiovascular,47,138,48,122,10,36.4,94,89.18,1,1,N
Guilherme Sá,Masculino,1991-02-18,037652187,148.205.693-33,Doença Cardiovascular,35,139,98,102,22,35.7,90,9.2,1,1,N
Ana Luiza Cavalcanti,Feminino,1945-12-13,073514287,984.102.653-89,Doença Cardiovascular,80,144,65,105,18,36.1,97,96.52,1,0,N
Rebeca Sales,Feminino,1993-09-08,126548079,918.053.274-88,Hipertensão,33,121,59,92,22,37.6,96,33.36,1,0,N
Raul da Cruz,Masculino,1964-09-04,867413256,506.218.974-85,Nenhuma,62,123,97,47,16,35.6,97,43.99,0,0,N
Maria Luiza Vasconcelos,Feminino,1946-02-17,723814053,068.721.495-58,Hipertensão,80,107,90,58,16,36.9,96,79.19,1,0,N
Mateus Silveira,Masculino,2001-06-25,457831200,420.581.936-60,Hipertensão,25,113,98,96,21,36.7,95,66.49,1,0,N
Matteo Pimenta,Masculino,2001-09-17,685302714,042.876.593-92,Hipertensão,25,132,92,84,21,36.2,91,89.31,1,1,N
Zoe Moura,Feminino,1954-03-16,317624052,367.125.049-61,Hipertensão,72,144,110,95,21,37.0,96,40.06,1,0,N
Ana Carolina Moreira,Feminino,1964-11-20,847605218,208.496.317-69,Asma,61,117,88,126,16,37.8,100,37.33,1,1,S
Milena Marques,Feminino,1987-10-14,650127845,132.847.569-73,Doença Cardiovascular,38,110,77,103,21,36.3,100,3.17,1,0,N
Isabelly Moreira,Feminino,1962-11-13,637408251,431.079.628-13,Asma,63,120,85,116,23,36.3,96,46.27,1,1,N
Maria Laura Sousa,Feminino,1950-09-07,436720516,076.524.183-80,Diabetes,76,132,98,87,17,37.0,96,72.41,1,0,N
Mathias Moreira,Masculino,1945-04-06,582746310,719.438.025-05,Nenhuma,81,91,68,64,15,37.2,99,30.12,0,0,N
Esther da Rocha,Feminino,2005-10-18,214735084,793.241.568-37,Asma,20,74,70,83,24,36.4,100,46.27,1,0,N
Miguel da Rosa,Masculino,1953-08-27,635728011,807.213.945-23,Doença Cardiovascular,73,108,75,64,14,36.3,95,21.94,1,0,N
Nicole Cavalcante,Feminino,1946-05-14,673485122,501.362.479-70,Nenhuma,80,95,48,123,21,34.7,99,77.28,0,1,N
Laís Pimenta,Feminino,1982-06-19,356480719,031.854.972-79,Diabetes,44,109,82,104,17,35.9,93,6.05,1,0,N
Stella Casa Grande,Feminino,1943-02-19,172406535,368.250.974-74,Hipertensão,83,117,51,98,10,35.6,98,70.54,1,0,N
Rael Borges,Masculino,1963-01-18,841356026,120.794.683-40,Hipertensão,63,110,80,115,23,37.0,100,37.89,1,0,N
Brenda Cirino,Feminino,1961-05-02,07638245X,970.523.416-70,Diabetes,65,149,92,40,10,36.3,91,4.16,1,1,N
Ísis Carvalho,Feminino,2002-02-17,180746522,490.865.273-29,Hipertensão,24,126,72,99,10,36.3,94,85.35,1,0,N
Noah Duarte,Masculino,2000-07-01,802614358,721.649.053-34,Diabetes,26,126,105,52,20,36.5,100,48.77,1,0,N
Apollo Cavalcanti,Masculino,1999-05-30,726085340,804.716.395-75,Hipertensão,27,132,58,84,20,35.8,99,59.93,1,0,N
Gabriela Marques,Feminino,1941-06-12,860325477,620.943.185-24,Doença Cardiovascular,85,97,97,77,14,37.7,100,73.2,1,0,N
José Duarte,Masculino,1957-03-14,412370864,328.079.146-40,Doença Cardiovascular,69,140,90,101,18,37.5,100,65.51,1,0,N
Elisa Silva,Feminino,1995-09-07,67513402X,976.841.203-87,Diabetes,31,118,54,90,10,37.8,95,73.09,1,0,N
Ayla Camargo,Feminino,1976-01-05,610753848,815.623.704-80,Hipertensão,50,133,120,118,21,37.0,100,76.23,1,1,N
Maria Cecília Barros,Feminino,1938-09-13,43510276X,958.632.407-92,Asma,88,98,79,69,19,36.5,97,58.92,1,0,N
Maria Isis Siqueira,Feminino,2007-05-20,728643017,506.297.834-38,Asma,19,88,66,102,17,37.8,84,36.56,1,1,N
Eduarda Garcia,Feminino,1997-08-03,574183607,748.169.320-03,Asma,29,136,58,89,18,36.0,95,24.31,1,0,S
Mateus Aparecida,Masculino,1940-09-08,185260743,028.196.473-40,Nenhuma,86,127,76,44,20,35.8,95,90.29,0,0,N
Lívia Nunes,Feminino,1959-12-09,325806718,032.561.897-68,Diabetes,66,101,78,62,17,36.0,100,96.99,1,0,N
Enrico Casa Grande,Masculino,1958-05-25,687052312,608.521.743-90,Hipertensão,68,102,81,81,10,36.9,95,35.77,1,0,N
Benjamim Leão,Masculino,1972-09-25,354872060,084.963.712-04,Diabetes,54,142,75,112,28,35.9,100,11.23,1,0,N
Leonardo Siqueira,Masculino,1936-07-19,642301578,532.148.679-46,Doença Cardiovascular,90,96,89,96,24,36.4,99,22.25,1,0,N
João Pedro Pires,Masculino,1943-02-20,273658414,736.521.049-43,Doença Cardiovascular,83,152,74,55,11,35.2,92,67.07,1,1,S
Dante Cardoso,Masculino,1990-01-30,458376218,728.450.936-83,Doença Cardiovascular,36,101,50,81,16,36.9,96,17.29,1,0,N
Alexandre Pinto,Masculino,1976-09-27,475028363,617.528.490-94,Diabetes,50,132,77,135,16,35.3,93,78.01,1,1,N
Alice Marques,Feminino,1940-02-11,472601386,861.409.523-60,Asma,86,113,44,87,23,35.8,97,92.3,1,0,N
Sara Nogueira,Feminino,1972-12-08,537610248,745.291.380-97,Nenhuma,53,132,85,76,10,37.5,93,96.37,0,0,S
Thales da Costa,Masculino,1981-10-13,862147505,708.295.164-76,Asma,44,109,65,97,15,37.4,97,0.93,1,0,N
Renan Marques,Masculino,1962-11-05,376250185,362.497.051-80,Diabetes,63,116,82,104,10,36.8,95,95.82,1,0,N
Melina Barros,Feminino,1968-06-22,534182604,927.350.184-23,Diabetes,58,120,99,73,16,36.7,96,74.02,1,0,N
André da Cruz,Masculino,1960-02-16,217345608,136.524.089-42,Hipertensão,66,99,65,97,15,36.1,100,8.41,1,0,N
Lara Pinto,Feminino,1980-06-27,403165787,571.349.602-34,Diabetes,46,134,95,76,18,35.9,95,41.52,1,0,N
Benicio Cirino,Masculino,1961-01-25,15073864X,109.864.273-22,Hipertensão,65,109,73,102,14,36.2,89,70.0,1,1,N
Ana Laura Rezende,Feminino,1959-07-31,05861347X,057.628.394-00,Nenhuma,67,115,106,89,14,35.3,100,95.67,0,0,N
Ana Carolina Casa Grande,Feminino,1962-08-09,875431069,817.032.596-02,Asma,64,100,74,97,21,36.7,100,16.41,1,0,N
Letícia Farias,Feminino,1994-03-26,672538416,723.148.609-69,Nenhuma,32,70,67,66,20,36.5,89,12.77,0,1,N
Ana Julia Caldeira,Feminino,1978-06-30,60185374X,362.107.985-86,Asma,48,116,90,64,20,35.8,94,47.23,1,0,N
Emanuelly Castro,Feminino,2000-03-29,412870654,072.364.195-16,Hipertensão,26,168,73,108,17,37.8,98,96.81,1,0,N
Emanuelly Marques,Feminino,1991-02-11,107683453,852.960.341-98,Asma,35,135,67,83,15,37.0,99,97.14,1,0,S
Maria Cecília Andrade,Feminino,1967-05-20,715420860,356.142.970-06,Nenhuma,59,119,72,92,17,37.1,96,22.79,0,0,N
Letícia Duarte,Feminino,1973-04-06,847356024,243.598.067-10,Asma,53,114,79,77,20,36.1,97,31.93,1,0,N
Maria Helena Azevedo,Feminino,1984-05-20,308724513,426.791.305-61,Diabetes,42,120,100,107,10,36.5,93,90.8,1,0,N
Ana Luiza da Rocha,Feminino,1975-09-30,752831409,493.026.815-05,Asma,51,130,50,69,19,37.0,87,73.48,1,1,N
Catarina Campos,Feminino,1990-06-01,523016840,586.074.123-53,Hipertensão,36,96,80,81,19,36.6,100,97.23,1,0,N
Luísa Moura,Feminino,1972-09-04,872350149,726.389.450-56,Doença Cardiovascular,54,142,89,104,18,37.8,93,89.31,1,0,N
Valentina Costela,Feminino,2008-08-23,817465236,734.258.091-05,Doença Cardiovascular,18,134,82,114,17,36.3,97,21.51,1,0,N
Ana Laura Caldeira,Feminino,1946-12-08,134086727,170.325.869-02,Hipertensão,79,134,99,71,10,36.1,96,75.97,1,0,N
Vitória Borges,Feminino,1995-12-13,458762301,472.160.853-53,Asma,30,128,78,133,15,37.0,100,4.86,1,0,N
João Pedro Lima,Masculino,1959-11-05,387645019,209.835.714-14,Doença Cardiovascular,66,120,77,92,26,35.5,97,81.78,1,0,N
Liam da Luz,Masculino,1987-11-20,803475214,675.401.289-76,Doença Cardiovascular,38,133,88,58,18,37.2,97,60.16,1,0,N
Luiz Gustavo Cardoso,Masculino,1989-02-20,51032678X,478.653.109-00,Diabetes,37,131,81,94,16,35.5,86,95.61,1,1,N
Sara Moreira,Feminino,1982-02-11,736428513,968.513.402-24,Doença Cardiovascular,44,112,74,75,18,37.0,93,96.0,1,0,N
Thales Cirino,Masculino,1946-04-02,836012744,045.837.612-44,Diabetes,80,108,87,95,19,36.0,99,5.08,1,0,N
Isabel Santos,Feminino,1991-05-18,738250144,045.693.187-20,Hipertensão,35,122,70,83,21,36.9,99,16.05,1,0,N
Gael Abreu,Masculino,1950-01-28,271405387,918.256.370-59,Asma,76,150,70,86,16,37.2,93,48.42,1,0,N
Apollo Martins,Masculino,1980-10-10,736582046,927.540.136-52,Doença Cardiovascular,46,95,72,62,20,36.6,90,87.95,1,1,N
Gustavo Henrique Pimenta,Masculino,1955-11-15,675428130,480.652.319-42,Doença Cardiovascular,70,90,100,109,26,35.5,97,81.44,1,0,N
Noah Aparecida,Masculino,1951-10-27,057418329,938.416.270-13,Doença Cardiovascular,74,123,40,56,23,35.8,85,96.44,1,1,N
Marcela Novais,Feminino,1938-12-15,075238615,276.513.890-77,Nenhuma,87,121,85,57,29,35.9,92,61.81,0,1,N
Anthony Porto,Masculino,1936-08-17,264705816,413.250.867-62,Diabetes,90,123,80,94,14,35.0,100,25.66,1,0,N
João Miguel da Cunha,Masculino,1945-06-12,236501872,851.207.936-30,Hipertensão,81,124,54,125,26,37.4,100,2.51,1,0,N
Lorena da Rosa,Feminino,1966-04-14,631048571,906.371.524-25,Hipertensão,60,115,84,76,14,36.6,98,22.29,1,0,N
Yan Duarte,Masculino,1949-11-17,652017435,237.659.810-95,Hipertensão,76,149,87,102,19,35.6,98,67.53,1,0,N
Bruna Rodrigues,Feminino,1994-02-08,54601382X,158.472.309-23,Hipertensão,32,87,88,111,21,37.7,89,92.63,1,1,N
Luigi Gonçalves,Masculino,2000-03-19,017542832,091.862.754-02,Doença Cardiovascular,26,103,40,105,15,35.9,94,32.09,1,0,N
Erick Correia,Masculino,1966-11-28,850621744,407.356.921-06,Asma,59,117,100,77,18,36.7,95,87.57,1,0,N
Maitê Rocha,Feminino,1977-03-22,825031643,186.732.405-90,Nenhuma,49,87,68,57,22,35.8,94,39.49,0,0,N
Renan Andrade,Masculino,2008-01-17,816507430,837.160.452-17,Hipertensão,18,116,90,40,14,34.9,95,30.83,1,0,N
Rafaela Cassiano,Feminino,1951-02-12,485312761,760.195.382-30,Asma,75,153,91,78,26,35.4,100,50.88,1,0,N
Vitor Gabriel Farias,Masculino,2008-02-02,734612850,359.147.206-99,Asma,18,120,66,114,11,36.1,94,44.23,1,0,N
Noah Souza,Masculino,1947-09-02,534028676,412.376.098-87,Diabetes,79,124,89,56,27,37.2,95,91.38,1,0,N
Vicente da Rosa,Masculino,1938-06-23,72651438X,203.916.874-50,Doença Cardiovascular,88,94,74,102,23,36.8,99,46.83,1,0,N
Levi Novais,Masculino,1988-10-31,25604871X,987.625.431-64,Hipertensão,37,107,48,61,17,36.6,91,27.73,1,1,N
Allana Costela,Feminino,1993-03-12,578340124,708.236.594-29,Diabetes,33,112,97,87,15,34.9,93,84.26,1,0,N
Luísa Vieira,Feminino,1951-09-26,038467215,280.437.156-53,Diabetes,75,113,68,102,15,37.5,94,99.87,1,0,N
Ana Luiza Cassiano,Feminino,2002-07-20,485736019,163.470.852-08,Diabetes,24,145,67,68,17,36.7,97,64.82,1,0,N
Ana Fernandes,Feminino,1947-10-31,047628510,830.721.596-02,Asma,78,131,73,89,17,36.4,95,25.05,1,0,N
Yasmin Cavalcante,Feminino,1984-11-04,025763416,780.952.361-95,Asma,41,97,84,74,24,37.4,95,23.88,1,0,N
Maria Julia Cirino,Feminino,1944-01-31,032874613,384.079.125-14,Asma,82,124,79,102,27,37.5,94,5.77,1,0,N
Bruna Viana,Feminino,1984-08-11,584712601,148.326.059-33,Doença Cardiovascular,42,129,88,90,18,37.4,92,7.73,1,1,N
Luara Santos,Feminino,1994-12-30,02513467X,723.150.689-59,Diabetes,31,142,59,86,13,36.3,99,91.5,1,0,N
João Gabriel Jesus,Masculino,1960-10-05,785362101,765.149.803-84,Hipertensão,66,151,68,123,15,35.7,95,9.65,1,0,N
Sara da Costa,Feminino,1988-11-18,548017232,624.078.915-11,Doença Cardiovascular,37,99,78,101,17,37.3,99,48.43,1,0,N
Rael da Rosa,Masculino,1962-11-28,245713864,312.946.785-82,Hipertensão,63,103,108,67,12,35.4,92,69.81,1,1,N
Valentina da Rosa,Feminino,1969-12-22,083724163,967.513.280-95,Asma,56,94,78,82,12,38.1,94,85.04,1,0,S
Brenda Freitas,Feminino,2005-07-27,847536105,856.321.047-53,Hipertensão,21,115,96,83,28,36.5,96,17.13,1,0,N
Gabriela Borges,Feminino,1977-11-13,681742537,487.932.056-00,Nenhuma,48,129,80,87,19,35.7,96,43.78,0,0,S
Sofia Alves,Feminino,1975-09-28,127648306,518.427.360-35,Nenhuma,51,139,72,148,13,35.5,100,25.15,0,0,N
Sarah Cassiano,Feminino,2001-07-16,273680146,028.697.134-87,Asma,25,118,76,94,22,35.5,95,25.58,1,0,N
Manuela Mendes,Feminino,1989-12-01,126835743,780.541.296-02,Hipertensão,36,113,77,40,12,36.6,99,30.38,1,0,N
Luana Vasconcelos,Feminino,1981-11-04,651024730,273.541.860-07,Hipertensão,44,123,89,71,12,36.5,98,58.71,1,0,N
Cecília Vargas,Feminino,1959-07-31,413508729,670.312.849-96,Asma,67,103,100,40,13,35.5,96,1.66,1,0,N
Valentim Rocha,Masculino,1947-02-06,584126736,726.094.581-85,Nenhuma,79,161,85,76,26,36.2,93,40.88,0,0,S
Gabrielly Silveira,Feminino,1985-07-11,567103249,609.547.128-11,Nenhuma,41,87,97,40,16,35.4,100,18.68,0,0,S
Raul Gomes,Masculino,1988-01-20,356784101,329.761.584-28,Diabetes,38,123,65,63,10,37.0,93,96.71,1,0,N
Bruna Abreu,Feminino,1973-09-15,856027315,401.693.782-50,Asma,53,160,73,46,24,36.5,96,58.27,1,0,N
Augusto Rodrigues,Masculino,1956-02-09,041835621,120.659.378-40,Hipertensão,70,120,69,94,16,36.2,96,86.81,1,0,N
Caio Farias,Masculino,1979-02-04,756103241,163.072.845-44,Asma,47,116,84,85,10,35.5,96,19.57,1,0,N
Augusto Caldeira,Masculino,2001-03-12,36480175X,827.169.045-02,Doença Cardiovascular,25,112,74,92,16,36.3,95,81.0,1,0,N
Leonardo Almeida,Masculino,1952-04-03,057684315,863.297.105-03,Asma,74,116,90,82,20,36.2,93,41.48,1,0,N
Luana Porto,Feminino,1937-05-13,534086172,692.714.350-52,Diabetes,89,147,66,50,20,36.8,90,17.77,1,1,N
Lorenzo Costa,Masculino,1971-01-12,201387542,907.213.486-96,Nenhuma,55,75,80,97,26,36.6,100,76.12,0,0,N
Laura da Mota,Feminino,1959-09-12,384715205,812.940.537-79,Hipertensão,67,150,90,133,13,37.1,95,76.2,1,1,N
Liam Vargas,Masculino,1972-11-20,205613871,706.841.953-48,Asma,53,91,49,95,18,36.1,96,99.59,1,0,N
Dante da Mata,Masculino,1972-02-28,134257601,738.901.425-32,Nenhuma,54,114,111,74,14,35.0,96,78.09,0,0,N
Eduarda da Mota,Feminino,1988-08-13,673812054,381.462.597-82,Asma,38,111,75,49,10,37.3,100,14.53,1,0,N
Anthony Gabriel Pinto,Masculino,1965-04-15,832401754,975.602.183-77,Nenhuma,61,131,49,62,22,35.8,100,32.25,0,0,N
Sophie Caldeira,Feminino,2005-03-31,682371452,872.903.465-56,Hipertensão,21,88,82,96,20,35.6,97,45.17,1,0,N
Vitor Hugo Ferreira,Masculino,1957-09-01,486023758,328.651.970-77,Asma,69,129,80,111,19,36.5,96,12.67,1,0,N
Liam da Mata,Masculino,1998-10-02,274351687,903.812.754-50,Nenhuma,28,160,78,91,20,36.7,92,78.8,0,1,N
Larissa Oliveira,Feminino,1943-07-08,81564372X,301.257.469-70,Nenhuma,83,92,94,104,14,36.1,91,52.67,0,1,N
Enzo Gabriel Barbosa,Masculino,1946-07-18,42738560X,839.517.204-41,Nenhuma,80,123,91,102,12,36.1,89,94.44,0,1,N
Lucca Nogueira,Masculino,1952-01-25,483712061,129.486.753-91,Doença Cardiovascular,74,106,84,97,18,36.2,93,58.93,1,0,N
Ana Julia Cardoso,Feminino,1992-12-08,586372404,450.187.962-94,Nenhuma,33,128,86,68,23,37.6,88,52.29,0,1,S
Ravy Rocha,Masculino,2000-01-15,340186252,913.274.085-97,Nenhuma,26,120,78,89,26,36.5,100,7.14,0,0,N
Bianca Gomes,Feminino,1953-11-25,463780528,659.017.382-68,Doença Cardiovascular,72,107,106,63,21,35.7,98,14.93,1,0,N
Caio Lima,Masculino,2001-10-27,281567438,267.189.054-02,Doença Cardiovascular,24,129,57,85,18,35.7,95,84.95,1,0,N
Emanuelly Santos,Feminino,2003-05-07,280135646,729.681.345-82,Diabetes,23,156,82,93,19,36.3,100,99.07,1,0,N
Pietro Pimenta,Masculino,1986-08-26,840361257,073.652.194-16,Diabetes,40,116,80,126,18,36.7,92,41.52,1,1,N
Leonardo Farias,Masculino,1972-09-01,745823609,831.945.706-84,Asma,54,134,92,52,12,36.9,93,81.01,1,0,S
Yasmin Barros,Feminino,1965-11-12,046253713,953.821.046-89,Hipertensão,60,94,67,97,18,36.6,89,62.76,1,1,N
Caroline Borges,Feminino,1964-12-06,76582341X,680.312.594-70,Asma,61,100,53,122,11,35.8,100,95.91,1,1,N
Calebe Marques,Masculino,1977-02-07,807256432,569.147.083-39,Diabetes,49,129,82,103,17,36.2,93,23.81,1,0,N
Ravi Lucca Melo,Masculino,1957-07-29,675324816,036.975.281-30,Diabetes,69,149,84,105,26,37.1,97,54.48,1,0,N
Heloisa Casa Grande,Feminino,1953-06-11,361780527,051.968.243-24,Diabetes,73,127,102,99,22,35.6,100,40.88,1,0,S
Joana Fonseca,Feminino,1981-03-24,143285701,987.132.506-12,Hipertensão,45,113,60,117,13,36.1,100,54.17,1,1,N
Emilly Sampaio,Feminino,2004-12-25,082173564,167.290.834-50,Hipertensão,21,119,97,57,17,37.0,96,26.89,1,0,N
Luan Marques,Masculino,1984-02-19,716280346,541.237.869-28,Diabetes,42,94,115,50,13,37.2,98,49.77,1,0,N
Ana Azevedo,Feminino,1992-04-25,184620752,429.638.175-09,Diabetes,34,132,74,84,17,36.3,93,62.48,1,0,N
Daniel Ferreira,Masculino,2003-05-09,517624035,815.432.790-23,Asma,23,137,60,40,23,36.2,100,8.12,1,0,N
Nicole Cavalcante,Feminino,1939-11-24,431687523,984.352.607-47,Asma,86,110,73,115,21,35.4,96,74.3,1,0,N
Luiz Fernando Pereira,Masculino,1965-05-17,326840151,603.154.279-06,Asma,61,110,80,115,30,36.9,97,70.65,1,0,N
Carolina Moraes,Feminino,1967-04-17,384057627,841.537.609-00,Nenhuma,59,125,88,74,23,37.6,95,88.05,0,0,S
Maria Luiza Silva,Feminino,1965-12-24,708214563,289.406.157-94,Nenhuma,60,111,71,75,19,38.6,100,42.59,0,0,N
Luan Novais,Masculino,2007-03-01,842365102,430.512.679-61,Nenhuma,19,118,103,83,21,36.8,97,6.17,0,0,N
Kevin Nascimento,Masculino,1960-02-10,523017649,280.913.765-02,Asma,66,161,63,86,16,36.5,100,46.15,1,0,N
Maria Liz Pastor,Feminino,1962-10-12,186275304,825.193.470-23,Doença Cardiovascular,64,115,53,88,12,35.8,98,13.76,1,0,N
Isabella Pinto,Feminino,1958-03-24,046837218,975.803.614-93,Doença Cardiovascular,68,112,96,98,24,35.0,96,64.74,1,0,N
Eduarda Mendes,Feminino,1971-04-05,130764255,312.094.685-06,Doença Cardiovascular,55,107,45,80,23,36.6,100,4.71,1,0,N
Ana Luiza Fernandes,Feminino,2008-08-01,213456783,698.473.205-00,Doença Cardiovascular,18,134,76,108,16,38.4,98,37.4,1,0,N
Marina Viana,Feminino,2003-06-23,370281652,394.268.071-87,Hipertensão,23,116,126,96,19,37.5,93,8.28,1,0,N
Luigi Nogueira,Masculino,1964-09-04,430817563,954.782.306-00,Doença Cardiovascular,62,107,79,69,24,37.4,93,0.34,1,0,N
Emanuella Ribeiro,Feminino,1951-05-14,123657805,704.925.813-04,Hipertensão,75,146,63,118,22,36.7,97,96.06,1,1,S
Ryan Camargo,Masculino,1967-02-21,231705682,614.207.859-58,Diabetes,59,148,79,51,10,36.8,100,99.61,1,0,S
Nicole Duarte,Feminino,1952-11-27,803126542,218.536.074-44,Nenhuma,73,107,79,82,19,34.6,100,55.55,0,0,N
Aylla Macedo,Feminino,1953-07-01,523610786,561.083.749-93,Asma,73,82,82,109,17,37.1,89,23.9,1,1,N
Leandro Guerra,Masculino,1994-06-22,675013240,765.032.841-44,Nenhuma,32,140,89,66,23,36.0,97,91.11,0,0,N
Bianca Rodrigues,Feminino,1960-04-12,107234683,408.296.517-30,Asma,66,106,64,92,23,35.9,98,92.3,1,0,N
Mateus Duarte,Masculino,1979-05-25,05387142X,289.314.706-22,Diabetes,47,135,105,98,24,36.2,98,85.45,1,0,N
Ana Liz Borges,Feminino,1979-01-24,678541024,168.724.309-31,Diabetes,47,80,83,63,12,36.2,100,54.44,1,0,N
Davi Miguel Pacheco,Masculino,1998-01-10,534180267,832.746.915-00,Diabetes,28,137,90,83,14,35.9,99,7.47,1,0,N
Diogo Ribeiro,Masculino,1943-02-02,485720164,913.872.605-02,Nenhuma,83,95,70,81,23,36.5,93,8.84,0,0,N
Rael Nascimento,Masculino,1941-10-01,703421852,582.614.079-85,Asma,85,134,99,71,15,36.1,92,89.66,1,1,N
Maria Julia Pimenta,Feminino,1989-07-29,830125747,164.358.290-98,Nenhuma,37,120,76,142,10,36.6,98,87.58,0,1,N
Melissa Costa,Feminino,1946-09-11,65782043X,924.536.017-25,Hipertensão,80,100,84,65,20,35.3,100,43.44,1,0,N
Luiza da Rosa,Feminino,1967-01-10,208756310,578.290.143-88,Asma,59,111,66,110,15,36.3,97,32.82,1,0,N
Kevin Lopes,Masculino,2001-03-12,806274530,463.785.102-53,Diabetes,25,133,65,75,26,35.6,90,64.41,1,1,N
Aurora Pacheco,Feminino,2003-12-15,348217602,609.142.573-07,Asma,22,122,90,57,19,36.0,92,80.7,1,1,N
Sophia Guerra,Feminino,1993-09-04,302864714,279.865.314-28,Doença Cardiovascular,33,131,73,87,18,36.6,99,73.17,1,0,N
Laís Araújo,Feminino,1986-08-27,084627153,518.426.790-58,Hipertensão,40,159,67,101,16,35.2,95,61.56,1,0,N
Ana Júlia Abreu,Feminino,1946-10-30,378015461,369.487.051-20,Diabetes,79,88,70,108,25,35.8,97,23.15,1,0,N
Maria Alice Camargo,Feminino,1939-06-29,470612356,471.259.380-60,Doença Cardiovascular,87,152,90,124,19,37.0,100,26.25,1,0,N
Ana da Costa,Feminino,1970-02-21,836147054,948.276.301-78,Asma,56,122,70,158,15,35.4,92,72.41,1,1,N
Maria Júlia Pires,Feminino,1938-02-16,853406121,078.629.543-00,Diabetes,88,102,78,91,14,37.9,95,80.26,1,0,N
Mateus Guerra,Masculino,1957-01-06,50247368X,640.219.587-11,Asma,69,93,80,68,17,37.5,94,11.61,1,0,N
Maya Nogueira,Feminino,1997-04-29,306574214,297.346.180-40,Nenhuma,29,116,51,96,13,36.1,98,18.73,0,0,N
Emanuella Melo,Feminino,1985-04-16,516347020,572.043.816-53,Nenhuma,41,138,57,78,23,35.9,100,68.05,0,0,N
Gabriel Novais,Masculino,2002-10-06,738260514,261.834.079-50,Hipertensão,23,117,85,108,10,36.7,91,38.9,1,1,N
Luiz Miguel Leão,Masculino,1986-11-04,403258716,934.251.780-32,Asma,39,150,68,52,17,35.3,96,56.33,1,0,N
Laura Rios,Feminino,1984-05-13,35806417X,805.263.941-70,Nenhuma,42,90,95,144,21,34.9,100,61.48,0,1,N
Davi Luiz Albuquerque,Masculino,1942-02-17,461032752,897.150.623-77,Nenhuma,84,119,94,106,19,36.1,89,77.62,0,1,N
Antony Casa Grande,Masculino,1947-10-21,270413686,205.731.469-34,Nenhuma,78,94,90,42,14,36.4,96,80.57,0,0,N
Pedro Henrique Carvalho,Masculino,1958-05-10,610438256,076.148.392-69,Hipertensão,68,127,107,67,21,36.6,92,28.01,1,1,N
Davi Miguel Ramos,Masculino,1943-01-15,037845214,892.631.054-05,Hipertensão,83,137,78,105,13,36.0,94,54.13,1,0,N
Rafael Viana,Masculino,2008-06-22,015384627,872.960.315-30,Doença Cardiovascular,18,111,89,114,17,37.5,86,12.35,1,1,N
Mariana Pinto,Feminino,1941-10-02,765140822,891.347.056-00,Asma,85,70,71,53,21,35.3,100,84.2,1,0,N
Mirella Moraes,Feminino,1938-08-17,786304121,281.735.604-71,Diabetes,88,123,116,102,20,35.6,95,84.54,1,0,S
Yuri Machado,Masculino,1935-10-04,264107858,742.538.901-05,Asma,91,128,109,40,14,36.9,93,29.95,1,0,N
Luiz Gustavo Câmara,Masculino,2003-02-02,682305145,897.126.340-78,Diabetes,23,128,80,82,23,35.6,98,16.06,1,0,N
Mariana Pereira,Feminino,1993-05-19,583740261,406.287.591-85,Doença Cardiovascular,33,144,85,112,18,35.5,92,7.01,1,1,N
Sara Siqueira,Feminino,2001-03-25,208716452,316.290.758-68,Doença Cardiovascular,25,98,100,71,21,36.6,92,57.5,1,1,S
Theodoro da Mata,Masculino,1995-11-29,745861301,897.216.053-95,Nenhuma,30,133,77,47,25,35.7,100,9.14,0,0,N
Ísis Oliveira,Feminino,1971-07-16,072834614,284.937.106-87,Nenhuma,55,143,70,88,23,36.4,100,68.06,0,0,S
Arthur Gabriel Andrade,Masculino,1955-04-05,865312709,817.064.952-85,Diabetes,71,84,93,69,23,35.9,94,67.81,1,0,N
Rafaela Santos,Feminino,1957-01-06,825034176,940.162.358-98,Diabetes,69,126,81,100,18,35.8,100,61.4,1,0,N
Daniel Pacheco,Masculino,1996-10-31,473812654,938.764.152-09,Hipertensão,29,109,82,62,21,34.8,98,87.66,1,0,N
Bruno Casa Grande,Masculino,1940-12-22,841762533,540.983.627-83,Nenhuma,85,118,67,65,19,36.6,91,37.83,0,1,N
Ravi Lucca Moreira,Masculino,1980-06-22,127804638,382.610.475-71,Doença Cardiovascular,46,126,54,40,11,35.5,93,90.23,1,0,N
Vicente Pimenta,Masculino,1945-11-11,062348516,764.329.108-03,Asma,80,110,83,89,19,36.4,100,3.69,1,0,N
Joaquim Melo,Masculino,1969-06-29,714063253,693.481.507-66,Nenhuma,57,106,93,80,19,36.1,91,11.28,0,1,S
Vitor Hugo Pacheco,Masculino,1997-12-20,351706240,067.385.194-00,Asma,28,120,76,55,20,36.3,100,41.22,1,0,N
Benjamim Fernandes,Masculino,1947-03-26,374102855,285.037.694-92,Doença Cardiovascular,79,98,101,89,17,36.4,94,59.4,1,0,N
Alexia Melo,Feminino,1992-05-25,824537063,361.502.987-95,Asma,34,98,69,110,14,36.7,100,3.24,1,0,N
Théo Melo,Masculino,1973-05-01,581360746,320.785.964-00,Nenhuma,53,133,64,79,21,35.9,95,56.74,0,0,N
Luísa Leão,Feminino,1971-12-25,872340569,149.576.328-55,Asma,54,97,78,91,11,37.5,100,30.74,1,0,N
Juan da Rocha,Masculino,1952-01-30,823451677,314.507.296-06,Nenhuma,74,133,78,91,25,35.0,100,88.71,0,0,N
Arthur Miguel Sales,Masculino,1956-06-14,178465021,651.042.938-15,Nenhuma,70,129,91,54,16,36.3,100,53.33,0,0,N
Liz Siqueira,Feminino,1964-06-17,17534680X,231.957.068-30,Hipertensão,62,85,68,136,19,37.2,94,58.79,1,1,N
Joana Araújo,Feminino,1960-06-18,345682701,961.724.805-02,Hipertensão,66,106,100,73,20,36.9,93,94.56,1,0,S
Eloá Oliveira,Feminino,1947-08-18,583764204,843.259.706-65,Doença Cardiovascular,79,143,109,101,20,35.7,96,76.42,1,0,S
João Vitor Sousa,Masculino,1970-04-01,741062586,980.326.147-96,Asma,56,100,79,104,10,35.9,91,43.83,1,1,N
Amanda da Paz,Feminino,1968-10-10,532140783,801.352.476-08,Diabetes,58,110,98,81,22,35.7,97,47.69,1,0,N
Antonella Cardoso,Feminino,2005-03-21,750413621,324.685.071-26,Hipertensão,21,129,64,100,19,37.0,93,64.79,1,0,N
Breno Viana,Masculino,1958-02-09,405132682,360.928.715-21,Hipertensão,68,135,96,91,14,35.9,100,20.02,1,0,N
José Cardoso,Masculino,1983-06-13,624718505,085.719.326-03,Nenhuma,43,114,95,49,14,36.7,94,8.87,0,0,N
Lara da Mota,Feminino,1995-03-19,687302146,269.148.573-00,Nenhuma,31,108,92,76,16,36.7,90,31.12,0,1,N
Alice Sousa,Feminino,1966-04-03,641725036,671.425.308-71,Diabetes,60,148,79,69,11,38.4,100,77.84,1,0,S
Erick Pastor,Masculino,2003-09-02,10283457X,327.810.956-21,Diabetes,23,154,40,73,26,36.8,97,25.73,1,0,N
Pietro Freitas,Masculino,1993-09-22,546710323,740.968.213-22,Asma,33,139,70,52,25,35.9,97,13.08,1,0,N
José Pedro Viana,Masculino,1997-08-01,814653200,653.247.018-07,Nenhuma,29,121,70,113,20,35.3,100,21.9,0,0,N
Raquel Cirino,Feminino,1984-05-19,326541871,240.893.617-96,Hipertensão,42,103,65,125,16,36.3,100,67.9,1,1,S
Ana Beatriz Fernandes,Feminino,1951-02-11,534260780,056.172.394-06,Diabetes,75,103,81,109,17,36.4,93,61.39,1,0,N
Clara Peixoto,Feminino,1969-06-01,570123847,381.652.790-68,Nenhuma,57,130,73,116,21,34.7,95,68.83,0,1,N
Thales Sá,Masculino,1987-01-30,016327585,045.781.396-20,Diabetes,39,128,67,76,26,35.9,92,32.2,1,1,N
Maria Isis da Costa,Feminino,1938-06-06,452631075,097.283.415-04,Doença Cardiovascular,88,148,64,69,15,36.7,91,90.09,1,1,S
Eloah Costela,Feminino,1940-01-12,132567404,217.403.689-40,Diabetes,86,133,69,65,12,36.1,99,45.18,1,0,N
Luiz Felipe Aragão,Masculino,1999-08-18,234807611,481.967.023-96,Nenhuma,27,89,96,101,25,37.3,98,51.37,0,0,N
Danilo Aragão,Masculino,1946-07-10,341287064,639.421.805-70,Doença Cardiovascular,80,141,70,90,10,35.3,100,94.88,1,0,N
Ravi Guerra,Masculino,2008-08-12,47506382X,618.725.394-91,Asma,18,100,72,83,12,37.0,100,97.93,1,0,N
Liz Melo,Feminino,1944-12-12,810342674,279.436.081-78,Nenhuma,81,112,73,117,16,37.2,100,66.15,0,1,N
Isabel Garcia,Feminino,1988-07-03,351027488,147.395.068-66,Hipertensão,38,125,85,95,10,37.3,100,94.48,1,0,N
Maria Julia Melo,Feminino,1956-05-12,021783652,704.389.612-69,Asma,70,159,86,64,23,35.2,88,54.15,1,1,N
Clara Moura,Feminino,1960-01-12,164072834,164.078.295-85,Diabetes,66,182,40,67,22,36.8,95,30.73,1,0,N
Anthony Gabriel da Paz,Masculino,1959-02-06,152084678,412.958.307-79,Diabetes,67,132,95,102,15,36.0,100,31.51,1,0,N
Maria Helena Rocha,Feminino,1953-03-17,682501736,280.561.397-02,Nenhuma,73,116,101,111,24,35.4,92,55.89,0,1,N
Vinícius Rodrigues,Masculino,1970-11-25,153720864,134.890.657-00,Doença Cardiovascular,55,130,64,98,25,36.2,97,60.5,1,0,N
Calebe Nascimento,Masculino,1965-08-31,574160280,869.320.714-87,Hipertensão,61,137,65,132,17,35.8,99,43.96,1,1,N
Pedro Pimenta,Masculino,2003-08-17,247150836,769.014.532-99,Hipertensão,23,113,73,125,15,37.2,98,88.38,1,1,N
Lívia da Mata,Feminino,1984-07-11,148752305,914.876.325-09,Diabetes,42,155,68,96,29,36.9,98,42.67,1,0,N
Beatriz da Cunha,Feminino,1984-10-09,412057633,053.941.876-57,Doença Cardiovascular,42,124,83,64,21,35.6,99,27.34,1,0,N
Maria Júlia Martins,Feminino,1988-12-27,634021783,146.730.285-62,Nenhuma,37,129,50,52,19,35.9,97,0.8,0,0,N
Isabella Siqueira,Feminino,1957-10-30,207164587,892.301.475-32,Doença Cardiovascular,68,133,63,75,24,36.2,91,97.06,1,1,N
Evelyn Moreira,Feminino,1987-07-05,028457316,481.730.296-87,Nenhuma,39,128,103,103,19,36.4,99,82.43,0,0,S
Emilly Dias,Feminino,2001-02-14,683245703,458.376.920-29,Diabetes,25,136,66,130,15,37.3,98,61.56,1,1,N
Anthony Rocha,Masculino,1983-08-24,823140659,940.876.132-40,Diabetes,43,107,98,95,18,37.1,91,83.05,1,1,N
Ana Lívia Albuquerque,Feminino,1962-05-01,754032188,842.367.910-13,Diabetes,64,108,85,114,23,36.5,100,81.03,1,0,N
Carlos Eduardo Moura,Masculino,1964-04-09,536104724,270.841.935-88,Doença Cardiovascular,62,97,52,78,10,36.3,99,93.19,1,0,N
Melissa Ferreira,Feminino,1960-12-07,304216781,758.346.109-00,Nenhuma,65,128,89,100,16,35.1,91,38.61,0,1,S
Larissa da Cunha,Feminino,1939-04-25,621785301,193.207.568-21,Diabetes,87,135,78,105,24,37.5,93,55.49,1,0,S
Ana Beatriz Alves,Feminino,1997-02-22,285673014,165.048.372-44,Asma,29,129,73,40,15,36.1,94,9.86,1,0,N
Ayla Araújo,Feminino,1994-05-29,715860343,761.928.503-21,Diabetes,32,153,83,74,25,37.7,94,96.53,1,0,N
Helena Peixoto,Feminino,1964-03-07,341678508,645.178.293-91,Doença Cardiovascular,62,119,87,108,25,36.7,98,98.51,1,0,N
Dante Borges,Masculino,1995-01-22,783021458,427.185.360-71,Asma,31,133,90,91,17,38.1,93,78.91,1,0,N
Caroline Garcia,Feminino,1969-07-30,875634126,987.564.120-02,Diabetes,57,98,97,55,15,37.0,100,45.41,1,0,N
Ester Camargo,Feminino,2006-04-21,073184524,142.895.370-14,Doença Cardiovascular,20,112,86,40,16,35.4,100,49.66,1,0,N
José da Rocha,Masculino,1992-12-15,24650738X,568.920.314-98,Hipertensão,33,133,59,75,31,36.0,99,43.54,1,0,N
Ana Vitória Porto,Feminino,1998-09-17,056873414,196.274.380-22,Hipertensão,28,136,72,83,27,36.4,97,29.33,1,0,N
João Guilherme Vargas,Masculino,1968-07-25,728613451,150.928.437-05,Diabetes,58,114,124,62,18,35.8,100,52.78,1,0,N
Luna da Cunha,Feminino,1995-04-18,165748205,809.367.215-02,Nenhuma,31,118,90,88,14,36.2,95,5.34,0,0,N
Brayan da Mota,Masculino,1990-02-24,76851230X,721.930.486-22,Diabetes,36,89,115,97,18,35.4,94,99.19,1,0,N
Maria Helena Gomes,Feminino,1987-05-20,316475804,380.759.126-59,Hipertensão,39,112,100,101,19,36.5,100,42.41,1,0,N
Ana Liz da Luz,Feminino,1983-10-22,274530168,782.613.045-07,Asma,42,137,83,40,11,36.7,98,92.74,1,0,N
Felipe Macedo,Masculino,2005-09-06,42517380X,872.604.513-35,Hipertensão,21,131,84,52,18,35.7,94,72.43,1,0,N
Samuel Costa,Masculino,1990-08-09,154806274,016.293.548-05,Asma,36,130,79,77,24,38.1,95,28.99,1,0,N
Maria Júlia Cavalcanti,Feminino,1999-02-12,215786348,721.896.340-40,Asma,27,120,53,99,10,36.6,94,22.21,1,0,N
Cauê Casa Grande,Masculino,1949-03-04,058367123,035.489.762-47,Diabetes,77,120,80,97,22,35.8,100,99.57,1,0,N
Marina Cunha,Feminino,1999-03-12,047263817,095.276.843-74,Hipertensão,27,106,98,96,24,35.2,97,77.21,1,0,N
Bianca Macedo,Feminino,1947-09-23,764351023,870.952.143-79,Nenhuma,79,133,71,75,15,36.5,97,24.97,0,0,N
Bella Andrade,Feminino,1954-01-14,806245712,239.765.140-80,Doença Cardiovascular,72,128,86,76,26,36.3,99,6.74,1,0,N
Brayan Oliveira,Masculino,1942-07-19,845261034,423.150.687-62,Hipertensão,84,129,92,66,14,37.1,92,69.69,1,1,N
Melissa Almeida,Feminino,1999-08-28,580176241,302.741.568-90,Nenhuma,27,109,66,104,20,36.4,100,30.3,0,0,S
Dom Rezende,Masculino,1960-03-01,152043780,361.785.940-20,Asma,66,76,73,61,16,35.5,94,22.13,1,0,N
Ana Carolina Rios,Feminino,1938-10-23,180435723,479.231.065-25,Diabetes,87,141,64,106,16,37.8,100,73.49,1,0,N
João Felipe Cassiano,Masculino,1945-12-27,136785402,107.564.829-76,Doença Cardiovascular,80,110,67,90,14,36.8,95,67.93,1,0,N
Matteo Oliveira,Masculino,1973-03-05,502731485,697.425.103-34,Nenhuma,53,102,60,83,21,36.3,100,48.14,0,0,N
Sophie Santos,Feminino,1971-11-27,238174657,395.784.201-88,Doença Cardiovascular,54,133,66,68,22,36.6,87,94.27,1,1,N
Pietra Lopes,Feminino,1956-01-10,036514287,018.459.763-39,Doença Cardiovascular,70,112,101,51,17,36.9,92,67.96,1,1,S
Ana Lívia Nogueira,Feminino,1950-07-04,213047688,136.982.075-59,Doença Cardiovascular,76,141,66,68,11,35.4,95,89.34,1,0,S
Alexandre Gomes,Masculino,1948-12-02,751086320,503.192.876-02,Doença Cardiovascular,77,132,81,76,20,36.6,88,19.06,1,1,N
Camila Nunes,Feminino,1938-07-20,638710546,374.629.180-13,Asma,88,133,72,40,20,36.1,99,29.66,1,0,N
Luiz Henrique Farias,Masculino,1936-05-31,380647527,530.126.879-12,Doença Cardiovascular,90,92,97,80,16,36.9,98,10.45,1,0,N
Maria Liz Araújo,Feminino,1962-01-28,065247383,732.184.650-44,Nenhuma,64,144,99,108,27,35.9,93,30.46,0,0,N
Luiz Otávio Nascimento,Masculino,1960-10-11,036485718,870.164.239-13,Diabetes,66,125,92,99,10,36.0,96,97.18,1,0,N
Anna Liz Marques,Feminino,1980-08-18,457068322,075.968.124-49,Hipertensão,46,112,84,72,10,37.8,100,96.29,1,0,N
Gabriela Cavalcanti,Feminino,1960-05-10,827065437,940.863.215-05,Asma,66,122,76,86,14,37.5,88,76.04,1,1,S
Asafe Gomes,Masculino,1943-05-18,701423869,856.297.013-12,Doença Cardiovascular,83,84,62,71,21,34.0,91,52.1,1,1,N
Letícia Sampaio,Feminino,1992-01-26,874316054,309.146.258-70,Doença Cardiovascular,34,128,109,88,12,37.4,95,78.08,1,0,N
Cauê Pires,Masculino,2006-07-02,701568434,213.498.605-06,Diabetes,20,99,68,123,13,36.4,97,55.35,1,1,N
Raquel Barros,Feminino,1950-06-20,472156809,390.756.284-47,Nenhuma,76,92,89,109,22,35.9,96,0.35,0,0,N
Esther Carvalho,Feminino,1946-07-14,103274686,956.017.824-58,Nenhuma,80,89,95,98,20,35.7,100,50.15,0,0,N
Gael Alves,Masculino,1985-05-30,607825340,057.819.643-39,Diabetes,41,142,71,72,19,35.7,98,59.89,1,0,N
Samuel Gomes,Masculino,1998-05-12,352687046,520.791.843-50,Doença Cardiovascular,28,107,95,103,21,36.0,99,26.57,1,0,N
Vitor Hugo Ramos,Masculino,1990-01-22,725614833,931.480.526-33,Asma,36,150,91,42,15,35.6,91,20.33,1,1,N
Sara Nascimento,Feminino,1955-09-15,671503844,314.879.260-22,Hipertensão,71,109,105,78,16,35.4,97,27.38,1,0,N
Allana Andrade,Feminino,1964-04-06,875436122,730.216.895-40,Asma,62,85,72,99,22,35.7,95,62.36,1,0,N
Ana Laura Fernandes,Feminino,1974-05-05,756013483,630.754.819-39,Diabetes,52,97,60,103,11,36.8,100,14.61,1,0,N
Nathan Campos,Masculino,1978-11-06,234601875,259.381.647-37,Asma,47,144,72,101,10,36.5,97,72.03,1,0,N
Stephany Marques,Feminino,2003-05-21,208431755,481.790.253-14,Asma,23,116,83,92,15,36.9,94,42.27,1,0,N
Clarice Sousa,Feminino,1950-02-05,514286374,375.694.201-52,Hipertensão,76,109,80,80,22,36.4,100,35.33,1,0,N
Isabel Barbosa,Feminino,1991-12-07,815637408,314.068.927-69,Doença Cardiovascular,34,123,74,98,19,35.5,99,80.72,1,0,N
Cecília Mendonça,Feminino,1989-02-15,803462578,253.817.096-68,Doença Cardiovascular,37,130,51,61,22,36.9,93,50.61,1,0,N
Olivia Pinto,Feminino,1938-08-15,312864504,284.075.916-02,Asma,88,142,87,63,10,35.7,95,37.84,1,0,N
Isabelly Sampaio,Feminino,2006-02-15,158736047,802.547.196-94,Nenhuma,20,148,109,86,19,37.0,95,87.82,0,0,S
Anthony Gabriel Cavalcanti,Masculino,1978-11-19,487156304,094.583.271-05,Diabetes,47,112,86,89,21,35.6,100,36.83,1,0,N
Leandro Vieira,Masculino,1956-12-04,540312782,158.432.706-53,Diabetes,69,93,89,40,11,36.0,97,85.9,1,0,N
Mirella Pimenta,Feminino,2008-07-05,028536149,217.084.936-03,Hipertensão,18,111,88,96,22,36.2,99,50.42,1,0,N
Benício Caldeira,Masculino,1969-01-23,741028360,894.162.703-69,Diabetes,57,125,85,104,17,37.0,95,20.8,1,0,N
Theo Peixoto,Masculino,1956-07-05,538264019,160.347.982-13,Hipertensão,70,100,93,83,33,36.6,98,61.28,1,0,N
Hellena Azevedo,Feminino,1937-01-18,863741204,362.175.908-59,Hipertensão,89,100,85,144,10,36.5,100,28.53,1,0,N
Mariane Fernandes,Feminino,1978-10-06,105738268,596.023.478-56,Nenhuma,48,126,75,67,24,38.0,95,14.72,0,0,N
Maria Liz Duarte,Feminino,2006-03-13,406823753,591.376.248-73,Nenhuma,20,119,68,75,16,35.0,97,8.65,0,0,S
Ísis Carvalho,Feminino,1940-04-29,243068712,729.084.513-79,Doença Cardiovascular,86,120,76,75,10,35.7,91,24.17,1,1,S
Heitor Teixeira,Masculino,1996-04-20,802756311,173.298.056-02,Hipertensão,30,104,84,83,15,35.6,93,73.66,1,0,N
Erick Farias,Masculino,1966-03-15,670432180,470.356.289-83,Nenhuma,60,115,75,76,19,35.1,95,83.8,0,0,N
Bárbara da Mota,Feminino,1969-07-31,628753019,260.154.397-34,Doença Cardiovascular,57,101,84,49,23,35.9,92,86.17,1,1,S
Oliver Cavalcante,Masculino,2000-04-20,863054717,071.963.245-52,Hipertensão,26,137,86,71,26,37.1,100,27.01,1,0,S
Eloah Macedo,Feminino,1977-06-29,701652482,239.754.860-74,Asma,49,140,92,82,25,36.0,93,66.1,1,0,N
Asafe Carvalho,Masculino,2003-02-17,48103657X,081.246.573-35,Hipertensão,23,83,99,115,13,36.2,100,23.04,1,0,N
Marcos Vinicius Vasconcelos,Masculino,1996-09-07,687453215,418.726.953-37,Nenhuma,30,101,81,140,23,35.1,97,62.28,0,1,S
Allana Mendonça,Feminino,1952-01-06,035821462,061.748.953-00,Nenhuma,74,90,60,118,19,35.9,97,88.72,0,1,N
Alana Abreu,Feminino,1955-01-24,784651322,952.804.317-88,Doença Cardiovascular,71,106,74,65,14,36.1,100,4.09,1,0,N
Caio Santos,Masculino,2000-10-28,243085679,823.654.719-19,Hipertensão,25,118,80,67,16,37.0,87,98.52,1,1,N
Oliver Sales,Masculino,1997-12-14,014327867,679.524.831-37,Asma,28,91,52,81,14,35.2,96,82.71,1,0,N
Carolina Costela,Feminino,1995-05-14,142536076,378.654.219-82,Doença Cardiovascular,31,101,100,129,18,36.1,92,76.17,1,1,N
Júlia Moreira,Feminino,1984-07-16,278403566,197.582.046-02,Diabetes,42,99,82,80,14,37.4,89,69.14,1,1,N
Maria Sophia da Costa,Feminino,1978-01-19,341826704,063.174.582-35,Hipertensão,48,124,85,51,12,36.1,92,77.03,1,1,N
Arthur Miguel Peixoto,Masculino,1964-07-25,567832016,267.518.390-30,Doença Cardiovascular,62,121,100,72,20,34.8,97,99.46,1,0,N
Theo Pimenta,Masculino,1936-01-21,361207451,361.254.798-46,Hipertensão,90,105,70,103,21,37.5,94,77.02,1,0,N
Kevin Ferreira,Masculino,1952-06-22,152074636,076.198.425-94,Hipertensão,74,123,88,102,17,37.1,100,35.16,1,0,N
André Novais,Masculino,1951-12-08,203765412,745.983.126-37,Diabetes,74,109,78,79,24,37.2,96,61.39,1,0,N
Gael Campos,Masculino,1995-09-18,306721545,132.764.058-90,Diabetes,31,114,77,102,16,35.1,95,33.69,1,0,N
Calebe Pinto,Masculino,1953-03-10,48153720X,314.560.279-99,Nenhuma,73,153,68,40,16,37.7,95,97.01,0,0,N
Ágatha Montenegro,Feminino,1935-11-28,53421860X,582.769.013-95,Hipertensão,90,146,104,87,21,35.9,96,90.01,1,0,S
Ravi Vargas,Masculino,1939-03-25,160524878,432.705.869-65,Doença Cardiovascular,87,94,74,106,17,36.1,95,56.76,1,0,N
Giovanna da Mota,Feminino,1941-04-19,614258078,051.972.684-76,Hipertensão,85,136,90,64,18,35.9,93,78.13,1,0,N
Evelyn Camargo,Feminino,1994-05-20,523417068,923.846.150-33,Diabetes,32,136,51,64,10,37.3,100,90.97,1,0,N
Renan Monteiro,Masculino,1974-10-26,480157637,527.036.914-16,Doença Cardiovascular,51,97,97,40,18,36.4,94,24.36,1,0,N
Emanuel Rios,Masculino,2001-05-29,854120634,476.215.380-07,Nenhuma,25,136,95,124,10,36.9,95,57.95,0,1,N
Benjamim Ramos,Masculino,2004-05-10,524607813,703.612.584-53,Asma,22,150,81,66,11,36.6,98,48.17,1,0,N
Larissa Costela,Feminino,1936-12-07,506347217,417.539.820-14,Nenhuma,89,97,76,91,11,36.4,98,77.16,0,0,S
José Farias,Masculino,1999-02-23,352617044,170.829.543-79,Nenhuma,27,101,86,100,12,35.7,93,37.91,0,0,N
Mirella Aparecida,Feminino,1989-03-27,783624153,091.738.542-04,Nenhuma,37,140,114,122,15,37.9,100,70.9,0,1,N
Ana Júlia Nascimento,Feminino,1991-09-20,430275687,984.013.625-98,Nenhuma,35,125,53,81,15,35.3,99,40.3,0,0,N
Eduarda Viana,Feminino,1993-04-08,603451822,315.807.946-10,Asma,33,131,91,71,21,36.8,97,11.11,1,0,N
Ryan Moraes,Masculino,1991-11-15,861532703,862.753.019-02,Nenhuma,34,126,66,89,19,36.8,95,10.71,0,0,N
Ana Sophia da Costa,Feminino,1984-03-01,784162359,368.259.740-92,Diabetes,42,127,79,117,10,37.4,95,11.91,1,0,N
Luan Leão,Masculino,1971-12-31,604715389,456.930.871-66,Hipertensão,54,93,76,80,18,37.6,96,3.25,1,0,N
Lunna da Conceição,Feminino,1978-02-04,071254389,367.824.150-62,Doença Cardiovascular,48,140,73,61,19,36.4,92,53.3,1,1,S
Lunna da Conceição,Feminino,1974-09-24,607381450,871.609.354-20,Nenhuma,52,143,79,46,16,36.9,96,67.19,0,0,N
Isaac Sousa,Masculino,1976-01-25,703416856,431.760.928-22,Nenhuma,50,115,62,54,17,37.9,100,12.67,0,0,N
Gabriela Garcia,Feminino,1992-08-29,172803469,706.529.418-85,Diabetes,34,119,95,106,18,36.4,100,61.19,1,0,N
Brayan Melo,Masculino,1998-03-05,250718649,904.673.852-38,Doença Cardiovascular,28,89,53,76,21,35.6,95,59.77,1,0,N
Ryan Aragão,Masculino,2003-04-25,42385706X,038.674.915-93,Nenhuma,23,130,88,69,10,36.2,100,14.71,0,0,N
Clara Cunha,Feminino,1964-02-22,618342576,850.143.967-39,Asma,62,131,75,67,16,35.5,100,40.41,1,0,N
Rafael Cavalcanti,Masculino,1988-09-20,456287310,648.907.153-39,Nenhuma,38,118,62,87,25,36.8,95,75.51,0,0,N
Marcelo Carvalho,Masculino,1948-09-05,718360424,796.850.241-11,Hipertensão,78,142,83,79,25,37.4,99,1.68,1,0,N
Gael Pires,Masculino,1983-08-22,275041682,926.078.451-49,Doença Cardiovascular,43,113,56,78,22,36.4,87,14.69,1,1,N
João Gabriel Costa,Masculino,1936-10-11,401685378,357.204.681-53,Doença Cardiovascular,90,131,80,118,20,35.2,91,99.58,1,1,N
Davi Lucas Andrade,Masculino,1967-02-05,760352483,498.201.735-23,Diabetes,59,99,58,123,26,37.3,97,73.35,1,1,N
João Lucas Carvalho,Masculino,1959-09-29,402536812,358.196.702-21,Hipertensão,67,119,86,44,27,35.1,92,46.41,1,1,N
Nina Marques,Feminino,1953-09-02,187436204,806.793.425-83,Diabetes,73,116,66,93,17,35.3,100,62.98,1,0,S
Enzo Gabriel Teixeira,Masculino,1970-10-10,102784656,431.068.752-08,Diabetes,56,124,73,65,13,36.4,99,84.62,1,0,S
Henry da Rocha,Masculino,1943-01-01,076524310,590.367.241-80,Nenhuma,83,112,84,78,16,36.7,100,84.23,0,0,N
Emanuel Vieira,Masculino,2003-09-18,283654107,867.053.914-48,Doença Cardiovascular,23,117,68,92,33,36.8,96,32.47,1,0,N
Yuri da Conceição,Masculino,1989-02-08,382561077,382.605.147-53,Nenhuma,37,136,79,79,10,36.4,92,49.13,0,1,N
Maria Sophia Moreira,Feminino,1948-01-30,325841767,918.245.703-41,Doença Cardiovascular,78,111,57,90,15,37.9,94,63.81,1,0,N
Henrique Pastor,Masculino,1957-01-30,216804358,850.469.217-58,Asma,69,87,89,101,10,36.6,98,7.19,1,0,N
Ravi da Mota,Masculino,1954-07-06,603817452,983.572.640-00,Diabetes,72,154,106,92,18,37.3,94,94.58,1,0,N
Mariane Sousa,Feminino,1947-07-23,468532018,610.437.892-78,Asma,79,147,121,68,11,37.1,99,43.27,1,0,N
Isadora Duarte,Feminino,1966-11-15,152380747,239.167.584-46,Asma,59,94,81,69,17,35.5,99,37.09,1,0,N
Henry Pastor,Masculino,1988-12-21,204651736,572.390.864-29,Diabetes,37,133,91,49,10,36.4,97,90.71,1,0,N
Alana Leão,Feminino,1962-02-16,305427180,501.496.382-05,Doença Cardiovascular,64,109,53,63,21,38.2,89,11.83,1,1,S
Asafe Melo,Masculino,1991-08-06,378105267,695.837.412-64,Diabetes,35,125,102,134,24,36.1,100,3.93,1,0,N
Ana Beatriz Lima,Feminino,1956-10-27,340527687,897.016.234-87,Asma,69,125,91,65,16,36.0,96,68.5,1,0,N
Maria Júlia Mendes,Feminino,2008-08-03,754801366,972.063.458-83,Nenhuma,18,115,72,55,17,36.6,100,38.5,0,0,N
Rael Monteiro,Masculino,1986-03-24,083157244,956.478.312-73,Doença Cardiovascular,40,104,98,92,17,36.1,99,76.45,1,0,N
Bryan Novais,Masculino,1982-05-23,126047856,483.760.529-00,Doença Cardiovascular,44,106,76,82,18,35.9,96,6.85,1,0,N
Nicolas Cunha,Masculino,1941-04-22,354801624,975.061.824-67,Nenhuma,85,101,73,80,17,36.1,98,38.38,0,0,N
Luiz Henrique da Rocha,Masculino,1947-02-06,15647380X,043.869.517-84,Hipertensão,79,103,87,120,21,37.6,88,23.53,1,1,N
Caleb Almeida,Masculino,1944-08-10,753401824,150.724.936-52,Asma,82,118,64,98,24,36.4,100,73.96,1,0,N
Leandro Castro,Masculino,2004-02-25,086372415,485.792.136-73,Hipertensão,22,105,95,71,13,35.4,100,22.72,1,0,N
Apollo Marques,Masculino,2005-05-10,501827341,614.053.298-15,Hipertensão,21,133,64,74,16,35.3,88,45.79,1,1,N
Davi Miguel Santos,Masculino,1940-07-23,074563129,601.947.532-80,Asma,86,149,64,72,22,38.3,95,81.89,1,0,N
Francisco Vieira,Masculino,1991-12-24,872645010,981.534.260-60,Hipertensão,34,108,66,106,10,36.3,96,91.54,1,0,N
Nicole Santos,Feminino,1991-02-10,142063575,524.963.187-82,Nenhuma,35,124,91,77,10,36.8,100,72.26,0,0,N
Ana Sophia Gomes,Feminino,1955-06-16,684231700,042.785.913-14,Diabetes,71,129,70,40,19,35.9,100,42.92,1,0,S
Vinícius Andrade,Masculino,1948-10-22,862045137,135.746.029-52,Asma,77,129,59,83,20,36.8,98,57.2,1,0,N
Paulo Sá,Masculino,1991-08-01,04617235X,324.685.971-09,Doença Cardiovascular,35,121,70,46,14,37.7,100,68.97,1,0,N
Vitor Hugo Oliveira,Masculino,1960-05-19,04318652X,342.786.095-74,Diabetes,66,134,79,139,15,36.0,97,87.49,1,1,N
Anna Liz Pinto,Feminino,1972-04-11,347162058,865.149.702-49,Diabetes,54,129,62,60,14,36.9,98,88.86,1,0,S
Benjamin Moraes,Masculino,1996-09-17,672034815,629.481.053-15,Hipertensão,30,95,62,80,13,35.4,98,93.1,1,0,N
Ana Júlia Camargo,Feminino,1974-10-08,85324067X,073.249.586-56,Diabetes,52,137,111,91,21,38.1,100,81.07,1,0,N
Luiz Otávio Martins,Masculino,1973-01-11,683517405,570.926.813-59,Diabetes,53,137,67,77,12,36.7,95,14.68,1,0,S
Asafe Fonseca,Masculino,1970-11-15,874163250,243.601.978-96,Diabetes,55,104,75,77,16,36.2,100,74.76,1,0,N
Erick Ramos,Masculino,1980-08-04,378051647,895.623.170-21,Asma,46,120,74,95,13,36.3,92,81.46,1,1,N
Bernardo Novais,Masculino,1993-01-31,165278304,974.153.026-99,Asma,33,133,73,123,10,36.1,95,87.79,1,1,N
Cecilia Farias,Feminino,1961-10-01,702386418,502.931.768-68,Doença Cardiovascular,65,115,89,104,22,36.1,94,92.48,1,0,N
Ágatha Camargo,Feminino,1942-06-17,362048174,435.192.760-70,Nenhuma,84,141,94,121,15,34.5,97,50.92,0,1,N
Gustavo Henrique Sá,Masculino,1948-08-14,265410381,720.391.684-78,Hipertensão,78,167,75,58,18,36.4,95,65.51,1,0,N
Lorenzo Fogaça,Masculino,1994-08-17,732801564,983.716.502-21,Nenhuma,32,104,61,92,10,36.4,100,0.96,0,0,N
Theodoro Rodrigues,Masculino,1975-07-20,720156348,527.316.840-62,Nenhuma,51,92,99,88,14,36.9,93,57.28,0,0,N
Kamilly Aragão,Feminino,1954-01-05,756402839,184.273.095-97,Nenhuma,72,126,78,93,21,36.1,90,47.32,0,1,N
Maria Fernanda Ferreira,Feminino,1937-01-27,427350864,914.207.536-06,Asma,89,134,105,119,30,35.9,91,96.23,1,1,N
Raquel Montenegro,Feminino,2002-06-16,576413203,597.412.306-99,Nenhuma,24,115,46,79,10,36.5,100,90.17,0,0,N
Camila Melo,Feminino,1994-06-18,301276584,302.186.954-89,Asma,32,149,82,74,16,35.2,93,79.76,1,0,N
Yasmin da Rocha,Feminino,1993-08-27,531482674,405.716.283-62,Asma,33,93,108,98,20,36.6,98,5.7,1,0,N
Léo Rocha,Masculino,1942-01-19,786035146,647.852.091-94,Nenhuma,84,133,74,40,14,35.0,95,40.2,0,0,N
Esther Marques,Feminino,1940-05-16,072386459,038.794.612-87,Hipertensão,86,107,76,79,22,37.4,100,69.6,1,0,N
Anna Liz Gonçalves,Feminino,1946-05-21,708246515,102.568.793-03,Hipertensão,80,154,84,81,13,37.0,96,2.97,1,0,N
Laura Barbosa,Feminino,1947-06-13,481375065,481.957.602-01,Doença Cardiovascular,79,159,71,61,18,35.8,100,23.58,1,0,N
Eloah da Mota,Feminino,1995-04-03,378102564,615.872.034-80,Hipertensão,31,104,75,111,15,37.0,100,88.75,1,0,N
Diogo Monteiro,Masculino,1974-10-14,405268312,798.420.516-76,Doença Cardiovascular,51,109,74,58,24,36.6,95,12.98,1,0,N
Gabrielly Moreira,Feminino,1970-09-08,614723504,062.179.485-67,Asma,56,137,70,81,14,35.7,95,5.14,1,0,N
Juan Leão,Masculino,2003-04-01,42387150X,517.924.063-80,Diabetes,23,112,98,92,16,34.9,100,58.06,1,0,N
Renan Ferreira,Masculino,1981-11-06,415683075,396.052.417-06,Hipertensão,44,119,86,118,22,36.8,92,94.65,1,1,S
Melina Sousa,Feminino,1937-12-01,345710289,706.382.941-69,Nenhuma,88,120,83,84,12,35.9,96,83.46,0,0,S
João Vitor Correia,Masculino,1998-01-18,235146079,527.149.608-20,Asma,28,81,92,108,18,37.4,97,97.48,1,0,S
Antônio da Conceição,Masculino,1993-08-10,083571425,259.104.387-60,Nenhuma,33,119,76,102,10,36.5,96,75.35,0,0,N
Lívia Jesus,Feminino,1967-04-23,487253164,624.589.701-76,Diabetes,59,106,68,88,12,35.9,90,43.74,1,1,N
Manuela Rezende,Feminino,1994-09-04,156720486,961.730.854-10,Asma,32,110,70,57,19,37.9,98,94.66,1,0,N
Ryan Pastor,Masculino,1992-05-19,680253476,847.921.063-03,Asma,34,148,80,49,13,37.0,93,42.66,1,0,N
Raul da Rosa,Masculino,1965-02-14,183524767,274.186.093-96,Asma,61,94,64,87,15,34.0,100,35.01,1,0,N
Davi Lucca Vieira,Masculino,1947-12-21,786325410,654.279.013-61,Nenhuma,78,136,72,71,20,36.1,91,44.82,0,1,N
Enzo Gabriel Vieira,Masculino,1981-01-30,687234013,052.834.761-62,Nenhuma,45,114,72,107,15,35.4,97,81.4,0,0,N
Heloísa Mendes,Feminino,1971-01-12,204581631,072.894.156-20,Asma,55,114,111,103,22,35.9,88,91.77,1,1,N
João Pedro Vargas,Masculino,1978-07-19,452103782,029.634.178-96,Asma,48,135,40,80,19,36.4,88,35.77,1,1,N
Clara Fogaça,Feminino,1986-08-26,478163058,534.217.089-32,Hipertensão,40,126,77,56,20,36.8,93,46.22,1,0,S
Mirella Cavalcante,Feminino,2007-01-01,548217038,975.632.104-07,Diabetes,19,131,105,97,24,36.7,94,89.83,1,0,N
Enrico Silva,Masculino,1990-02-07,157038245,691.074.582-58,Asma,36,139,81,59,19,37.4,100,4.7,1,0,N
João Pedro Cirino,Masculino,1996-08-30,367520813,862.079.135-40,Asma,30,113,91,66,25,37.0,96,78.39,1,0,N
Eduardo Castro,Masculino,2003-11-29,728351602,130.456.879-20,Asma,22,107,81,60,22,37.0,100,45.42,1,0,N
Bruna Aparecida,Feminino,1992-09-27,326071544,264.573.801-07,Nenhuma,34,98,69,81,15,36.7,95,37.65,0,0,N
Carolina Macedo,Feminino,1976-06-09,134850725,034.281.976-31,Asma,50,103,46,114,24,37.5,99,44.69,1,0,N
Léo Cirino,Masculino,1969-03-02,145032875,527.810.364-71,Asma,57,178,83,84,19,36.2,94,41.87,1,0,N
Arthur Gabriel Rios,Masculino,1959-04-07,572618402,957.246.083-83,Asma,67,144,68,73,16,36.3,93,75.66,1,0,N
Luiz Felipe Casa Grande,Masculino,1962-09-02,612087347,459.670.312-43,Nenhuma,64,92,67,46,19,35.0,89,92.79,0,1,N
Pietro Nogueira,Masculino,2001-06-10,453781603,782.419.065-01,Hipertensão,25,93,72,98,23,37.3,98,49.15,1,0,N
Yasmin da Rosa,Feminino,1938-05-26,735480266,691.850.342-15,Diabetes,88,129,106,65,20,36.4,98,83.27,1,0,N
Amanda Guerra,Feminino,1949-06-21,583647029,740.936.852-74,Asma,77,130,116,87,27,38.8,100,73.19,1,0,N
Clara Marques,Feminino,1977-06-03,857643216,315.297.480-97,Asma,49,130,83,76,23,36.2,97,33.07,1,0,S
Daniela Abreu,Feminino,1936-12-28,175482366,163.249.875-82,Hipertensão,89,114,73,105,20,36.6,100,58.73,1,0,N
Sofia Farias,Feminino,1984-04-04,014658276,450.362.917-43,Nenhuma,42,117,62,81,12,36.9,97,66.68,0,0,N
Renan da Rocha,Masculino,1962-12-09,246378517,593.468.712-37,Doença Cardiovascular,63,126,87,83,17,35.6,100,2.35,1,0,N
Clara Nunes,Feminino,1960-06-20,624137053,142.758.096-02,Diabetes,66,121,106,97,18,36.8,95,39.6,1,0,N
Maitê Sales,Feminino,1990-06-22,85603471X,291.706.385-86,Diabetes,36,75,76,137,21,36.5,93,99.26,1,1,N
Rhavi Aparecida,Masculino,1936-04-14,708613524,608.725.194-49,Hipertensão,90,115,44,107,21,36.3,99,63.73,1,0,N
Bruna das Neves,Feminino,1958-10-01,526013874,321.687.049-96,Diabetes,68,102,90,82,18,37.4,96,33.42,1,0,S
Maria Liz Pinto,Feminino,1969-07-30,216804577,735.142.608-26,Nenhuma,57,123,94,85,18,35.8,100,25.0,0,0,S
Pietro Fogaça,Masculino,1945-07-13,561283400,184.360.759-00,Doença Cardiovascular,81,179,56,71,21,36.7,98,20.95,1,0,N
Lunna Araújo,Feminino,1942-10-01,207385166,140.596.872-94,Nenhuma,84,127,82,61,13,37.7,93,40.16,0,0,N
Gael Pacheco,Masculino,1973-09-27,385201746,936.502.874-47,Diabetes,53,113,86,71,26,35.9,100,19.33,1,0,N
Henry Viana,Masculino,1991-09-02,261870439,731.028.496-87,Asma,35,138,78,65,10,36.3,93,13.52,1,0,N
Fernanda Almeida,Feminino,1979-01-09,305824612,386.241.907-03,Asma,47,129,68,101,25,38.4,99,36.41,1,0,N
Vitor Gabriel Machado,Masculino,1970-04-21,148062374,169.407.523-07,Diabetes,56,128,95,58,17,36.9,100,60.7,1,0,N
Théo Gonçalves,Masculino,1976-02-26,350824678,874.136.209-87,Diabetes,50,132,73,118,23,36.1,95,14.64,1,0,N
Samuel Dias,Masculino,1976-01-04,324068578,475.206.398-00,Hipertensão,50,161,57,103,19,37.1,100,4.43,1,0,N
Thomas Araújo,Masculino,1991-05-04,480216356,291.540.786-01,Doença Cardiovascular,35,97,49,85,19,36.0,98,3.46,1,0,N
Miguel Casa Grande,Masculino,1944-06-26,780541637,918.360.425-15,Nenhuma,82,129,98,85,20,35.2,100,26.74,0,0,N
Léo Gomes,Masculino,1994-12-07,326851471,791.342.685-37,Diabetes,31,101,89,71,22,37.6,93,19.01,1,0,N
Anthony Gabriel da Paz,Masculino,1993-02-17,582370140,876.301.524-26,Diabetes,33,131,81,91,16,35.6,97,53.93,1,0,N
Marcela das Neves,Feminino,1982-04-28,753124804,748.206.319-69,Nenhuma,44,101,73,112,23,38.5,91,45.57,0,1,S
Caio Cunha,Masculino,1953-09-14,470138567,437.295.180-97,Diabetes,73,111,72,67,12,36.1,100,32.48,1,0,N
Oliver Macedo,Masculino,1974-12-13,534168279,321.405.789-88,Diabetes,51,114,63,46,17,38.2,88,83.35,1,1,N
Enrico Siqueira,Masculino,1966-10-25,275016432,584.926.301-24,Diabetes,59,139,73,102,22,35.4,95,50.49,1,0,N
Maria Vitória Carvalho,Feminino,1938-08-02,132850473,264.038.957-29,Doença Cardiovascular,88,138,48,93,22,37.3,93,9.15,1,0,N
Aurora Casa Grande,Feminino,1943-07-10,754123807,310.296.854-60,Nenhuma,83,95,68,56,20,36.9,99,29.58,0,0,S
Liz Melo,Feminino,2004-04-17,316740858,045.327.896-56,Doença Cardiovascular,22,121,75,66,16,37.2,100,97.33,1,0,N
Lívia Azevedo,Feminino,1984-04-10,187326459,203.417.986-22,Doença Cardiovascular,42,105,89,63,22,37.3,99,97.7,1,0,N
Maria Flor Borges,Feminino,2008-08-17,57802164X,947.185.630-20,Hipertensão,18,94,79,66,14,36.1,100,25.47,1,0,N
Maria Luísa Porto,Feminino,1986-07-18,62103745X,370.584.269-29,Hipertensão,40,115,91,76,26,35.5,91,16.72,1,1,N
Maria Vitória Cavalcanti,Feminino,1995-04-16,085261348,312.685.974-73,Hipertensão,31,113,100,78,17,36.5,91,49.57,1,1,N
Ravi Santos,Masculino,2008-09-09,362751080,154.692.038-24,Asma,18,168,95,68,10,36.7,93,48.15,1,0,N
Cecilia Costa,Feminino,1956-03-25,148607536,428.109.735-04,Diabetes,70,128,87,66,12,36.1,97,41.01,1,0,N
Mateus da Rocha,Masculino,1997-10-10,273541602,132.487.506-26,Diabetes,28,92,80,79,18,36.7,92,52.94,1,1,N
Rebeca Aparecida,Feminino,2007-05-19,70654321X,407.689.512-67,Asma,19,108,65,89,18,36.8,93,23.22,1,0,S
Liz Monteiro,Feminino,2006-12-05,710485232,436.158.290-42,Diabetes,19,140,91,77,27,35.8,99,11.49,1,0,S
Nicole Câmara,Feminino,1962-04-19,307645812,873.094.261-69,Hipertensão,64,161,105,113,12,36.8,92,57.05,1,1,S
Alexandre Cassiano,Masculino,1972-02-13,327485164,642.987.351-09,Hipertensão,54,88,85,97,18,36.3,92,93.26,1,1,N
Letícia Porto,Feminino,1989-08-30,462830159,126.038.547-71,Doença Cardiovascular,37,82,108,45,12,35.9,95,13.77,1,0,N
Davi Rezende,Masculino,1965-06-11,843501625,742.580.639-83,Asma,61,157,57,98,15,37.1,95,70.48,1,0,N
Oliver Cavalcanti,Masculino,1937-08-26,631827547,610.847.532-35,Hipertensão,89,127,62,100,26,35.9,100,43.79,1,0,N
Isabelly Alves,Feminino,1956-07-23,846027318,704.823.961-13,Nenhuma,70,102,92,74,12,36.1,93,29.4,0,0,N
João Guilherme Monteiro,Masculino,1949-03-25,350827618,480.217.369-50,Nenhuma,77,130,83,47,20,36.6,94,85.31,0,0,N
Maria Cecília Pacheco,Feminino,1942-07-15,150734281,207.143.895-79,Hipertensão,84,70,99,85,19,37.6,99,45.65,1,0,N
Maya da Luz,Feminino,1945-10-10,584327067,631.874.290-50,Diabetes,81,120,79,84,17,36.7,100,58.33,1,0,N
Olívia Sales,Feminino,1974-01-24,387521069,078.943.512-88,Hipertensão,52,126,66,56,20,36.9,100,44.31,1,0,N
Maria Fernanda Moraes,Feminino,1979-07-06,485107235,416.307.298-50,Diabetes,47,138,76,48,12,36.3,98,8.12,1,0,N
José Pedro Castro,Masculino,1943-01-19,28706413X,894.652.730-74,Asma,83,99,57,82,26,36.4,97,59.49,1,0,N
Benjamin Casa Grande,Masculino,1944-01-08,537814620,450.289.316-15,Hipertensão,82,121,63,79,27,36.5,99,41.88,1,0,N
Ravi Sales,Masculino,2006-11-22,602781346,386.452.709-00,Doença Cardiovascular,19,101,94,74,18,36.7,95,8.68,1,0,N
Luiz Henrique Castro,Masculino,1991-10-22,30148725X,652.398.407-92,Nenhuma,34,125,93,82,30,36.3,95,59.58,0,0,N
João Gabriel Fonseca,Masculino,1958-12-24,371645025,592.760.384-00,Diabetes,67,102,85,57,16,37.6,89,0.99,1,1,N
Maria Alice Aragão,Feminino,1944-10-10,357126403,218.734.096-13,Nenhuma,82,111,54,74,20,36.2,100,20.85,0,0,N
Lavínia Moura,Feminino,1977-10-27,250683714,850.631.249-33,Nenhuma,48,100,74,98,25,35.1,97,78.11,0,0,S
Sophie Correia,Feminino,1978-03-31,076342852,678.092.431-87,Doença Cardiovascular,48,133,61,76,15,38.7,100,3.79,1,0,N
Calebe Peixoto,Masculino,1941-07-01,874123562,892.351.704-60,Hipertensão,85,137,97,43,11,36.2,85,64.67,1,1,N
Yago Duarte,Masculino,1939-04-29,083412566,235.416.809-89,Nenhuma,87,115,71,73,10,37.6,96,94.97,0,0,N
Liz da Mata,Feminino,1958-06-25,683421700,529.013.746-70,Asma,68,120,63,58,28,37.6,93,17.12,1,0,N
Calebe Nascimento,Masculino,1991-04-09,43876125X,586.041.739-00,Hipertensão,35,91,80,91,15,37.3,100,41.71,1,0,N
Luiz Gustavo Casa Grande,Masculino,1990-11-06,052416379,084.573.291-97,Asma,35,114,70,92,17,36.3,99,57.55,1,0,N
Davi Miguel Moreira,Masculino,2002-05-23,276134801,154.309.827-41,Doença Cardiovascular,24,118,102,43,12,36.7,97,45.04,1,0,N
Marcelo Vasconcelos,Masculino,1941-07-23,327815048,275.381.490-23,Diabetes,85,172,68,103,22,35.5,95,62.04,1,0,S
Noah Fernandes,Masculino,1987-10-12,623078545,096.874.132-04,Doença Cardiovascular,38,97,59,57,14,38.1,98,40.41,1,0,N
Cauã Cunha,Masculino,2004-01-06,345287101,274.680.195-76,Nenhuma,22,149,47,123,15,35.8,93,14.85,0,0,N
Theodoro Câmara,Masculino,1999-04-11,058243677,352.174.896-00,Asma,27,139,79,83,19,36.3,96,8.9,1,0,S
Valentina Nascimento,Feminino,1975-08-10,681453278,963.841.250-05,Hipertensão,51,125,71,53,12,36.6,94,74.44,1,0,S
Oliver Marques,Masculino,2001-11-27,248760312,741.358.092-60,Hipertensão,24,155,58,56,17,36.4,100,23.86,1,0,N
Bruna Cardoso,Feminino,1983-10-09,164523078,561.743.028-90,Nenhuma,43,127,97,93,25,36.0,100,84.75,0,0,N
Rhavi Ferreira,Masculino,1943-01-28,480751262,751.680.249-20,Nenhuma,83,127,90,75,20,37.6,100,74.3,0,0,N
Maria Cecília Carvalho,Feminino,1965-03-17,134057260,254.397.108-41,Doença Cardiovascular,61,118,79,82,18,37.3,91,4.95,1,1,N
Stephany Teixeira,Feminino,2003-09-10,473801255,571.364.208-90,Doença Cardiovascular,23,144,100,125,19,36.8,100,20.12,1,0,N
Emanuella Santos,Feminino,1958-07-06,784160326,940.852.317-23,Doença Cardiovascular,68,141,89,67,16,36.2,97,29.2,1,0,N
Ana Souza,Feminino,1999-11-02,207316843,792.406.138-03,Diabetes,26,107,67,86,27,37.4,100,59.45,1,0,N
Hellena Cardoso,Feminino,1942-07-12,207514860,140.752.396-16,Doença Cardiovascular,84,93,64,120,13,36.1,98,80.98,1,1,S
Heloísa das Neves,Feminino,1960-01-27,521064387,871.396.025-30,Nenhuma,66,115,92,91,19,37.8,96,6.03,0,0,N
Giovanna Cardoso,Feminino,1989-11-04,146078524,752.961.048-11,Nenhuma,36,103,85,44,18,36.6,97,24.96,0,0,N
Mariana Sales,Feminino,1945-09-26,701683545,201.854.693-70,Asma,81,118,82,97,23,37.5,89,37.62,1,1,N
Breno Almeida,Masculino,1942-08-17,01742835X,954.872.106-67,Diabetes,84,144,67,55,23,36.4,93,18.34,1,0,N
Pedro Aparecida,Masculino,2004-09-15,785230464,215.493.807-88,Diabetes,22,110,89,120,17,36.6,98,54.53,1,1,N
Cauê Andrade,Masculino,1936-01-13,183627052,817.456.209-58,Hipertensão,90,119,68,64,19,37.5,100,47.8,1,0,N
Ana Liz Melo,Feminino,2000-10-25,432187054,601.398.524-33,Asma,25,121,78,159,19,38.3,94,31.65,1,1,N
Isis Aparecida,Feminino,1938-11-05,152736803,538.709.164-00,Diabetes,87,136,101,121,10,37.7,96,51.69,1,1,N
Kevin Rios,Masculino,1994-11-02,175043620,986.520.734-65,Doença Cardiovascular,31,75,70,65,10,37.2,90,35.58,1,1,N
Aylla Viana,Feminino,1965-05-19,724108634,649.183.072-13,Diabetes,61,107,56,85,14,37.0,100,34.32,1,0,N
Gabrielly Pastor,Feminino,1943-07-19,306412871,521.406.738-08,Nenhuma,83,124,64,103,15,36.1,100,26.54,0,0,N
Francisco Rios,Masculino,1947-05-03,231075467,125.480.793-41,Hipertensão,79,144,94,104,12,36.7,99,54.04,1,0,N
Arthur Borges,Masculino,2004-05-04,327501480,083.659.741-93,Diabetes,22,110,83,96,21,35.8,98,44.41,1,0,N
Lara Pacheco,Feminino,2001-01-29,273185408,460.753.921-06,Asma,25,82,78,116,18,36.8,100,19.63,1,0,N
Luiz Gustavo Castro,Masculino,1953-10-25,217053683,076.423.519-25,Diabetes,72,132,72,81,16,36.9,93,1.3,1,0,N
Isabella Montenegro,Feminino,1960-02-17,428516373,593.124.786-64,Asma,66,107,87,75,11,34.9,93,15.09,1,0,N
Bernardo Brito,Masculino,1949-04-04,015834268,460.715.829-11,Nenhuma,77,96,67,76,17,36.5,100,4.28,0,0,N
Alice Moura,Feminino,2002-10-08,163547208,649.210.375-07,Nenhuma,23,107,84,106,10,36.8,100,43.16,0,0,N
Evelyn da Paz,Feminino,1986-11-23,027861430,956.183.204-60,Nenhuma,39,116,69,94,17,36.4,92,22.51,0,1,N
Vitor Gabriel Abreu,Masculino,1943-04-29,423610570,341.678.590-84,Asma,83,107,66,92,18,36.8,94,42.05,1,0,N
Hadassa Montenegro,Feminino,1995-01-14,04832176X,703.921.654-06,Diabetes,31,75,70,104,19,35.4,100,32.94,1,0,S
Luiz Otávio Sampaio,Masculino,1970-01-28,402176832,857.214.093-04,Asma,56,137,74,40,10,35.9,98,53.8,1,0,N
Ester Macedo,Feminino,1988-12-10,503287416,346.871.509-93,Nenhuma,37,145,79,92,19,37.3,100,72.39,0,0,N
Fernando Fogaça,Masculino,1944-12-27,85142367X,691.374.280-04,Nenhuma,81,133,83,90,12,36.5,92,47.93,0,1,N
Otávio Cunha,Masculino,1989-08-10,036742156,172.698.035-95,Asma,37,97,40,126,13,36.8,99,6.2,1,0,N
Heloísa Jesus,Feminino,1995-10-06,705841637,741.629.835-00,Hipertensão,31,115,67,46,21,36.1,91,1.75,1,1,N
Levi Campos,Masculino,1985-07-24,645208371,063.489.521-42,Asma,41,119,74,123,28,36.5,89,21.32,1,1,N
Brenda Moreira,Feminino,1953-02-27,587063415,542.036.179-52,Nenhuma,73,131,102,86,18,34.7,99,42.5,0,0,N
Sabrina Teixeira,Feminino,1965-07-09,275431800,097.462.138-22,Doença Cardiovascular,61,133,63,97,13,37.2,100,4.49,1,0,N
Laura Novais,Feminino,1985-06-27,824051671,617.385.409-01,Doença Cardiovascular,41,105,82,126,18,37.9,95,32.77,1,1,N
Bryan Duarte,Masculino,1999-08-16,510768349,518.724.369-19,Nenhuma,27,121,102,99,22,35.6,94,88.7,0,0,N
Danilo Gomes,Masculino,1977-11-03,638740526,961.075.832-03,Asma,48,129,60,95,21,35.7,100,9.0,1,0,N
Rafael Peixoto,Masculino,1989-01-08,501273645,401.375.892-04,Asma,37,149,85,91,31,36.9,96,94.85,1,0,N
Pedro Miguel Câmara,Masculino,1997-03-13,175623041,431.728.960-13,Asma,29,134,67,72,14,37.7,96,85.67,1,0,N
Nicolas da Rocha,Masculino,1971-09-16,705324163,049.213.758-79,Diabetes,55,135,72,84,19,36.5,100,83.18,1,0,N
Esther Azevedo,Feminino,1953-02-09,861507344,157.893.064-20,Hipertensão,73,121,67,67,25,35.5,95,86.37,1,0,S
Léo Cavalcanti,Masculino,1967-02-11,70256834X,405.681.739-10,Nenhuma,59,148,69,83,25,36.3,94,8.01,0,0,N
Samuel Rocha,Masculino,1980-07-05,01825374X,723.481.690-96,Nenhuma,46,128,120,40,10,35.7,100,15.12,0,0,N
Maria Laura Macedo,Feminino,1964-02-06,783042516,823.107.456-26,Nenhuma,62,102,92,95,17,36.0,94,13.44,0,0,S
Bryan Campos,Masculino,1995-12-21,607381450,261.539.480-06,Diabetes,30,148,96,81,25,36.3,96,11.12,1,0,N
Maria Laura Guerra,Feminino,1957-02-09,642037589,492.561.830-05,Hipertensão,69,133,87,76,32,35.8,91,32.77,1,1,N
Bella Sousa,Feminino,1945-09-07,234086518,156.098.432-51,Asma,81,111,55,90,21,35.9,97,83.02,1,0,S
Ana Luiza Fonseca,Feminino,2006-10-29,723618057,467.913.025-34,Diabetes,19,110,85,49,16,36.6,97,25.2,1,0,N
Maitê Costa,Feminino,1965-10-14,057412364,513.708.264-35,Nenhuma,61,125,96,133,12,36.7,100,24.42,0,0,N
Maria Luiza Campos,Feminino,1977-12-17,357481604,970.436.281-13,Doença Cardiovascular,48,129,67,82,29,35.4,100,67.59,1,0,N
Otávio Silveira,Masculino,1955-05-29,385627403,867.451.930-00,Diabetes,71,123,94,81,21,36.8,99,9.69,1,0,N
João Lucas Teixeira,Masculino,1980-09-27,240713850,945.631.072-80,Hipertensão,46,126,90,60,13,36.2,98,36.03,1,0,N
Murilo Fogaça,Masculino,2000-09-06,346827103,352.067.891-86,Diabetes,26,153,107,85,16,37.1,96,29.54,1,0,N
Maria Luiza Mendonça,Feminino,1987-05-07,734612850,681.745.902-85,Nenhuma,39,141,73,119,19,37.1,99,84.73,0,1,S
Lara Casa Grande,Feminino,1954-05-11,528140760,386.152.709-02,Asma,72,123,63,110,20,36.1,92,51.45,1,1,N
Bianca Campos,Feminino,1979-12-05,761835404,243.750.816-35,Diabetes,46,138,74,106,13,37.0,87,64.65,1,1,N
Samuel Monteiro,Masculino,1935-11-06,340816570,762.849.035-29,Doença Cardiovascular,90,99,101,98,14,35.8,100,12.9,1,0,N
Catarina Alves,Feminino,1944-02-09,631204878,016.297.538-40,Asma,82,127,52,76,10,37.6,99,92.89,1,0,N
Benjamim Azevedo,Masculino,1978-11-13,15378264X,621.045.973-07,Doença Cardiovascular,47,156,48,48,23,35.9,96,32.25,1,0,S
Apollo Cavalcanti,Masculino,1990-04-05,261375088,431.029.765-06,Hipertensão,36,115,81,79,16,36.8,100,70.68,1,0,N
Luan Cassiano,Masculino,1986-03-17,35802416X,206.195.847-85,Doença Cardiovascular,40,103,73,79,20,36.3,94,95.46,1,0,N
Calebe Teixeira,Masculino,1977-11-01,518627342,016.732.985-59,Hipertensão,48,106,80,111,25,35.7,94,50.86,1,0,N
Stephany Vargas,Feminino,1995-03-14,210638746,957.823.046-00,Asma,31,98,94,92,19,37.2,93,50.75,1,0,N
Ravi Lucca Costa,Masculino,1978-02-05,453721060,431.275.908-14,Nenhuma,48,104,71,125,17,36.0,99,11.72,0,0,N
Theo Mendonça,Masculino,2006-05-07,243170567,932.541.608-51,Diabetes,20,112,51,114,18,35.1,90,39.03,1,1,N
José Pedro Nogueira,Masculino,1953-11-26,210385467,963.257.140-16,Diabetes,72,91,110,73,18,34.2,93,85.25,1,0,N
Vitor Hugo Nogueira,Masculino,1987-08-26,462183051,471.958.062-94,Diabetes,39,120,65,40,24,35.8,98,13.51,1,0,N
Arthur Gabriel Lopes,Masculino,1952-08-05,732148509,278.651.094-58,Doença Cardiovascular,74,138,64,119,19,37.6,92,91.75,1,1,N
Matheus Machado,Masculino,1953-12-28,536087143,240.139.758-23,Hipertensão,72,101,96,118,15,37.5,94,66.73,1,1,N
Maria Flor Macedo,Feminino,1939-02-21,457081326,540.392.681-05,Asma,87,150,74,50,23,35.9,88,42.1,1,1,N
Arthur Miguel Andrade,Masculino,1941-01-05,230871458,651.379.428-55,Doença Cardiovascular,85,130,79,122,24,36.2,99,54.65,1,1,N
Kevin Santos,Masculino,1964-07-22,310546874,321.769.845-28,Nenhuma,62,140,87,94,11,36.1,94,15.05,0,0,N
Rebeca Lopes,Feminino,2006-03-16,641537086,648.027.195-58,Nenhuma,20,106,96,89,25,35.4,92,21.75,0,1,N
Leonardo Silva,Masculino,1955-12-06,306572813,150.946.273-25,Asma,70,137,74,125,19,35.7,91,28.64,1,1,N
Raquel Teixeira,Feminino,1943-12-18,06354782X,028.541.796-76,Doença Cardiovascular,82,98,102,118,19,37.3,95,38.48,1,1,N
Samuel Ribeiro,Masculino,1935-12-13,681532403,495.361.027-06,Hipertensão,90,137,47,101,23,36.9,90,91.55,1,1,N
Ágatha Oliveira,Feminino,1951-02-01,214360787,695.402.871-11,Nenhuma,75,123,91,96,15,36.7,100,36.76,0,0,S
Olívia Novais,Feminino,1943-10-30,068237145,648.320.517-17,Nenhuma,82,131,67,100,22,35.4,87,52.38,0,1,N
Thiago Araújo,Masculino,1986-07-27,187206545,723.061.495-34,Doença Cardiovascular,40,96,100,74,16,36.6,95,16.2,1,0,N
Julia Monteiro,Feminino,1965-12-01,160725380,849.260.317-87,Diabetes,60,102,82,83,10,34.7,97,73.6,1,0,N
Maria Flor Pimenta,Feminino,1960-08-29,267415084,982.640.173-04,Nenhuma,66,131,69,62,13,37.2,93,56.03,0,0,N
Larissa Duarte,Feminino,1968-05-18,068245713,948.065.731-75,Diabetes,58,101,89,76,20,36.7,97,43.99,1,0,N
Ana Pastor,Feminino,1946-06-22,074356215,687.340.129-31,Asma,80,129,93,75,13,35.4,93,94.72,1,0,S
Davi Lucas Fonseca,Masculino,1983-01-17,207568418,469.215.078-58,Asma,43,92,89,69,26,37.8,100,89.07,1,0,N
Apollo Teixeira,Masculino,1944-09-27,427305810,826.437.590-10,Nenhuma,82,136,64,88,23,35.1,92,65.95,0,1,N
Maria Helena Brito,Feminino,1962-08-30,235470818,485.931.260-06,Diabetes,64,95,72,76,24,36.9,87,92.18,1,1,N
Luiz Felipe Fogaça,Masculino,2007-01-31,524876137,231.978.056-40,Asma,19,131,79,97,18,36.9,91,56.48,1,1,N
Marcela Araújo,Feminino,1963-05-23,761348207,941.236.058-42,Doença Cardiovascular,63,132,79,44,19,35.5,98,82.69,1,0,N
Josué da Costa,Masculino,1973-08-15,052374683,154.236.089-70,Nenhuma,53,106,91,82,12,36.5,96,40.95,0,0,N
Antonella Sales,Feminino,1955-10-28,673082453,573.894.260-47,Diabetes,70,131,49,88,22,35.2,100,8.67,1,0,N
Lorena Camargo,Feminino,1984-02-25,054162385,029.651.483-70,Nenhuma,42,125,85,77,19,34.2,99,99.41,0,0,N
Eloá Almeida,Feminino,1998-05-12,506217346,076.593.182-68,Nenhuma,28,109,75,80,20,35.6,94,16.56,0,0,N
Luan Andrade,Masculino,1946-05-24,608142359,501.629.384-89,Nenhuma,80,99,67,45,26,36.0,95,25.15,0,0,N
Mariana Nunes,Feminino,1964-02-26,68504371X,298.156.307-68,Diabetes,62,80,68,93,14,37.0,95,16.31,1,0,N
Mariah da Mata,Feminino,1949-06-19,473062586,754.139.602-80,Hipertensão,77,126,76,101,17,36.6,100,33.75,1,0,N
Ravy Pastor,Masculino,1984-05-08,107428362,912.785.630-59,Nenhuma,42,88,40,97,19,36.6,99,28.93,0,0,N
Liam Garcia,Masculino,2004-11-09,268570437,906.854.213-33,Hipertensão,21,121,69,110,13,35.7,100,60.11,1,0,N
Maria Julia Duarte,Feminino,1953-06-19,248760518,729.483.105-04,Nenhuma,73,114,66,90,17,36.1,100,99.65,0,0,N
Carlos Eduardo Mendonça,Masculino,1971-06-08,358217040,348.956.012-42,Hipertensão,55,133,87,96,20,35.8,96,5.25,1,0,N
Gustavo Fernandes,Masculino,1955-09-27,376842015,738.540.162-71,Asma,71,113,67,88,16,35.5,92,77.84,1,1,N
Sarah Teixeira,Feminino,1939-04-25,658231479,701.495.368-01,Asma,87,113,76,102,24,36.0,97,12.8,1,0,N
Enzo Pimenta,Masculino,1935-12-19,857612037,316.429.508-15,Asma,90,134,103,45,10,36.6,96,1.98,1,0,N
Maria Clara Lopes,Feminino,1969-08-01,256748135,189.623.457-73,Nenhuma,57,126,94,62,23,36.0,96,63.86,0,0,S
Theo Porto,Masculino,1940-03-23,015327863,150.974.362-61,Diabetes,86,126,93,124,21,36.2,96,87.33,1,1,N
Zoe Cunha,Feminino,2000-08-20,247538061,982.047.613-50,Doença Cardiovascular,26,129,72,40,15,37.1,88,17.63,1,1,N
João Aragão,Masculino,1940-02-03,672540381,763.490.821-50,Diabetes,86,89,88,81,13,36.1,100,34.16,1,0,N
Maria Liz Câmara,Feminino,1969-03-26,352087419,403.815.269-33,Hipertensão,57,135,76,114,10,35.4,96,16.88,1,0,N
Caleb Silva,Masculino,1956-11-04,154708367,598.143.607-75,Hipertensão,69,132,77,82,14,37.0,91,90.65,1,1,N
Calebe Pastor,Masculino,1965-12-03,653217080,608.532.174-08,Asma,60,99,86,74,23,36.7,98,27.04,1,0,S
Júlia Azevedo,Feminino,2000-01-30,765128433,257.614.380-62,Asma,26,115,71,88,17,36.8,93,44.47,1,0,N
Vinícius Melo,Masculino,1946-01-05,612735047,710.359.426-07,Diabetes,80,119,102,76,23,37.0,99,89.47,1,0,N
Gustavo Henrique Ferreira,Masculino,1956-02-19,051836749,309.165.487-75,Nenhuma,70,117,77,85,14,36.9,100,55.29,0,0,N
Kevin Montenegro,Masculino,1966-11-07,610453270,438.572.901-88,Hipertensão,59,126,89,67,21,36.5,100,93.28,1,0,N
Marina Ribeiro,Feminino,1936-09-30,371468504,560.813.429-05,Nenhuma,90,148,101,112,14,38.4,96,92.65,0,0,N
Levi Costa,Masculino,1993-02-05,30274518X,129.637.458-00,Asma,33,141,95,120,13,35.5,95,46.16,1,1,N
Maria Liz da Cunha,Feminino,1974-05-28,601857240,962.184.305-70,Diabetes,52,93,58,81,17,36.0,94,58.24,1,0,N
Sophie Marques,Feminino,1978-07-23,48072135X,843.970.526-38,Hipertensão,48,132,86,50,14,37.3,94,23.03,1,0,S
Antony Pires,Masculino,1961-02-18,025841671,731.026.584-07,Hipertensão,65,146,92,71,10,36.6,96,99.05,1,0,N
Theo Cunha,Masculino,1982-10-10,705184237,710.493.258-50,Nenhuma,44,127,93,80,17,37.1,96,27.83,0,0,N
João Felipe Porto,Masculino,1968-07-18,675834120,985.760.234-74,Nenhuma,58,141,63,97,18,36.6,93,78.33,0,0,N
Maya Nunes,Feminino,1985-12-31,736825149,209.417.538-32,Asma,40,160,70,59,24,37.6,92,31.3,1,1,N
Vicente Costa,Masculino,1955-11-12,582640313,450.872.196-67,Asma,70,140,94,65,22,35.7,96,31.3,1,0,N
Ravi Casa Grande,Masculino,1970-07-21,814257306,064.873.921-03,Hipertensão,56,124,68,97,24,37.6,95,10.39,1,0,N
Clarice Souza,Feminino,1964-04-03,108346250,793.651.248-91,Doença Cardiovascular,62,140,75,108,21,37.4,92,55.99,1,1,N
Pedro Henrique Jesus,Masculino,1947-06-16,531046825,426.195.380-33,Doença Cardiovascular,79,122,103,69,19,35.5,100,24.48,1,0,N
Ana Luiza Porto,Feminino,1951-11-05,317205869,126.345.908-06,Doença Cardiovascular,74,120,79,51,11,37.0,100,14.84,1,0,N
Maria Sophia da Mata,Feminino,2001-10-17,503716480,547.321.968-37,Nenhuma,24,112,69,167,18,36.5,100,22.67,0,0,N
Enrico da Cunha,Masculino,1936-12-29,628305175,428.690.153-05,Doença Cardiovascular,89,151,66,104,20,36.0,94,25.11,1,0,N
Nathan da Costa,Masculino,1952-11-08,157024386,512.364.089-42,Asma,73,103,84,78,25,35.0,96,50.41,1,0,N
Clarice Correia,Feminino,1971-03-20,620371456,729.610.534-80,Doença Cardiovascular,55,150,60,106,21,35.7,100,38.59,1,0,N
Isabelly das Neves,Feminino,1951-09-21,275431083,869.015.372-12,Diabetes,75,129,76,81,24,37.1,92,7.55,1,1,N
Raquel Novais,Feminino,2004-12-26,403826718,650.781.294-30,Doença Cardiovascular,21,92,84,106,12,37.2,100,53.6,1,0,N
Otávio Ramos,Masculino,1972-12-13,201685346,034.985.621-42,Doença Cardiovascular,53,127,99,88,16,36.3,91,78.77,1,1,N
Gabriela Castro,Feminino,2003-12-04,127486306,137.864.925-73,Asma,22,77,90,87,20,37.2,100,57.42,1,0,S
Catarina Alves,Feminino,1943-10-05,450326810,409.382.156-98,Asma,83,132,69,82,23,37.3,95,97.45,1,0,N
João Lucas Ribeiro,Masculino,1988-05-24,56827314X,647.583.192-19,Doença Cardiovascular,38,137,97,48,17,36.6,100,9.92,1,0,N
Emanuelly Ramos,Feminino,1973-11-07,236405172,301.675.924-16,Diabetes,52,108,75,133,17,35.9,100,82.12,1,1,N
Ryan Viana,Masculino,1986-02-08,527143868,153.826.907-40,Hipertensão,40,122,61,61,21,36.9,96,50.57,1,0,N
Benjamin Barros,Masculino,1955-08-02,543086124,059.461.873-84,Asma,71,159,77,50,12,36.9,94,52.16,1,0,N
Kaique Azevedo,Masculino,1983-10-19,015234861,253.169.048-42,Hipertensão,42,109,101,79,26,37.0,97,51.91,1,0,N
Maria Clara Rios,Feminino,1994-02-07,67152043X,074.816.539-84,Nenhuma,32,98,82,60,13,37.2,96,32.53,0,0,S
Maria Laura Silveira,Feminino,1990-03-26,807526149,623.918.547-73,Diabetes,36,149,80,83,10,35.4,95,32.46,1,0,N
Isabela Camargo,Feminino,1937-03-23,071238542,490.187.652-01,Asma,89,159,104,102,18,36.1,90,63.18,1,1,N
Theodoro Campos,Masculino,1977-02-22,160827450,276.801.459-11,Nenhuma,49,120,58,109,26,35.0,94,4.48,0,0,N
Vinicius da Cunha,Masculino,2000-05-02,213856700,650.321.847-80,Hipertensão,26,140,60,105,20,37.1,92,58.88,1,1,N
Ayla da Costa,Feminino,1953-05-09,752814035,286.351.097-59,Doença Cardiovascular,73,146,55,77,21,36.3,99,72.46,1,0,N
Camila Vargas,Feminino,1956-05-21,750263143,583.604.719-75,Hipertensão,70,105,85,86,18,36.8,100,35.63,1,0,N
Lucas Pacheco,Masculino,1994-11-08,587302161,463.820.719-78,Asma,31,110,82,95,17,35.3,99,21.74,1,0,N
Isabela Lima,Feminino,1991-01-22,618352041,185.493.670-01,Asma,35,144,103,41,10,37.6,98,21.34,1,0,N
Cecília Caldeira,Feminino,1984-07-16,637280155,354.807.296-83,Doença Cardiovascular,42,153,83,99,10,35.5,93,8.18,1,0,N
Heitor da Mota,Masculino,1976-04-30,518304620,324.561.789-55,Hipertensão,50,131,73,48,18,37.1,97,8.97,1,0,N
Maria Luísa da Cunha,Feminino,1980-07-14,561782404,064.821.759-02,Hipertensão,46,102,80,136,24,36.6,100,16.67,1,0,N
Ana Laura Mendonça,Feminino,1994-01-26,827345069,254.380.167-71,Hipertensão,32,159,81,74,19,36.3,94,1.92,1,0,N
Maria Fernanda Sampaio,Feminino,1974-06-05,12563478X,694.827.531-19,Doença Cardiovascular,52,109,54,80,21,36.3,97,26.62,1,0,N
Luiza Nogueira,Feminino,1949-02-05,864372516,786.491.325-37,Nenhuma,77,113,120,65,25,36.0,96,30.64,0,0,N
Renan Rodrigues,Masculino,1972-01-10,865103422,512.309.476-80,Hipertensão,54,126,87,69,19,37.5,100,99.52,1,0,N
João Lucas Viana,Masculino,1974-04-24,523807648,609.153.827-68,Diabetes,52,151,83,141,17,36.5,100,99.17,1,1,N
Luiz Miguel Melo,Masculino,1946-08-17,621740858,549.372.018-32,Asma,80,137,89,108,13,35.5,99,18.7,1,0,N
Lorena Almeida,Feminino,1937-03-03,230617487,142.958.306-15,Hipertensão,89,128,90,46,28,36.2,90,21.3,1,1,N
Benjamim Sales,Masculino,1991-11-05,013678255,504.817.963-39,Asma,34,129,77,122,20,36.6,97,49.19,1,1,N
Isis Novaes,Feminino,1991-12-06,861302576,814.506.732-44,Hipertensão,34,120,70,114,13,37.2,96,14.88,1,0,N
Leonardo Porto,Masculino,1966-05-20,360814724,905.872.436-00,Hipertensão,60,131,88,77,12,36.0,96,50.4,1,0,N
Camila Nascimento,Feminino,1960-08-28,632751848,816.274.053-80,Asma,66,70,85,92,24,36.1,90,39.94,1,1,N
Pedro Miguel Gomes,Masculino,1970-11-09,782346017,063.289.741-40,Nenhuma,55,114,67,84,12,36.5,92,32.46,0,1,N
Maria Júlia da Cunha,Feminino,1949-06-03,106274351,348.269.570-92,Doença Cardiovascular,77,124,101,134,27,37.2,96,82.26,1,1,N
Ayla Sá,Feminino,1989-03-23,730152868,476.912.853-37,Asma,37,96,84,65,10,35.4,100,82.81,1,0,N
Letícia Costela,Feminino,1988-05-14,74653128X,290.875.413-41,Hipertensão,38,127,90,88,25,36.9,94,98.79,1,0,N
Maysa Pires,Feminino,1966-10-04,236870452,026.487.315-71,Hipertensão,60,115,100,74,20,36.1,95,22.31,1,0,N
Maria Luísa Vieira,Feminino,1986-07-21,036487211,761.490.523-70,Asma,40,155,80,49,18,36.2,100,88.83,1,0,N
João Guilherme Barros,Masculino,1955-08-06,861502437,637.825.491-55,Nenhuma,71,151,84,139,17,38.1,95,53.78,0,1,N
Ravy Sousa,Masculino,1950-04-21,185740625,943.058.172-41,Asma,76,110,92,55,27,36.3,96,59.15,1,0,N
Lívia Silva,Feminino,1965-01-31,035764181,718.392.560-95,Hipertensão,61,116,69,90,21,37.1,96,89.63,1,0,N
Carlos Eduardo Castro,Masculino,1997-03-15,643170285,236.140.895-33,Doença Cardiovascular,29,118,80,41,13,37.1,91,94.26,1,1,N
Thiago Azevedo,Masculino,1979-08-29,267845108,753.891.640-75,Doença Cardiovascular,47,110,81,75,10,35.6,99,72.68,1,0,N
Otto Pereira,Masculino,1976-12-01,385740268,315.479.806-48,Hipertensão,49,123,65,95,18,35.0,94,34.78,1,0,N
Rafael Sales,Masculino,1942-10-04,406132756,134.856.290-06,Diabetes,84,104,114,64,17,37.2,96,48.97,1,0,S
Benjamim Ramos,Masculino,1970-03-10,315762846,745.186.203-80,Diabetes,56,97,58,99,10,35.6,98,61.51,1,0,N
Pedro Miguel Vieira,Masculino,1950-01-26,275834013,236.981.704-69,Nenhuma,76,132,60,78,17,35.2,100,82.86,0,0,N
Alexandre Guerra,Masculino,1953-08-14,038274565,967.510.382-59,Nenhuma,73,132,99,114,15,37.3,91,65.79,0,1,N
Leandro Dias,Masculino,1939-02-01,718532065,405.278.136-80,Asma,87,103,90,119,18,35.7,100,36.54,1,1,N
Antonella Camargo,Feminino,1960-04-13,41827650X,016.925.347-34,Doença Cardiovascular,66,137,64,70,21,35.9,100,41.79,1,0,N
Isadora Moreira,Feminino,1970-02-25,012863749,478.501.936-01,Nenhuma,56,107,89,86,25,38.1,94,5.04,0,0,N
Caroline Peixoto,Feminino,1953-05-07,647013253,873.295.614-28,Hipertensão,73,125,102,89,22,35.2,99,92.43,1,0,N
Liam Machado,Masculino,1960-01-31,653821402,265.147.098-85,Hipertensão,66,136,79,100,14,35.5,100,8.81,1,0,S
Catarina da Luz,Feminino,1952-05-10,260485378,471.356.290-43,Doença Cardiovascular,74,119,118,85,19,36.1,93,57.99,1,0,N
Luan da Paz,Masculino,2005-08-22,247865011,689.325.701-59,Nenhuma,21,129,54,89,18,36.3,97,87.17,0,0,N
Bryan Leão,Masculino,1936-12-10,573680243,160.748.295-94,Hipertensão,89,109,90,78,11,35.8,98,42.09,1,0,N
Fernando Gonçalves,Masculino,1941-04-23,862570438,583.620.471-35,Nenhuma,85,116,97,87,19,35.6,99,80.01,0,0,N
Heloisa Almeida,Feminino,1976-12-31,154236706,709.538.126-77,Hipertensão,49,115,93,117,27,37.7,100,80.38,1,1,S
Ian Borges,Masculino,1945-09-28,234581700,530.798.146-57,Doença Cardiovascular,81,105,76,101,18,36.7,97,5.98,1,0,N
Gael Henrique da Luz,Masculino,1965-09-22,140836524,527.891.036-40,Hipertensão,61,116,75,102,10,37.0,99,41.21,1,0,N
Ana Julia Guerra,Feminino,1938-12-11,157830263,390.421.785-23,Nenhuma,87,89,86,103,18,36.4,93,69.1,0,0,N
Paulo Peixoto,Masculino,1969-11-03,803175425,875.613.204-26,Nenhuma,56,110,92,81,11,36.7,97,42.24,0,0,N
Clarice Borges,Feminino,1974-10-18,310768524,608.135.294-33,Diabetes,51,114,89,92,22,37.2,95,54.52,1,0,N
Enzo Gabriel Nunes,Masculino,1989-08-30,63710528X,184.903.672-13,Asma,37,114,95,57,20,35.7,92,59.45,1,1,N
Anthony Gabriel Silva,Masculino,1943-03-27,34627185X,820.614.537-08,Asma,83,115,64,116,17,36.7,94,15.12,1,0,N
Maya Vargas,Feminino,2007-12-31,670384124,658.190.247-02,Asma,18,118,76,40,16,37.1,98,41.2,1,0,N
Sabrina Campos,Feminino,1975-10-16,576213482,803.912.654-15,Nenhuma,50,129,65,82,16,37.7,98,2.85,0,0,N
Gabrielly Correia,Feminino,1988-03-10,052371682,169.425.370-80,Nenhuma,38,137,74,113,18,38.1,91,14.96,0,1,N
Laura Souza,Feminino,1951-11-09,162540784,304.287.695-00,Diabetes,74,107,95,50,14,36.6,93,51.23,1,0,N
Mateus Cardoso,Masculino,1951-05-28,468573203,718.946.205-85,Doença Cardiovascular,75,95,81,94,11,37.4,99,57.36,1,0,N
Gabrielly Peixoto,Feminino,1962-10-26,054638720,635.287.941-19,Nenhuma,63,99,119,67,23,34.4,99,14.62,0,0,N
Larissa Siqueira,Feminino,1938-06-01,530148729,895.273.406-83,Doença Cardiovascular,88,110,82,75,16,37.7,100,75.56,1,0,N
Otto Cirino,Masculino,1936-08-05,258340678,634.978.501-01,Doença Cardiovascular,90,112,80,108,18,35.9,100,37.3,1,0,N
Diogo Alves,Masculino,1978-08-19,502786140,021.543.697-07,Hipertensão,48,104,81,89,19,36.3,99,92.06,1,0,N
João da Costa,Masculino,1944-07-10,576804320,432.687.015-07,Diabetes,82,94,70,40,19,36.9,95,38.77,1,0,N
Rael da Cruz,Masculino,1956-03-18,083142563,258.097.463-65,Hipertensão,70,110,79,60,12,36.4,97,14.98,1,0,N
Natália Barros,Feminino,1978-09-18,735286012,820.475.639-92,Diabetes,48,123,96,109,10,36.7,100,75.8,1,0,N
Ravy Carvalho,Masculino,1968-07-31,304627859,630.759.418-75,Diabetes,58,131,81,96,15,37.8,100,56.78,1,0,N
Maria Laura Rodrigues,Feminino,1951-01-03,854370262,943.201.587-41,Hipertensão,75,108,68,128,19,36.2,98,38.67,1,1,N
Matheus Santos,Masculino,1960-08-15,217084564,791.438.502-60,Diabetes,66,111,66,127,14,35.6,99,35.6,1,1,N
José Miguel Barbosa,Masculino,1953-01-08,257064837,450.829.167-85,Doença Cardiovascular,73,101,73,76,16,38.0,99,15.08,1,0,N
Bento Aragão,Masculino,1944-05-31,354207611,248.357.960-47,Nenhuma,82,119,81,147,28,36.9,97,34.08,0,1,N
Isaac Melo,Masculino,1994-07-16,127430659,974.162.350-06,Diabetes,32,103,97,85,10,38.0,100,2.93,1,0,N
Augusto Abreu,Masculino,1993-06-29,234675184,042.975.186-94,Hipertensão,33,131,59,60,14,37.2,100,50.24,1,0,N
Sofia Pinto,Feminino,1974-12-08,605312783,392.016.478-40,Nenhuma,51,84,75,69,27,35.4,98,89.67,0,0,N
Kevin Gonçalves,Masculino,1981-09-01,405183276,862.135.904-98,Hipertensão,45,112,82,40,17,37.0,95,79.53,1,0,N
Davi Lucca Novais,Masculino,1991-04-16,872610536,618.427.309-40,Doença Cardiovascular,35,126,52,125,14,35.7,90,2.85,1,1,N
Felipe da Luz,Masculino,1938-12-19,837154261,756.143.908-39,Hipertensão,87,123,67,124,23,36.5,99,88.13,1,1,N
Sarah Monteiro,Feminino,1986-01-15,023614857,531.492.678-46,Hipertensão,40,173,69,59,18,36.4,97,45.23,1,0,N
Nina Cardoso,Feminino,1975-03-30,152406736,904.761.258-20,Asma,51,126,68,79,16,35.2,94,19.09,1,0,N
Liam Santos,Masculino,1983-09-23,310845671,471.639.058-66,Hipertensão,43,99,82,87,18,35.8,92,75.24,1,1,N
Marina Casa Grande,Feminino,1986-07-17,783650243,710.453.682-53,Doença Cardiovascular,40,118,77,60,14,38.3,99,32.29,1,0,N
Bruna Dias,Feminino,1936-03-16,826015347,065.981.432-33,Asma,90,84,71,41,12,36.7,90,25.33,1,1,N
Carolina Monteiro,Feminino,1997-03-19,572061845,419.603.758-57,Asma,29,118,86,79,17,36.4,98,16.13,1,0,N
Luiz Miguel Lopes,Masculino,1995-05-23,360854217,210.968.537-95,Nenhuma,31,103,105,76,12,38.0,100,48.66,0,0,N
Julia Pimenta,Feminino,1951-07-15,127438567,371.482.960-13,Asma,75,138,104,75,18,36.2,99,9.34,1,0,N
Stella Dias,Feminino,1965-10-21,570132484,210.547.389-04,Asma,60,109,51,90,19,36.4,95,78.56,1,0,S
Eloah Dias,Feminino,1959-11-20,745206189,851.947.603-10,Doença Cardiovascular,66,117,88,120,22,37.3,92,47.07,1,1,S
Dom Novais,Masculino,1942-03-21,756123483,690.148.253-15,Asma,84,107,77,77,23,36.2,99,44.7,1,0,N
Benjamim Correia,Masculino,1978-04-17,426713503,264.308.517-53,Hipertensão,48,154,82,89,15,35.9,100,0.19,1,0,N
Ana Júlia da Conceição,Feminino,2003-04-04,15067238X,186.027.934-13,Doença Cardiovascular,23,113,74,103,20,34.7,94,81.79,1,0,N
Ana Carolina Melo,Feminino,1956-01-05,736142058,907.438.621-04,Hipertensão,70,156,81,98,20,35.8,99,49.28,1,0,N
Enrico Santos,Masculino,1966-12-03,762534011,076.391.284-04,Hipertensão,59,136,82,69,19,35.7,100,43.99,1,0,N
Maya Camargo,Feminino,1961-03-20,067481255,092.316.745-52,Diabetes,65,129,71,87,15,36.6,98,76.14,1,0,N
Asafe Macedo,Masculino,1961-10-18,132760587,462.157.098-67,Asma,64,127,66,98,12,36.0,95,6.29,1,0,N
Raquel Marques,Feminino,1968-10-06,560124879,476.109.825-20,Nenhuma,58,127,73,56,20,38.2,100,36.67,0,0,N
Daniel Silveira,Masculino,1986-07-19,386451072,530.784.291-05,Nenhuma,40,81,83,116,10,35.7,94,57.57,0,1,N
Camila Ferreira,Feminino,1937-09-15,527630147,071.468.253-53,Nenhuma,89,114,88,120,16,37.6,91,46.06,0,1,N
Gustavo da Paz,Masculino,1942-11-11,587341609,197.025.638-95,Hipertensão,83,136,92,66,10,36.7,100,18.16,1,0,N
Eloá Souza,Feminino,1981-07-12,806514371,287.953.406-29,Doença Cardiovascular,45,119,72,89,11,37.1,95,29.93,1,0,N
João Gabriel Nunes,Masculino,1937-04-20,713046582,109.365.847-93,Doença Cardiovascular,89,91,84,101,13,37.1,95,30.02,1,0,N
André Moura,Masculino,1955-11-02,743618257,912.307.458-23,Diabetes,70,118,94,71,23,34.7,94,99.2,1,0,N
Fernando Leão,Masculino,1948-04-21,035426172,610.849.237-69,Diabetes,78,154,97,97,21,36.5,95,32.62,1,0,N
Isadora Vargas,Feminino,1947-03-15,26407158X,093.125.648-89,Nenhuma,79,144,79,89,15,36.3,100,20.52,0,0,N
Aylla Farias,Feminino,1989-07-31,240517684,174.596.082-11,Doença Cardiovascular,37,118,76,48,21,35.6,100,82.26,1,0,S
João Miguel Rodrigues,Masculino,1989-03-18,62714830X,981.023.647-69,Nenhuma,37,139,82,96,22,36.9,100,42.12,0,0,N
Matteo Freitas,Masculino,1950-01-15,85267403X,785.134.620-71,Hipertensão,76,112,62,57,17,37.9,100,44.39,1,0,N
Bianca Duarte,Feminino,1951-01-02,530264717,639.541.280-98,Doença Cardiovascular,75,85,77,108,11,34.4,98,54.89,1,0,N
Ana Barros,Feminino,1945-06-04,630154727,729.016.485-76,Doença Cardiovascular,81,101,91,68,16,36.1,91,59.57,1,1,N
Pietra Marques,Feminino,1969-05-21,357240169,825.049.136-05,Doença Cardiovascular,57,151,89,80,17,35.5,96,59.06,1,0,S
André Farias,Masculino,1984-01-17,862305718,192.054.876-94,Doença Cardiovascular,42,114,75,119,11,36.6,100,3.45,1,0,N
Rael Duarte,Masculino,1952-03-19,217680458,914.263.058-42,Nenhuma,74,115,83,97,19,36.2,95,81.88,0,0,N
Heitor Aragão,Masculino,1945-07-24,264835700,438.106.279-50,Hipertensão,81,114,67,58,19,36.0,100,19.49,1,0,N
Lorenzo Araújo,Masculino,1944-05-07,473081520,432.576.190-06,Asma,82,158,90,59,20,37.1,97,29.23,1,0,N
Maria Helena Borges,Feminino,2002-05-04,254318678,207.458.613-26,Doença Cardiovascular,24,152,78,70,19,37.8,86,17.34,1,1,N
Jade Cavalcanti,Feminino,1950-08-24,361087524,894.560.712-94,Doença Cardiovascular,76,164,75,94,21,38.6,99,76.71,1,0,N
Maria Liz Borges,Feminino,1981-07-10,84305671X,238.741.906-50,Doença Cardiovascular,45,116,74,93,17,35.9,100,58.37,1,0,N
Gustavo Henrique Castro,Masculino,1999-12-30,201638472,735.021.986-59,Nenhuma,26,125,79,63,19,35.0,96,75.53,0,0,N
Maria Luiza da Paz,Feminino,1957-08-12,846532700,567.842.019-49,Diabetes,69,89,73,55,16,36.9,100,65.34,1,0,N
Daniela Campos,Feminino,1985-11-16,167825409,046.932.815-06,Asma,40,149,89,92,15,37.8,90,10.42,1,1,S
Rebeca Lopes,Feminino,1946-12-24,310568742,370.849.621-31,Diabetes,79,96,74,80,24,37.2,91,30.15,1,1,N
Caroline Fogaça,Feminino,1940-05-11,681742537,130.789.264-78,Doença Cardiovascular,86,124,103,138,10,37.8,97,50.73,1,1,S
Léo Moraes,Masculino,2001-07-12,412086736,128.395.607-12,Asma,25,98,101,85,22,36.3,98,30.49,1,0,N
Rebeca Machado,Feminino,1970-04-29,28470653X,578.362.109-95,Nenhuma,56,108,66,130,14,36.0,100,20.73,0,0,N
Olívia da Mata,Feminino,1936-04-19,847306124,895.034.621-42,Nenhuma,90,103,81,55,14,36.6,99,86.98,0,0,N
Otávio Borges,Masculino,1963-01-31,081372644,758.160.943-00,Diabetes,63,107,70,45,19,36.2,92,74.78,1,1,N
Maria Eduarda Pimenta,Feminino,1974-08-27,172468504,012.864.937-22,Doença Cardiovascular,52,109,75,56,10,37.0,97,34.52,1,0,N
Maya Pires,Feminino,1985-09-15,627804159,124.798.065-02,Hipertensão,41,109,110,114,13,37.3,99,76.5,1,0,N
Ayla Aparecida,Feminino,2000-12-04,742318059,829.016.743-13,Hipertensão,25,136,75,128,13,37.3,89,62.75,1,1,N
Luigi Martins,Masculino,1943-08-31,50612874X,089.546.271-02,Nenhuma,83,97,85,65,16,36.9,96,0.38,0,0,N
Daniela Monteiro,Feminino,1991-07-19,548203763,653.270.948-47,Hipertensão,35,124,88,73,13,36.7,95,38.03,1,0,N
Vinicius Barros,Masculino,1951-03-16,076142838,814.529.307-32,Doença Cardiovascular,75,144,64,55,26,37.1,94,29.05,1,0,N
Ravi Lucca Lopes,Masculino,1946-12-19,30257816X,821.359.470-32,Asma,79,109,67,40,26,34.9,98,21.79,1,0,N
Rhavi da Rosa,Masculino,1943-08-29,147286505,745.162.839-64,Hipertensão,83,105,61,102,10,36.7,92,25.16,1,1,N
Carolina Rodrigues,Feminino,1952-06-23,176023483,631.805.972-59,Doença Cardiovascular,74,115,66,90,20,36.5,98,94.24,1,0,N
Josué Moreira,Masculino,1995-01-24,548017360,165.743.028-62,Diabetes,31,143,40,85,22,36.7,99,48.63,1,0,N
Laís Nunes,Feminino,1955-03-04,206147533,529.031.846-15,Diabetes,71,123,88,49,20,36.4,100,84.77,1,0,N
Ana Vitória Aparecida,Feminino,1973-09-21,051834273,675.102.493-25,Doença Cardiovascular,53,109,110,125,14,36.8,92,21.42,1,1,N
Cauê Moraes,Masculino,1976-04-04,123468504,751.483.906-20,Nenhuma,50,129,82,72,16,36.0,90,17.44,0,1,N
Maria Sophia Brito,Feminino,1985-03-05,503814672,395.042.687-65,Doença Cardiovascular,41,97,58,98,14,37.4,98,88.88,1,0,S
Isis Fogaça,Feminino,2005-02-02,341067854,741.396.208-03,Hipertensão,21,133,70,48,15,36.9,95,49.57,1,0,N
Anna Liz Vargas,Feminino,2003-10-14,278431069,568.024.179-01,Diabetes,22,128,73,80,11,36.6,100,89.52,1,0,N
Allana Camargo,Feminino,2001-05-15,842013672,974.326.150-80,Nenhuma,25,113,64,92,17,35.9,98,6.3,0,0,N
Nicole Cavalcanti,Feminino,2002-09-11,54178206X,560.143.978-84,Doença Cardiovascular,24,103,92,93,10,37.2,97,91.64,1,0,S
Matteo Aparecida,Masculino,2007-08-10,801673252,681.745.032-26,Diabetes,19,102,92,88,16,36.7,96,41.54,1,0,N
Oliver Santos,Masculino,2000-06-13,147386202,087.529.164-30,Nenhuma,26,130,62,97,11,35.9,92,15.54,0,1,N
Luara Pastor,Feminino,1947-03-26,856027145,650.781.923-95,Doença Cardiovascular,79,144,90,56,19,36.5,99,68.34,1,0,N
Rael Pinto,Masculino,2008-07-16,154027637,857.461.239-19,Doença Cardiovascular,18,107,102,89,14,37.0,96,79.69,1,0,S
Manuela Cirino,Feminino,1974-08-22,378104263,290.453.876-38,Hipertensão,52,129,108,87,19,36.9,96,4.74,1,0,S
Ester Barros,Feminino,1977-02-26,742631503,794.683.051-39,Asma,49,78,122,90,23,36.9,97,98.72,1,0,N
Joana Rocha,Feminino,2005-05-11,170326548,637.940.521-61,Diabetes,21,108,66,86,25,36.6,97,69.7,1,0,S
Maya Nascimento,Feminino,1966-10-05,45387261X,907.136.425-99,Diabetes,60,119,122,53,10,37.3,90,32.14,1,1,N
Alana Gonçalves,Feminino,1980-05-05,576132846,578.432.690-29,Hipertensão,46,101,74,52,13,37.5,100,15.13,1,0,N
Alice Cavalcante,Feminino,1993-10-04,680314520,852.614.307-71,Nenhuma,33,101,71,40,16,37.1,93,39.25,0,0,N
Natália Sales,Feminino,1956-02-14,046328579,726.903.814-78,Diabetes,70,106,84,105,20,36.0,96,22.06,1,0,N
Ryan da Rosa,Masculino,1954-09-27,814073256,826.314.570-80,Diabetes,72,125,71,105,10,35.7,100,49.42,1,0,N
Maria Cecília Sales,Feminino,1951-05-18,82714605X,976.402.183-22,Asma,75,116,85,106,13,36.1,100,78.19,1,0,N
Maria Laura da Rosa,Feminino,1989-04-13,386207458,825.647.310-07,Hipertensão,37,75,60,92,18,38.1,90,66.01,1,1,N
Carolina Carvalho,Feminino,1992-02-01,653821475,415.206.378-53,Hipertensão,34,77,76,40,18,36.7,97,43.59,1,0,S
Gabriel Camargo,Masculino,1937-03-16,647015833,629.435.180-42,Asma,89,107,99,59,19,38.2,98,11.89,1,0,N
Esther Alves,Feminino,1965-05-14,674032512,576.829.401-58,Hipertensão,61,129,79,89,20,36.4,90,95.72,1,1,N
Rodrigo Rezende,Masculino,1963-02-27,817263457,653.021.984-60,Nenhuma,63,70,82,88,19,36.3,100,27.04,0,0,N
Isabella Lopes,Feminino,1974-10-31,236410751,321.467.085-90,Asma,51,110,87,79,18,36.4,97,27.78,1,0,N
Esther Borges,Feminino,2003-06-08,351780269,305.749.218-50,Doença Cardiovascular,23,109,97,94,18,36.4,97,64.55,1,0,N
Ravi Casa Grande,Masculino,1999-08-07,324681501,380.967.412-50,Doença Cardiovascular,27,147,55,85,21,35.9,93,77.05,1,0,N
Mariana Almeida,Feminino,1944-02-29,182453674,251.483.697-28,Doença Cardiovascular,82,112,88,88,10,35.6,98,98.42,1,0,N
Eloah Cassiano,Feminino,1986-06-11,752831641,697.032.158-40,Hipertensão,40,127,75,69,25,36.9,100,96.92,1,0,N
Melina Mendonça,Feminino,2001-07-03,702458612,975.430.126-34,Nenhuma,25,122,82,109,10,37.3,97,91.38,0,0,N
Antônio Machado,Masculino,1952-07-06,714253868,479.568.203-83,Doença Cardiovascular,74,77,95,74,12,38.5,94,43.53,1,0,N
Joaquim Costa,Masculino,1986-11-11,734806255,491.820.657-30,Diabetes,39,135,62,51,16,36.2,95,16.67,1,0,N
Matteo Aragão,Masculino,2005-01-23,402315674,039.854.271-60,Nenhuma,21,124,64,65,21,36.2,97,58.45,0,0,N
Anthony Caldeira,Masculino,1944-01-02,082736145,346.029.581-33,Nenhuma,82,130,50,76,10,35.9,97,1.73,0,0,N
Marina Leão,Feminino,1970-09-25,308517246,934.602.875-00,Asma,56,198,71,109,17,37.4,100,19.62,1,0,N
Yuri da Rocha,Masculino,2002-02-15,715630829,841.730.526-26,Diabetes,24,78,99,83,21,37.2,95,0.25,1,0,N
Raquel Guerra,Feminino,1978-02-17,871635409,038.695.247-74,Diabetes,48,154,78,80,22,35.8,92,18.05,1,1,S
Théo Pastor,Masculino,1989-08-03,10246358X,826.503.714-71,Nenhuma,37,114,59,53,14,35.8,98,47.48,0,0,N
Raquel da Conceição,Feminino,1945-08-12,718325400,178.326.409-87,Hipertensão,81,125,72,104,16,37.3,95,39.33,1,0,N
Vitória Almeida,Feminino,1973-07-21,814760351,742.096.853-56,Hipertensão,53,119,57,68,14,36.8,100,36.93,1,0,N
Levi Novaes,Masculino,1975-02-03,857120463,091.457.386-10,Hipertensão,51,111,63,82,16,37.1,97,83.1,1,0,N
Juliana Ramos,Feminino,1952-08-30,048527166,201.845.679-20,Doença Cardiovascular,74,108,85,122,12,35.8,99,67.5,1,1,N
Renan Camargo,Masculino,1944-12-21,730521849,098.621.473-69,Diabetes,81,126,62,97,13,35.0,92,93.64,1,1,N
Manuella Machado,Feminino,2002-01-10,31425870X,634.289.701-87,Doença Cardiovascular,24,89,96,44,20,35.8,97,44.53,1,0,N
Antônio Castro,Masculino,1972-11-09,71342560X,074.612.598-49,Hipertensão,53,135,78,40,18,37.1,94,27.22,1,0,N
Gael Melo,Masculino,1980-01-18,480652715,213.459.807-79,Nenhuma,46,111,81,83,20,38.2,92,12.27,0,1,N
Maysa da Conceição,Feminino,2000-04-22,560187348,643.281.579-73,Nenhuma,26,97,75,54,19,36.2,93,67.2,0,0,N
Henry Pastor,Masculino,1953-05-16,403861251,183.570.492-14,Nenhuma,73,110,91,101,21,38.3,94,84.17,0,0,N
Ravi Lucca Cardoso,Masculino,1976-01-22,821547367,748.053.962-29,Nenhuma,50,145,91,86,22,37.2,100,18.37,0,0,N
Mathias Leão,Masculino,1960-07-01,271584361,459.867.210-20,Doença Cardiovascular,66,109,85,89,10,35.4,94,87.88,1,0,N
Maria Cecília Vieira,Feminino,1974-12-26,250743863,639.508.217-59,Diabetes,51,127,88,67,13,36.7,91,52.63,1,1,S
Enrico Pinto,Masculino,1954-09-12,685273416,681.920.574-02,Asma,72,105,76,128,16,37.2,97,14.41,1,0,N
João Miguel Sales,Masculino,1959-12-26,876413026,145.630.897-10,Nenhuma,66,135,88,156,17,34.6,97,64.29,0,1,N
Rafaela Cardoso,Feminino,1945-09-07,534812703,173.598.240-79,Doença Cardiovascular,81,133,74,78,14,37.0,95,52.01,1,0,N
Gabriela Castro,Feminino,1948-10-04,673042510,126.509.783-68,Diabetes,78,156,80,93,22,37.4,96,2.82,1,0,N
Rebeca Brito,Feminino,1966-12-19,013278460,958.307.642-29,Doença Cardiovascular,59,116,75,87,27,36.8,100,39.92,1,0,N
Thales da Rosa,Masculino,1997-10-23,253078465,615.942.830-60,Hipertensão,28,133,73,78,18,36.5,99,78.48,1,0,S
Giovanna Novais,Feminino,1950-09-24,165374809,529.130.847-88,Nenhuma,76,121,69,64,18,36.4,99,55.54,0,0,N
Antony Fogaça,Masculino,1994-05-09,70381624X,658.792.403-47,Diabetes,32,145,87,57,22,36.3,92,28.2,1,1,N
Luiz Henrique Rocha,Masculino,1951-11-03,173820542,952.864.103-24,Asma,74,105,99,56,10,35.6,100,92.86,1,0,N
Emanuella Montenegro,Feminino,1982-03-10,271450861,463.091.758-66,Asma,44,134,97,95,18,35.9,100,23.78,1,0,N
Ana Luiza Fernandes,Feminino,1973-07-21,318564701,513.849.206-33,Diabetes,53,116,61,72,22,36.2,99,25.27,1,0,N
Danilo Pinto,Masculino,1981-05-10,270184636,910.836.547-48,Asma,45,118,99,40,14,36.6,92,35.46,1,1,N
Bárbara Novais,Feminino,1940-12-15,634028170,548.763.012-71,Hipertensão,85,121,75,96,11,36.1,100,89.45,1,0,N
Ryan da Luz,Masculino,1988-05-15,728306153,549.187.602-01,Diabetes,38,125,89,84,17,35.8,94,50.76,1,0,N
Luiz Gustavo Vargas,Masculino,1975-08-27,825013768,401.389.276-69,Nenhuma,51,117,66,118,17,37.1,96,68.22,0,1,N
João Felipe Cassiano,Masculino,1989-08-07,61258043X,382.964.170-22,Nenhuma,37,124,82,94,13,36.8,90,97.63,0,1,N
Bella Santos,Feminino,1959-03-28,617203453,759.340.628-83,Diabetes,67,151,84,48,28,36.1,92,78.33,1,1,S
Pedro Lucas Marques,Masculino,1947-10-05,286503177,051.879.264-11,Hipertensão,79,139,57,40,15,36.9,98,17.26,1,0,N
Cauê Viana,Masculino,1955-11-30,682705433,938.547.162-73,Nenhuma,70,137,89,67,12,36.1,100,78.84,0,0,N
Bella Novais,Feminino,1997-08-04,425603714,872.136.504-08,Hipertensão,29,110,100,69,17,36.6,99,74.83,1,0,N
Thiago Caldeira,Masculino,1937-12-05,35176804X,841.052.973-41,Hipertensão,88,102,77,108,22,37.3,99,23.26,1,0,N
Dante Costela,Masculino,1991-08-16,802471651,873.496.015-57,Diabetes,35,139,100,84,18,36.0,96,32.53,1,0,N
Emanuel Siqueira,Masculino,1992-09-08,571608322,745.062.138-07,Hipertensão,34,137,77,113,20,35.6,95,71.01,1,0,N
Melina Teixeira,Feminino,1992-05-04,86275401X,187.506.432-07,Doença Cardiovascular,34,149,92,51,13,36.4,98,23.84,1,0,N
Sara Siqueira,Feminino,1986-03-06,150637287,093.251.748-04,Nenhuma,40,107,46,109,25,35.4,100,20.82,0,0,N
Daniela Ramos,Feminino,1998-09-25,570218640,726.198.435-37,Doença Cardiovascular,28,115,116,103,20,36.3,97,70.35,1,0,N
Lívia Carvalho,Feminino,1988-07-12,876250344,836.705.129-77,Doença Cardiovascular,38,87,102,40,23,36.3,100,88.06,1,0,N
Gabriela Macedo,Feminino,1941-11-06,568123402,592.640.718-49,Nenhuma,84,112,75,118,19,34.5,96,7.5,0,0,N
André da Cruz,Masculino,1947-10-13,632704159,729.064.531-61,Diabetes,79,139,50,87,22,36.9,93,44.59,1,0,N
Manuela da Paz,Feminino,1989-12-03,58026371X,217.584.630-07,Nenhuma,36,110,84,94,13,36.4,96,60.72,0,0,N
Enzo Gabriel Barros,Masculino,1982-04-01,516473281,698.745.213-09,Asma,44,132,58,63,15,37.4,97,67.63,1,0,N
Maria Fernanda Silva,Feminino,1941-08-29,530178424,943.071.862-22,Hipertensão,85,116,86,116,24,36.7,96,99.62,1,1,N
Maria Cecília Pires,Feminino,1985-12-18,508743163,062.754.913-61,Doença Cardiovascular,40,126,86,55,25,37.1,100,68.27,1,0,N
Clarice Sá,Feminino,1970-11-03,132705862,743.286.950-29,Nenhuma,55,97,65,105,12,37.5,100,62.02,0,0,N
Mariah Viana,Feminino,1994-07-15,158732042,287.591.603-30,Doença Cardiovascular,32,121,96,105,19,36.4,91,98.97,1,1,N
Davi Miguel Lima,Masculino,1967-10-15,286573040,502.784.913-32,Doença Cardiovascular,58,70,92,60,15,36.5,100,6.07,1,0,N
Nicolas Marques,Masculino,2001-01-10,012487636,834.201.957-88,Diabetes,25,116,94,134,14,35.2,86,7.44,1,1,N
Luiz Miguel Alves,Masculino,1983-01-06,140752687,026.741.839-69,Nenhuma,43,87,80,90,19,37.5,100,56.07,0,0,N
Clara Vargas,Feminino,1939-12-03,416730589,617.209.453-06,Hipertensão,86,144,58,101,23,36.4,95,35.87,1,0,N
Valentim Azevedo,Masculino,1981-10-17,084725138,287.061.534-53,Doença Cardiovascular,44,135,94,46,20,35.7,96,9.67,1,0,N
Maitê Dias,Feminino,2006-06-15,81207435X,132.965.874-46,Nenhuma,20,129,75,137,16,37.1,96,30.64,0,1,N
Enzo Lopes,Masculino,1937-08-18,504876120,451.678.390-84,Diabetes,89,150,59,54,20,34.8,98,67.44,1,0,N
Matteo Teixeira,Masculino,1946-09-04,357480260,786.309.412-78,Asma,80,101,100,110,16,36.2,96,88.06,1,0,N
Clarice Oliveira,Feminino,1961-07-15,13067428X,207.835.641-71,Doença Cardiovascular,65,154,111,60,20,37.2,96,9.43,1,0,N
Stephany da Rocha,Feminino,1963-05-31,601578326,923.106.857-12,Nenhuma,63,138,79,69,24,36.1,100,54.01,0,0,N
Maria Liz Rodrigues,Feminino,1944-02-24,768210343,860.291.475-01,Asma,82,115,112,104,10,35.9,99,29.61,1,0,N
Liz Silveira,Feminino,2002-06-26,837106527,269.738.415-46,Doença Cardiovascular,24,142,81,110,21,36.2,93,66.73,1,0,S
Luiz Felipe Albuquerque,Masculino,1982-11-15,516730241,746.529.018-01,Diabetes,43,97,74,53,10,34.9,99,54.95,1,0,N
Vinícius Pimenta,Masculino,1990-09-05,031827640,514.826.970-76,Diabetes,36,103,70,112,24,37.1,99,92.67,1,0,N
Nathan Machado,Masculino,1954-10-13,578034128,509.786.213-95,Diabetes,72,107,104,111,14,36.4,94,3.77,1,0,N
Ísis Pinto,Feminino,1941-12-13,817024566,750.823.691-21,Nenhuma,84,109,68,61,11,36.3,100,47.0,0,0,N
Pedro Miguel Sampaio,Masculino,1995-01-28,362508173,254.816.093-98,Doença Cardiovascular,31,98,91,124,21,36.3,96,19.28,1,0,N
Maria Luiza Vasconcelos,Feminino,1979-07-27,061542830,260.143.957-25,Doença Cardiovascular,47,144,71,48,19,36.5,96,53.68,1,0,S
Kevin Barros,Masculino,1977-10-26,230718541,576.984.320-92,Hipertensão,48,114,73,69,13,37.0,96,85.36,1,0,N
Zoe Farias,Feminino,1970-07-19,640138755,352.064.918-70,Diabetes,56,127,95,96,11,36.5,87,91.13,1,1,N
Carolina Moreira,Feminino,1971-08-06,572643081,107.639.854-57,Nenhuma,55,108,74,63,17,35.4,94,39.82,0,0,N
João Miguel Cunha,Masculino,2002-03-12,534120672,653.284.091-24,Doença Cardiovascular,24,83,73,91,11,37.0,99,81.18,1,0,N
Sophia Novaes,Feminino,1941-05-02,548213677,719.802.345-23,Nenhuma,85,125,96,91,12,36.9,96,28.05,0,0,S
Stephany Fernandes,Feminino,1948-07-27,814703252,385.206.794-47,Nenhuma,78,81,103,80,18,36.7,91,0.63,0,1,N
Antônio Alves,Masculino,1991-06-17,564182370,468.310.957-39,Nenhuma,35,118,89,105,13,37.4,100,85.52,0,0,N
Joana da Costa,Feminino,1972-05-06,273514064,812.539.674-82,Doença Cardiovascular,54,92,70,79,20,36.5,95,11.94,1,0,N
Otávio Montenegro,Masculino,1993-04-16,830172658,608.795.213-68,Hipertensão,33,159,72,90,25,37.4,92,1.76,1,1,S
Ana Liz Freitas,Feminino,1958-09-03,134562872,318.054.297-79,Diabetes,68,138,81,113,17,37.6,100,35.38,1,0,N
Thiago Fogaça,Masculino,1969-12-21,801647356,573.641.089-39,Doença Cardiovascular,56,122,84,104,18,37.0,92,37.94,1,1,N
Benicio Sá,Masculino,1972-10-06,715038242,014.365.782-80,Hipertensão,54,145,65,104,28,35.9,100,7.72,1,0,N
Pietro da Rosa,Masculino,1969-11-09,501832646,615.407.982-67,Asma,56,103,90,56,12,36.4,93,81.42,1,0,N
André Marques,Masculino,1938-12-19,357120462,271.358.046-35,Diabetes,87,130,81,98,23,37.5,97,40.56,1,0,N
Isaac Souza,Masculino,1939-04-23,310574626,193.472.065-80,Nenhuma,87,123,54,63,23,35.3,93,48.99,0,0,N
Vitor Peixoto,Masculino,1984-01-27,867534205,106.583.942-15,Hipertensão,42,125,66,52,22,36.2,92,26.46,1,1,N
Marcela da Rosa,Feminino,2000-05-28,685327103,971.365.804-39,Hipertensão,26,145,72,83,24,36.2,99,51.15,1,0,N
Cecilia Silva,Feminino,1963-05-01,018562437,640.973.182-50,Doença Cardiovascular,63,134,78,62,19,35.8,98,76.67,1,0,N
Vicente Sousa,Masculino,1982-03-22,841536703,345.298.706-00,Nenhuma,44,125,108,104,15,37.2,100,90.62,0,0,N
Bella Duarte,Feminino,1942-03-20,173562401,837.124.560-26,Nenhuma,84,86,83,105,23,36.8,96,97.05,0,0,N
Evelyn Vasconcelos,Feminino,1988-08-03,34162570X,683.972.051-95,Diabetes,38,100,67,40,23,35.9,100,42.67,1,0,N
Mirella Brito,Feminino,1955-10-28,287163544,810.937.652-59,Diabetes,70,117,83,64,23,37.0,98,99.0,1,0,N
Otávio Jesus,Masculino,1946-09-09,273856418,657.308.241-90,Diabetes,80,121,74,48,18,36.4,99,29.5,1,0,N
Ayla Araújo,Feminino,1963-04-26,028547639,237.695.184-46,Nenhuma,63,97,84,73,14,35.8,91,0.7,0,1,N
Davi Lucca Melo,Masculino,1944-09-19,147230688,790.821.356-12,Diabetes,82,168,88,96,18,35.9,94,76.76,1,0,N
Pietro Barbosa,Masculino,1965-11-21,38476521X,746.859.130-00,Nenhuma,60,150,98,78,22,36.8,99,17.84,0,0,N
Vinicius Guerra,Masculino,1993-12-22,206583175,974.380.612-13,Hipertensão,32,132,79,70,23,37.3,96,5.25,1,0,N
Stella Vasconcelos,Feminino,1973-02-04,54360827X,914.265.037-25,Doença Cardiovascular,53,121,104,117,15,36.1,97,92.4,1,1,S
João Pacheco,Masculino,2008-01-24,251607380,312.754.089-23,Hipertensão,18,115,93,40,19,36.9,93,79.18,1,0,N
Otávio Macedo,Masculino,1962-09-21,618352740,742.598.016-94,Hipertensão,64,100,69,115,11,37.8,97,10.27,1,0,N
Maria Vitória Castro,Feminino,1939-04-27,714653081,549.781.306-20,Diabetes,87,121,113,71,22,35.5,97,77.69,1,0,N
Thiago Cardoso,Masculino,1958-05-20,136425781,204.837.195-79,Diabetes,68,125,84,83,14,36.8,92,84.4,1,1,N
Natália Cardoso,Feminino,1948-03-03,21054837X,241.890.536-51,Asma,78,95,67,71,21,37.2,99,90.53,1,0,N
Heitor Marques,Masculino,1977-11-07,235804617,069.387.514-39,Doença Cardiovascular,48,126,104,123,12,36.4,90,54.37,1,1,N
Ana Beatriz Souza,Feminino,1989-01-02,738645011,402.915.837-41,Nenhuma,37,116,111,54,23,37.5,97,70.34,0,0,N
Léo Campos,Masculino,1976-01-30,367258419,738.421.695-82,Diabetes,50,81,79,85,19,38.3,100,76.22,1,0,N
Nicolas Camargo,Masculino,1938-08-13,174586024,026.531.987-03,Hipertensão,88,102,72,98,14,36.8,99,68.86,1,0,N
Maria Eduarda Oliveira,Feminino,1970-01-13,81065247X,571.623.409-70,Hipertensão,56,111,77,44,21,36.3,99,64.68,1,0,N
Asafe Moreira,Masculino,1965-06-08,60312754X,753.691.824-00,Asma,61,157,90,62,15,37.3,93,54.76,1,0,S
Bárbara Freitas,Feminino,1953-04-16,580246711,903.784.251-88,Hipertensão,73,131,99,81,21,37.2,100,47.92,1,0,N
Marcelo da Rosa,Masculino,1979-09-12,715604387,829.645.103-42,Doença Cardiovascular,47,93,88,62,16,34.5,100,99.61,1,0,N
Ryan Alves,Masculino,1980-07-31,571264384,915.306.872-68,Diabetes,46,129,81,64,10,36.5,93,33.76,1,0,N
Cecília Viana,Feminino,1969-04-29,682517306,305.927.814-88,Asma,57,89,102,76,13,36.2,95,8.83,1,0,N
Mariah Aragão,Feminino,1961-08-30,05836741X,874.916.350-75,Asma,65,141,75,101,15,36.8,100,76.5,1,0,N
João Miguel Cunha,Masculino,2008-08-26,125876038,319.540.867-84,Diabetes,18,110,95,76,24,36.3,100,21.38,1,0,N
Rebeca Abreu,Feminino,1992-02-16,368274159,732.041.865-71,Diabetes,34,118,75,111,22,36.4,91,53.27,1,1,N
Yan Ferreira,Masculino,1992-07-31,345182765,297.483.105-23,Hipertensão,34,146,86,60,26,35.8,92,9.58,1,1,N
Augusto Leão,Masculino,2005-04-27,501874628,082.974.613-78,Diabetes,21,94,78,53,26,37.1,96,61.93,1,0,N
Leonardo Nunes,Masculino,1998-03-30,140356277,138.794.250-60,Hipertensão,28,92,79,133,15,37.8,88,94.4,1,1,N
Maitê Viana,Feminino,1974-02-16,806374123,156.304.798-57,Diabetes,52,108,74,68,17,35.8,97,72.27,1,0,S
Renan Silveira,Masculino,1944-12-03,685347217,630.158.427-90,Doença Cardiovascular,81,140,100,52,15,35.4,100,21.45,1,0,N
Davi Lucca Teixeira,Masculino,1940-03-04,726503484,327.514.968-73,Hipertensão,86,89,69,41,14,36.5,91,97.11,1,1,N
Sofia Porto,Feminino,1994-04-16,432751609,201.739.854-32,Nenhuma,32,70,68,111,10,36.5,97,30.71,0,0,N
Milena Rios,Feminino,2003-07-01,327186409,917.253.408-79,Doença Cardiovascular,23,110,111,76,17,37.4,94,43.66,1,0,N
Clarice Siqueira,Feminino,1998-11-28,584376017,082.159.764-76,Hipertensão,27,131,94,78,11,35.5,100,49.81,1,0,N
Aurora Pinto,Feminino,1954-03-14,074853624,012.749.385-97,Diabetes,72,144,44,81,17,36.1,94,99.07,1,0,S
Mathias da Conceição,Masculino,1974-04-30,476325808,413.582.760-80,Diabetes,52,110,71,110,28,34.8,100,6.89,1,0,N
Maitê Nogueira,Feminino,2000-09-23,260841535,071.654.938-75,Asma,26,111,52,80,15,37.6,94,69.67,1,0,N
Pedro Miguel Sousa,Masculino,2002-07-22,316487521,734.518.602-44,Diabetes,24,143,65,143,18,36.7,100,36.19,1,1,N
Aurora Cavalcante,Feminino,1989-08-27,64217085X,850.479.261-76,Doença Cardiovascular,37,82,40,88,22,36.1,98,7.83,1,0,N
Luana Novais,Feminino,1954-11-03,15368074X,486.170.325-53,Hipertensão,71,112,77,111,19,35.4,96,93.5,1,0,N
Antonella Correia,Feminino,1989-04-10,361504780,736.214.905-07,Hipertensão,37,123,62,105,19,35.5,93,58.99,1,0,N
Vitor Hugo Oliveira,Masculino,2005-12-24,640375285,235.461.089-06,Diabetes,20,128,80,84,16,36.8,98,75.35,1,0,N
Vicente Correia,Masculino,1982-09-27,410725833,168.207.594-01,Nenhuma,44,109,55,70,16,35.6,95,24.04,0,0,N
Sarah Almeida,Feminino,1975-09-16,362185748,792.158.643-00,Diabetes,51,120,81,93,13,36.6,94,76.15,1,0,N
Vitor Cirino,Masculino,1970-04-27,863750126,694.375.281-28,Diabetes,56,70,73,97,22,38.1,100,82.85,1,0,N
Kamilly Viana,Feminino,2000-01-07,403716251,503.128.964-33,Hipertensão,26,106,102,70,10,36.2,99,43.08,1,0,N
Isabelly Santos,Feminino,1953-12-02,548713029,152.367.049-52,Nenhuma,72,129,101,89,22,35.7,99,57.2,0,0,N
Melina Barros,Feminino,1949-11-22,231506478,039.824.517-79,Hipertensão,76,100,91,115,10,36.8,95,97.19,1,0,N
Lorenzo Guerra,Masculino,1988-03-03,837260450,963.184.025-51,Nenhuma,38,121,75,136,22,35.5,96,84.67,0,1,S
Augusto Mendonça,Masculino,1949-06-11,367452017,576.192.803-59,Diabetes,77,128,109,106,16,37.9,96,44.49,1,0,N
Luigi Lopes,Masculino,1983-01-11,780516242,123.790.648-22,Diabetes,43,113,56,131,11,37.6,98,66.46,1,1,N
Maria Vitória Alves,Feminino,1964-12-02,250748162,790.384.625-65,Nenhuma,61,123,58,69,20,36.4,99,78.42,0,0,N
Luiza Garcia,Feminino,1953-06-04,765281041,187.650.394-75,Diabetes,73,100,78,102,22,35.8,96,2.43,1,0,S
Caleb Camargo,Masculino,1984-11-14,581742369,410.263.957-80,Diabetes,41,115,113,118,15,36.2,93,58.84,1,1,N
Ágatha Cavalcante,Feminino,1946-01-26,061874255,427.681.059-02,Doença Cardiovascular,80,132,76,62,21,36.3,100,98.45,1,0,S
Diego Cirino,Masculino,1964-12-12,382147650,842.530.679-56,Asma,61,123,77,72,10,36.8,97,94.72,1,0,N
Caio Cassiano,Masculino,1985-03-25,157823647,375.924.610-99,Doença Cardiovascular,41,108,58,128,11,37.3,91,83.24,1,1,N
Maria Luísa Rocha,Feminino,1988-09-27,264583176,436.295.180-60,Hipertensão,38,124,94,60,24,35.7,88,10.62,1,1,N
Bento Pimenta,Masculino,1973-10-30,452031679,750.463.982-65,Doença Cardiovascular,52,134,94,51,16,37.3,98,99.4,1,0,N
Fernando Alves,Masculino,1982-11-04,107426535,512.403.968-05,Nenhuma,43,79,91,123,10,37.0,93,60.95,0,1,N
Letícia Gomes,Feminino,1984-06-07,87236401X,394.205.786-74,Hipertensão,42,143,70,114,14,36.1,98,22.29,1,0,N
Liam Casa Grande,Masculino,1958-03-11,815026341,013.489.762-50,Asma,68,113,69,95,13,35.6,93,67.43,1,0,N
Lorenzo da Luz,Masculino,1957-06-19,863472151,283.704.651-53,Diabetes,69,128,60,83,17,36.6,97,85.65,1,0,N
Bárbara Aragão,Feminino,1937-04-03,614738507,392.415.087-79,Nenhuma,89,143,81,74,16,35.7,95,11.23,0,0,N
Isaque Sá,Masculino,1999-12-11,643217083,325.106.879-21,Hipertensão,26,92,63,92,18,37.3,100,91.64,1,0,N
Isabela Monteiro,Feminino,1990-12-19,782543066,628.703.941-87,Hipertensão,35,105,62,124,17,35.6,100,92.02,1,1,N
Thiago Gomes,Masculino,1945-04-08,721536803,096.245.137-16,Hipertensão,81,114,73,90,24,36.9,100,1.35,1,0,N
João Felipe Araújo,Masculino,1988-06-20,150873463,602.481.395-33,Asma,38,104,72,139,20,36.4,97,90.03,1,1,N
Ravi Novaes,Masculino,1997-06-07,871250639,450.891.723-23,Nenhuma,29,154,71,62,20,36.1,100,94.68,0,0,N
Ana Luiza Mendes,Feminino,1967-03-14,140265879,627.419.305-70,Asma,59,102,86,84,23,36.4,97,3.77,1,0,N
Nicolas Porto,Masculino,1943-05-05,604385729,389.572.401-79,Nenhuma,83,108,81,75,16,37.4,100,29.42,0,0,N
Allana da Mata,Feminino,2005-11-18,458371622,401.573.298-79,Diabetes,20,124,75,57,11,35.5,96,37.31,1,0,N
Beatriz da Cruz,Feminino,1954-02-16,054867125,856.219.047-02,Doença Cardiovascular,72,95,82,81,24,36.2,91,34.89,1,1,N
Carolina da Rosa,Feminino,1969-06-19,738621456,931.724.650-80,Asma,57,112,65,95,18,35.9,89,75.9,1,1,N
Nicolas Machado,Masculino,1938-09-20,854326716,706.529.418-85,Diabetes,88,126,81,98,18,36.5,100,35.81,1,0,N
Sarah Costela,Feminino,1964-03-23,718042633,485.201.973-88,Doença Cardiovascular,62,113,82,139,14,36.0,98,95.66,1,1,N
Maria Fernanda Nogueira,Feminino,2004-10-05,613742059,619.827.405-58,Nenhuma,21,118,57,96,14,35.1,99,99.5,0,0,N
Joaquim Nascimento,Masculino,1981-11-07,743652010,973.561.284-46,Diabetes,44,109,94,113,22,35.7,100,31.68,1,0,N
Milena Aparecida,Feminino,1947-03-07,217648356,520.861.973-30,Nenhuma,79,89,66,86,22,37.8,90,50.88,0,1,N
Nicole Pinto,Feminino,2004-10-23,753048218,526.931.084-89,Hipertensão,21,126,81,126,21,36.7,95,55.77,1,1,S
Eloah Abreu,Feminino,1963-01-08,58347102X,613.054.728-53,Diabetes,63,155,97,144,21,36.7,96,57.94,1,1,S
Rafaela da Mata,Feminino,1956-12-15,087246156,354.806.172-90,Diabetes,69,120,93,98,20,36.3,99,37.42,1,0,N
José Rodrigues,Masculino,1999-07-05,513762486,267.483.905-83,Doença Cardiovascular,27,124,80,60,18,36.5,94,16.6,1,0,N
Marcela Pires,Feminino,1949-05-13,402587637,705.381.692-30,Nenhuma,77,133,74,71,17,36.2,92,5.46,0,1,N
Sophia da Paz,Feminino,1993-04-25,481236570,382.065.497-65,Asma,33,94,94,92,24,36.9,92,10.63,1,1,N
Enrico Sousa,Masculino,1988-05-21,128465037,190.475.826-67,Diabetes,38,154,90,96,16,36.6,100,90.13,1,0,N
Bernardo da Rosa,Masculino,1962-09-07,531268743,103.645.728-17,Asma,64,124,70,102,19,35.6,94,28.04,1,0,N
Miguel Sampaio,Masculino,1975-06-02,504316278,514.037.892-23,Asma,51,152,68,96,13,36.7,94,7.68,1,0,N
Davi Miguel Silveira,Masculino,1949-05-22,604385213,401.637.289-50,Diabetes,77,105,48,85,14,34.5,99,62.35,1,0,N
João Lucas Lopes,Masculino,1949-09-25,726531480,593.470.826-00,Diabetes,77,156,82,69,16,36.8,94,7.53,1,0,N
Sofia Dias,Feminino,1998-12-03,304851279,542.190.738-41,Hipertensão,27,135,78,95,13,35.4,90,7.01,1,1,S
José Pedro Sá,Masculino,1988-12-23,683047218,283.709.614-87,Diabetes,37,131,97,131,21,36.4,90,62.16,1,1,N
João Gabriel da Cruz,Masculino,1984-07-22,852076137,463.128.597-46,Nenhuma,42,124,85,110,11,35.5,96,59.14,0,0,N
Manuela Costela,Feminino,1970-01-15,075143823,047.182.593-04,Nenhuma,56,115,100,98,18,36.5,98,4.15,0,0,N
Luísa Almeida,Feminino,1958-03-17,103485272,098.752.164-02,Doença Cardiovascular,68,144,69,110,18,37.0,96,46.05,1,0,N
Agatha Pereira,Feminino,1993-07-26,651348729,160.437.598-10,Hipertensão,33,122,97,75,10,37.7,98,43.58,1,0,N
André Albuquerque,Masculino,1998-10-01,630245782,430.127.689-04,Hipertensão,28,80,72,72,15,35.3,90,54.67,1,1,N
Noah Novais,Masculino,1973-03-11,563087122,805.217.436-80,Asma,53,97,91,66,19,37.3,90,73.78,1,1,N
Matteo Nascimento,Masculino,2005-10-27,371250468,415.096.837-39,Nenhuma,20,116,58,81,20,36.6,100,28.28,0,0,N
Ana Vitória Nascimento,Feminino,1974-06-17,048327657,891.206.345-60,Hipertensão,52,126,83,74,16,36.1,100,43.28,1,0,N
Melina Rocha,Feminino,2002-08-19,538726015,905.134.826-60,Doença Cardiovascular,24,118,50,115,21,37.1,100,79.27,1,0,N
Maria Garcia,Feminino,1937-05-20,836420172,572.493.681-09,Asma,89,144,75,73,17,36.3,94,92.26,1,0,S
Luiz Henrique Gomes,Masculino,1952-03-25,516703286,189.374.560-01,Hipertensão,74,80,86,64,18,37.1,96,89.13,1,0,N
Anthony Campos,Masculino,1943-09-12,720146586,362.718.049-69,Hipertensão,83,122,72,133,19,35.7,96,47.76,1,1,N
Léo Correia,Masculino,1953-05-14,834701522,735.419.268-64,Doença Cardiovascular,73,83,64,73,22,36.0,100,52.09,1,0,N
Anthony Câmara,Masculino,1986-08-27,374610587,058.273.169-03,Doença Cardiovascular,40,135,92,88,14,37.3,98,52.91,1,0,N
João Lucas Rodrigues,Masculino,1973-08-11,417305825,182.305.674-17,Diabetes,53,118,78,96,15,37.7,99,86.87,1,0,N
Gael Borges,Masculino,1996-05-13,634082759,689.074.213-31,Diabetes,30,128,72,56,14,36.5,96,83.99,1,0,N
Liz Silva,Feminino,1955-11-07,064271389,607.345.928-92,Diabetes,70,102,80,115,16,34.3,100,31.15,1,0,S
Isabel Monteiro,Feminino,1988-09-14,671843527,867.215.493-28,Hipertensão,38,145,119,100,25,36.3,98,16.28,1,0,N
Ana Carolina da Mota,Feminino,1945-07-17,603852142,250.943.187-05,Diabetes,81,140,97,123,20,36.5,97,37.9,1,1,S
Giovanna Abreu,Feminino,1980-04-12,735260813,590.617.248-30,Hipertensão,46,131,97,68,12,36.3,94,28.84,1,0,N
Maria Laura Camargo,Feminino,1986-08-21,785120634,319.082.567-02,Nenhuma,40,117,86,87,14,36.8,96,95.08,0,0,N
Sarah Monteiro,Feminino,1984-12-02,257640319,857.203.694-65,Nenhuma,41,131,82,85,19,36.1,92,26.59,0,1,N
Yuri Correia,Masculino,1960-07-22,571623487,926.104.385-24,Hipertensão,66,105,44,91,13,37.2,96,18.12,1,0,N
Emanuella Azevedo,Feminino,1956-11-21,578104362,145.396.270-07,Nenhuma,69,137,69,48,14,35.6,97,89.95,0,0,S
Davi Lucas Souza,Masculino,1982-05-25,106275483,586.930.421-06,Diabetes,44,152,72,87,24,37.5,87,8.65,1,1,N
Davi Lucas da Luz,Masculino,2008-03-29,430756288,618.304.597-75,Nenhuma,18,141,51,49,14,37.7,96,26.03,0,0,N
Ian Moreira,Masculino,1957-01-05,610253785,452.769.301-80,Nenhuma,69,105,62,93,22,35.8,92,43.91,0,1,N
Gael Rocha,Masculino,1950-09-06,340528710,085.297.463-92,Hipertensão,76,127,50,40,24,35.8,98,59.51,1,0,S
Yasmin Pimenta,Feminino,1951-07-09,087254633,306.582.417-53,Doença Cardiovascular,75,94,79,40,14,36.8,99,32.77,1,0,N
Rafael Abreu,Masculino,2006-07-14,270346818,057.439.128-23,Nenhuma,20,131,92,105,13,35.6,95,49.62,0,0,N
Ana Júlia Duarte,Feminino,1995-11-22,487123657,139.042.758-79,Diabetes,30,129,96,71,16,36.1,99,19.88,1,0,N
Nicolas da Mota,Masculino,1949-12-05,805136277,108.935.476-20,Diabetes,76,82,86,60,12,37.4,99,57.43,1,0,N
Stella Martins,Feminino,1974-02-26,643152787,327.465.018-80,Hipertensão,52,96,65,116,18,37.1,96,40.78,1,1,N
Maria Cecília Moreira,Feminino,1978-08-09,813047560,560.342.987-92,Doença Cardiovascular,48,114,51,93,16,38.1,100,84.93,1,0,N
Henry Gabriel Aragão,Masculino,2000-03-28,146582731,524.138.079-50,Hipertensão,26,113,53,106,19,36.6,94,41.57,1,0,N
Otto Nascimento,Masculino,1944-08-29,635408272,169.273.850-02,Doença Cardiovascular,82,95,60,80,24,36.0,100,44.38,1,0,N
Luara Abreu,Feminino,1988-12-02,451870621,162.905.847-58,Asma,37,127,66,151,22,36.5,96,59.22,1,1,S
Gael Farias,Masculino,1994-08-19,726805415,452.609.183-98,Doença Cardiovascular,32,125,77,69,20,36.4,93,12.32,1,0,N
Amanda Sousa,Feminino,1994-07-30,170453625,063.982.751-95,Hipertensão,32,116,64,128,10,36.4,95,15.68,1,0,N
Otávio Barbosa,Masculino,1942-04-26,704683155,764.825.093-47,Diabetes,84,104,85,83,20,36.5,92,79.02,1,1,N
Fernanda Cavalcante,Feminino,1987-09-02,301542673,197.603.852-95,Asma,39,140,76,43,26,35.8,100,27.34,1,0,N
Luana Azevedo,Feminino,1968-12-09,218053769,784.130.692-03,Diabetes,57,153,80,97,10,36.7,90,68.47,1,1,N
Aylla Alves,Feminino,1969-10-17,463127080,039.147.265-80,Diabetes,56,110,97,92,21,35.4,100,9.74,1,0,N
Marina Alves,Feminino,1999-11-18,251306781,542.816.037-35,Doença Cardiovascular,26,107,62,58,17,35.9,93,82.18,1,0,N
Lívia da Cunha,Feminino,1944-10-11,873152463,105.438.679-00,Doença Cardiovascular,82,129,86,61,13,36.4,100,98.82,1,0,N
Bianca Melo,Feminino,1939-04-09,742085612,423.701.896-22,Diabetes,87,112,79,84,22,34.7,97,37.37,1,0,N
Manuela Aragão,Feminino,2006-12-18,17856042X,328.409.567-56,Nenhuma,19,117,74,93,26,37.1,98,50.55,0,0,N
Stephany Vieira,Feminino,1953-05-05,160283747,205.697.843-10,Nenhuma,73,134,93,40,21,34.9,94,44.27,0,0,N
Brayan Vasconcelos,Masculino,1942-06-01,470326189,436.597.820-92,Asma,84,81,93,111,16,37.0,98,89.42,1,0,N
Maysa Teixeira,Feminino,1985-04-18,158324602,480.173.962-87,Nenhuma,41,146,65,72,13,35.5,97,0.99,0,0,N
Pietro Pacheco,Masculino,1971-09-14,645280732,930.574.681-01,Diabetes,55,121,77,51,18,36.2,91,65.35,1,1,N
Bryan Araújo,Masculino,1945-07-29,374028151,596.738.041-84,Doença Cardiovascular,81,111,84,108,22,36.9,93,65.24,1,0,N
Maria Flor Dias,Feminino,1982-10-04,036417853,289.167.403-04,Doença Cardiovascular,44,118,75,84,16,38.3,94,38.24,1,0,N
Davi Lucas Araújo,Masculino,2008-09-14,527134089,471.283.560-53,Nenhuma,18,119,88,115,16,36.6,93,21.93,0,0,N
Ana Laura da Rosa,Feminino,1938-08-09,412368055,513.429.087-32,Diabetes,88,85,84,95,32,34.9,100,23.97,1,0,N
Marina Azevedo,Feminino,1965-06-05,617285044,618.074.295-20,Asma,61,149,107,84,23,37.3,97,80.05,1,0,N
Benjamin Novais,Masculino,1938-04-12,583041760,619.785.423-64,Hipertensão,88,120,57,81,23,36.3,93,6.61,1,0,N
Juan Garcia,Masculino,1941-05-08,217480561,862.701.345-44,Diabetes,85,128,78,97,10,36.6,95,56.38,1,0,N
Calebe Pinto,Masculino,1941-11-12,516042786,760.285.941-30,Diabetes,84,139,66,74,14,36.9,94,30.68,1,0,N
Isabel Peixoto,Feminino,1990-07-01,526370142,831.072.459-41,Doença Cardiovascular,36,99,89,63,18,34.7,95,26.52,1,0,S
Rafael Gomes,Masculino,1991-04-28,80426157X,307.245.189-32,Asma,35,129,55,100,12,36.5,92,50.57,1,1,N
Mariane Pinto,Feminino,1972-01-01,723016586,681.734.052-71,Nenhuma,54,114,85,81,26,36.2,93,89.79,0,0,N
Beatriz Fernandes,Feminino,2005-12-12,405618372,265.048.371-71,Hipertensão,20,136,70,85,25,37.5,100,61.81,1,0,N
Amanda Marques,Feminino,2008-02-13,328615079,420.817.593-14,Asma,18,77,68,112,15,37.1,97,78.86,1,0,N
Lucas Pastor,Masculino,1942-09-13,261354784,571.684.390-57,Asma,84,118,58,82,26,35.2,96,60.07,1,0,N
Bianca Caldeira,Feminino,2005-11-17,654802130,340.587.691-57,Asma,20,107,73,85,17,37.5,97,69.77,1,0,N
Bernardo Pastor,Masculino,1998-05-28,748512603,048.321.976-22,Doença Cardiovascular,28,128,96,70,30,36.9,96,43.24,1,0,N
Davi Lucas Porto,Masculino,1992-08-08,13762508X,542.308.917-41,Diabetes,34,129,79,95,18,35.3,96,92.6,1,0,N
José Miguel Fogaça,Masculino,1988-04-28,64570281X,762.143.859-28,Doença Cardiovascular,38,105,89,93,20,36.5,99,50.19,1,0,N
Rodrigo Silveira,Masculino,1974-01-11,675418021,709.518.362-77,Hipertensão,52,105,104,107,24,37.3,98,55.18,1,0,N
Pedro Miguel Cirino,Masculino,1936-05-09,160587426,905.182.473-41,Hipertensão,90,117,83,70,24,35.5,90,52.5,1,1,N
Cecilia Aparecida,Feminino,2002-04-14,051286749,974.603.128-78,Diabetes,24,102,71,73,20,37.6,96,31.62,1,0,S
Carolina das Neves,Feminino,1950-12-23,380526475,907.864.315-39,Hipertensão,75,136,87,104,17,35.3,90,23.12,1,1,N
Pedro Henrique Moraes,Masculino,1937-09-06,163240759,738.491.205-97,Asma,89,112,71,91,20,35.9,99,7.38,1,0,N
Luana Pacheco,Feminino,1994-12-04,624051730,903.518.724-50,Diabetes,31,70,72,62,13,35.7,100,71.82,1,0,N
Clara Casa Grande,Feminino,1978-07-12,310257487,985.402.367-29,Doença Cardiovascular,48,112,57,117,18,37.6,94,28.93,1,0,N
Luana Pereira,Feminino,1960-03-02,812376043,698.140.532-60,Asma,66,99,93,42,12,36.1,96,38.92,1,0,N
Lavínia Freitas,Feminino,1966-01-15,10536728X,807.156.924-02,Diabetes,60,87,74,104,10,35.6,88,91.99,1,1,N
Stella Pastor,Feminino,1975-11-16,235780145,149.837.256-28,Diabetes,50,95,82,53,18,36.9,100,56.64,1,0,N
Clara Araújo,Feminino,1996-11-20,02351467X,071.356.284-62,Hipertensão,29,122,64,132,24,37.0,99,9.71,1,0,N
Thiago Novais,Masculino,1973-12-26,821706342,075.834.629-83,Asma,52,146,86,46,22,37.0,100,79.96,1,0,N
Mariana Ferreira,Feminino,1936-09-12,350816748,478.590.632-47,Nenhuma,90,126,68,113,17,36.3,100,25.61,0,0,N
Guilherme Porto,Masculino,1985-12-30,012345684,895.436.702-00,Asma,40,107,77,82,26,36.7,92,55.27,1,1,N
Bernardo Fernandes,Masculino,1960-02-11,625480314,321.096.857-86,Nenhuma,66,129,93,75,15,36.0,100,51.0,0,0,N
Olívia Sales,Feminino,1982-03-26,526348173,698.023.457-92,Diabetes,44,110,91,89,10,37.8,100,23.81,1,0,N
Lucas Pacheco,Masculino,1972-01-19,037486251,826.497.035-47,Asma,54,106,79,100,10,37.4,91,11.58,1,1,N
Lucas Gabriel Pimenta,Masculino,1988-12-24,140385629,529.780.416-76,Doença Cardiovascular,37,96,53,62,12,37.4,96,21.13,1,0,N
Otto Farias,Masculino,1995-10-29,870216351,530.217.684-07,Hipertensão,30,84,124,64,22,37.1,95,9.73,1,0,N
Bella Marques,Feminino,1979-04-04,207831464,168.204.753-90,Doença Cardiovascular,47,112,106,101,14,36.9,100,27.56,1,0,N
Sabrina Câmara,Feminino,2005-11-07,705123649,640.185.792-76,Nenhuma,20,123,90,42,20,35.5,87,99.73,0,1,N
Heloisa Sales,Feminino,2002-01-09,720153682,839.176.052-95,Hipertensão,24,118,68,70,26,37.0,100,40.21,1,0,N
Ravi Lucca Pinto,Masculino,2002-08-30,521468036,385.462.907-92,Doença Cardiovascular,24,111,78,161,12,36.6,96,86.39,1,1,N
Isaque Mendes,Masculino,2000-02-25,258076343,591.287.063-40,Doença Cardiovascular,26,101,71,60,20,37.5,100,54.92,1,0,N
Marcos Vinicius Costela,Masculino,1985-05-23,843251700,623.504.981-15,Nenhuma,41,132,98,113,20,37.1,96,66.66,0,0,N
Francisco Abreu,Masculino,1964-05-04,867254105,260.387.154-44,Doença Cardiovascular,62,93,83,70,13,36.9,98,15.63,1,0,N
Anthony Barbosa,Masculino,1980-04-03,07654123X,048.923.156-05,Diabetes,46,135,68,97,24,35.2,87,27.48,1,1,N
Arthur Novais,Masculino,1960-12-26,637841529,729.546.831-55,Asma,65,99,72,101,16,36.4,95,51.04,1,0,N
Cecília da Rocha,Feminino,2000-05-31,587024367,012.368.475-71,Diabetes,26,104,96,113,16,36.1,100,88.11,1,0,N
Gael Pires,Masculino,1941-04-23,872053611,740.853.219-60,Nenhuma,85,90,104,79,28,36.7,98,4.29,0,0,N
Maria Cecília Aparecida,Feminino,1979-10-24,085173423,028.473.961-87,Nenhuma,46,109,102,134,20,36.2,90,50.69,0,1,N
Fernanda Costa,Feminino,1994-10-07,136240872,935.721.604-99,Doença Cardiovascular,32,139,91,70,22,36.3,97,5.1,1,0,N
Emanuella Câmara,Feminino,1999-04-26,380274164,607.459.312-43,Doença Cardiovascular,27,130,76,90,24,36.9,93,45.68,1,0,N
Erick Fernandes,Masculino,1982-05-30,10723645X,936.547.021-80,Diabetes,44,139,40,91,14,36.2,93,62.89,1,0,N
Isabelly Cavalcanti,Feminino,1977-09-20,351086742,204.351.976-06,Hipertensão,49,130,84,56,24,36.6,90,74.47,1,1,N
Alícia Cavalcanti,Feminino,1943-09-09,038721545,741.263.950-16,Hipertensão,83,97,79,77,15,35.3,99,13.85,1,0,N
Beatriz Almeida,Feminino,1957-01-28,380762456,491.805.726-85,Diabetes,69,113,82,89,15,35.8,100,16.66,1,0,S
Maria Helena Rezende,Feminino,1952-08-18,310685278,214.879.603-87,Nenhuma,74,104,80,74,16,37.0,100,47.01,0,0,N
Maitê Costela,Feminino,1974-06-04,142360855,480.725.369-74,Asma,52,146,60,146,14,35.5,91,99.8,1,1,N
Rafael da Costa,Masculino,1960-10-11,504768311,569.183.024-42,Asma,66,96,88,64,22,37.5,100,35.6,1,0,N
Marcelo Ribeiro,Masculino,1937-09-01,678125302,680.327.451-90,Nenhuma,89,137,89,114,19,37.3,100,42.75,0,0,N
Valentina Pinto,Feminino,1945-11-29,580371463,703.145.862-53,Hipertensão,80,137,90,106,15,36.3,94,43.24,1,0,N
Ana Luiza Campos,Feminino,2008-07-09,417506284,392.486.071-87,Diabetes,18,156,94,84,21,38.9,93,8.07,1,0,N
Caroline Vieira,Feminino,1949-12-15,863057123,235.147.068-08,Doença Cardiovascular,76,111,89,63,16,37.5,92,77.42,1,1,N
Evelyn Nascimento,Feminino,1995-03-27,601248739,362.490.857-00,Doença Cardiovascular,31,134,73,65,16,35.7,94,25.31,1,0,N
Marcelo Dias,Masculino,1947-04-03,783205648,378.602.154-62,Hipertensão,79,165,78,72,18,37.1,97,70.37,1,0,N
Paulo Porto,Masculino,1951-06-25,570321645,458.031.967-20,Asma,75,107,81,40,20,36.6,100,47.51,1,0,N
Augusto Teixeira,Masculino,1979-09-08,785621301,105.327.864-08,Hipertensão,47,89,81,59,19,35.9,100,61.18,1,0,N
Esther Nascimento,Feminino,1946-07-16,574680135,801.369.425-98,Nenhuma,80,82,94,47,16,35.6,90,5.4,0,1,N
Dom Duarte,Masculino,1953-04-10,170264385,281.930.647-04,Diabetes,73,134,89,118,22,37.3,93,89.0,1,1,N
Ana Júlia Pires,Feminino,1955-10-27,240187532,018.256.943-89,Diabetes,70,82,111,100,16,36.0,100,24.39,1,0,N
Carolina Moraes,Feminino,1960-05-24,671083545,356.740.819-48,Doença Cardiovascular,66,112,113,104,14,36.4,94,67.01,1,0,N
Samuel Costela,Masculino,1941-05-06,418036275,593.047.128-23,Asma,85,128,81,99,10,35.8,96,79.8,1,0,N
Ravy Vieira,Masculino,1954-05-15,457082161,716.493.802-40,Doença Cardiovascular,72,123,40,89,22,35.9,90,54.0,1,1,S
Enzo Moraes,Masculino,1938-05-28,340658174,796.130.254-99,Nenhuma,88,128,98,121,18,36.4,100,33.73,0,1,N
Thomas Freitas,Masculino,1990-03-15,703815623,745.138.296-64,Diabetes,36,124,71,69,19,36.8,89,97.79,1,1,N
Valentim Martins,Masculino,1989-02-01,271460830,962.350.874-38,Doença Cardiovascular,37,145,67,87,23,34.4,90,27.84,1,1,N
Lorenzo Silva,Masculino,1945-03-27,720183455,804.937.256-10,Diabetes,81,100,74,103,15,36.5,100,94.87,1,0,N
Valentina Sales,Feminino,1974-11-17,562084733,038.295.176-02,Asma,51,106,73,51,11,35.9,100,15.62,1,0,N
Sabrina Melo,Feminino,2004-05-30,546130288,608.142.573-80,Asma,22,104,89,162,18,37.6,95,38.92,1,1,N
Maria Liz Porto,Feminino,1938-11-14,826704153,847.605.321-53,Doença Cardiovascular,87,136,56,85,19,38.9,96,13.85,1,0,N
Ana Carolina Costela,Feminino,1962-07-10,346512803,317.895.602-68,Asma,64,138,63,88,16,36.2,100,0.22,1,0,N
Gabriela Machado,Feminino,1937-04-17,143256804,019.425.387-23,Asma,89,129,85,116,25,35.1,98,26.03,1,0,N
Maria Laura Cunha,Feminino,1993-07-24,421603586,301.789.652-86,Diabetes,33,143,89,107,10,36.6,95,8.72,1,0,N
Otávio Garcia,Masculino,1953-02-02,183426058,634.705.918-57,Asma,73,96,89,85,23,36.3,95,98.63,1,0,N
Emanuel Freitas,Masculino,2004-01-16,850721635,279.683.401-87,Diabetes,22,153,68,88,21,38.1,90,76.17,1,1,N
Yan Barros,Masculino,1967-01-14,682103573,154.693.027-25,Hipertensão,59,150,65,47,20,37.8,97,0.37,1,0,N
Antonella da Rocha,Feminino,2006-04-14,451603722,735.426.180-71,Nenhuma,20,134,72,71,10,37.2,96,22.36,0,0,N
Valentim Fogaça,Masculino,1990-01-14,06825734X,482.190.763-13,Asma,36,155,83,97,24,36.0,95,67.01,1,0,N
Ana Cecília Martins,Feminino,1973-08-27,718523404,236.174.058-35,Doença Cardiovascular,53,86,102,96,12,37.0,92,39.86,1,1,N
Maitê Lima,Feminino,1942-10-01,103457288,350.124.867-90,Nenhuma,84,109,49,115,15,36.7,93,83.18,0,0,N
Nina Lopes,Feminino,1990-03-24,864523713,567.980.413-10,Asma,36,105,76,81,17,36.7,99,50.49,1,0,N
Maria Eduarda Monteiro,Feminino,1966-11-17,014678536,572.649.103-34,Nenhuma,59,134,60,50,20,35.3,100,65.37,0,0,N
Júlia Garcia,Feminino,1997-07-17,548236100,413.758.920-88,Doença Cardiovascular,29,98,55,111,21,37.3,95,59.7,1,0,N
Felipe Macedo,Masculino,2004-04-12,345128060,271.398.054-23,Hipertensão,22,135,94,120,22,36.6,95,63.82,1,1,N
João Ramos,Masculino,2004-08-23,708532615,950.734.268-00,Nenhuma,22,147,88,107,22,36.4,93,23.01,0,0,N
Luiz Henrique Barros,Masculino,1999-08-10,315682073,602.589.147-85,Diabetes,27,133,86,80,19,36.0,100,37.33,1,0,N
Sarah Moraes,Feminino,1939-10-14,037854215,254.631.798-91,Doença Cardiovascular,87,125,93,111,20,35.9,97,5.06,1,0,N
Bruno Viana,Masculino,2000-05-05,672508436,489.761.320-50,Asma,26,100,72,170,12,36.8,98,58.76,1,1,N
Ian Brito,Masculino,1962-02-13,580423761,295.046.138-70,Asma,64,103,73,87,14,35.1,98,45.93,1,0,N
Ana Sophia Fonseca,Feminino,1964-10-13,814237654,813.752.906-30,Asma,62,144,112,52,22,37.1,95,76.07,1,0,S
Yago Costa,Masculino,1980-02-01,803145676,157.048.263-26,Diabetes,46,135,76,70,22,35.7,92,20.64,1,1,N
Fernanda Rocha,Feminino,1995-06-21,610425870,046.792.135-07,Asma,31,119,91,100,21,34.9,93,43.68,1,0,N
Isis da Rosa,Feminino,1991-06-04,274560835,104.623.758-62,Asma,35,111,80,44,15,38.0,100,18.07,1,0,N
Kamilly Correia,Feminino,1963-12-10,630815422,493.206.578-74,Nenhuma,62,79,52,89,22,35.8,94,61.4,0,0,N
Yago da Luz,Masculino,1985-09-28,286154079,681.942.573-28,Doença Cardiovascular,41,98,49,94,12,35.9,95,84.8,1,0,N
Letícia da Paz,Feminino,1941-01-17,563712089,452.178.306-62,Hipertensão,85,158,71,123,23,37.4,92,76.54,1,1,N
Maria Luiza Guerra,Feminino,2004-05-21,856307415,509.621.783-30,Doença Cardiovascular,22,94,95,117,16,38.0,92,94.42,1,1,N
Alice Melo,Feminino,1951-04-13,14082537X,087.592.463-83,Doença Cardiovascular,75,123,91,106,26,35.3,93,97.17,1,0,S
Miguel da Conceição,Masculino,2005-04-19,321786543,234.861.507-07,Asma,21,140,93,40,10,35.7,100,77.2,1,0,N
Giovanna Melo,Feminino,1991-10-12,426071530,483.265.910-33,Hipertensão,34,94,65,108,26,35.8,99,28.68,1,0,N
Stella Pastor,Feminino,1954-04-15,203416570,634.752.980-74,Asma,72,123,104,102,16,37.2,94,21.93,1,0,N
Nina Silveira,Feminino,1960-08-07,570482616,023.594.761-06,Hipertensão,66,138,65,91,16,37.8,100,44.75,1,0,N
Luigi Vieira,Masculino,1939-07-17,054127683,782.435.096-74,Doença Cardiovascular,87,120,83,41,18,35.6,96,99.39,1,0,S
Levi Correia,Masculino,1967-02-13,587643109,850.273.194-79,Diabetes,59,177,79,65,14,37.6,100,41.27,1,0,N
Oliver Costela,Masculino,1975-11-30,645138721,341.075.692-25,Hipertensão,50,86,77,55,17,35.9,100,19.91,1,0,N
Milena Novais,Feminino,1967-08-03,721403852,018.763.594-39,Doença Cardiovascular,59,141,100,40,14,36.8,100,94.43,1,0,N
Maria Fernanda Carvalho,Feminino,1943-09-07,28017634X,846.379.510-20,Diabetes,83,116,69,84,14,35.5,97,38.59,1,0,N
Davi Lucas das Neves,Masculino,1981-06-20,380657144,481.627.035-35,Hipertensão,45,135,59,65,20,36.4,99,69.09,1,0,N
Sara Ribeiro,Feminino,1971-03-03,501238463,104.953.862-51,Diabetes,55,128,80,150,13,36.4,97,78.82,1,1,S
Lucca Câmara,Masculino,1991-06-13,128654077,904.613.275-70,Asma,35,105,74,80,14,36.2,89,84.32,1,1,N
Otávio Rodrigues,Masculino,1982-10-07,076142358,469.210.735-99,Hipertensão,44,124,130,117,11,36.8,94,82.13,1,1,N
Zoe da Rosa,Feminino,1946-02-25,04178635X,708.219.543-50,Diabetes,80,82,90,45,15,35.7,93,83.62,1,0,S
Antônio Nunes,Masculino,1951-02-19,854361704,159.843.067-00,Diabetes,75,132,73,71,24,35.8,94,66.77,1,0,N
Davi Miguel Cassiano,Masculino,1974-01-12,130748651,048.326.159-98,Doença Cardiovascular,52,125,64,87,13,36.9,100,40.38,1,0,N
Maria Júlia Garcia,Feminino,1954-12-31,084613750,284.069.731-96,Asma,71,132,51,62,14,37.6,100,66.73,1,0,N
Maria Júlia Azevedo,Feminino,1990-06-21,130742867,905.731.268-95,Doença Cardiovascular,36,141,64,74,18,36.5,98,83.67,1,0,N
Maria Isis Correia,Feminino,1938-09-08,80132547X,541.370.962-52,Doença Cardiovascular,88,127,81,79,16,36.9,100,35.06,1,0,N
Cauê Farias,Masculino,1953-06-01,810753649,096.574.183-48,Nenhuma,73,122,101,79,29,37.1,89,29.65,0,1,N
Milena Porto,Feminino,2001-03-06,461258705,308.279.461-04,Hipertensão,25,102,96,131,17,37.2,99,34.37,1,1,N
Ayla Cavalcante,Feminino,1936-02-08,780621347,817.465.032-62,Hipertensão,90,105,83,94,19,35.7,100,55.13,1,0,N
Yuri Cavalcanti,Masculino,1974-04-10,826170432,038.724.965-65,Asma,52,143,75,96,22,35.9,88,5.24,1,1,N
Rebeca Alves,Feminino,1968-05-28,805416237,129.304.876-31,Nenhuma,58,148,84,98,22,35.9,100,77.9,0,0,N
Fernanda Azevedo,Feminino,1949-11-28,025473189,718.920.435-05,Diabetes,76,115,72,100,19,38.0,91,13.89,1,1,N
João Miguel Costela,Masculino,1957-07-12,578213047,619.407.258-01,Doença Cardiovascular,69,120,105,82,17,36.9,89,13.28,1,1,N
Lavínia Ribeiro,Feminino,1970-07-22,640217588,106.387.429-78,Hipertensão,56,101,77,76,28,36.9,100,19.77,1,0,N
Ana Lívia Marques,Feminino,1984-06-10,703654810,702.954.831-05,Doença Cardiovascular,42,143,78,89,17,36.8,92,57.69,1,1,N
Maria Eduarda Moreira,Feminino,1975-11-30,38064521X,178.963.245-55,Diabetes,50,133,46,113,15,35.4,94,28.56,1,0,N
Eloá Duarte,Feminino,2000-12-26,184257062,810.629.574-58,Diabetes,25,158,77,113,14,38.1,100,36.81,1,0,N
Maria Júlia Castro,Feminino,1945-09-15,735012866,863.042.591-15,Nenhuma,81,102,92,78,10,36.9,95,93.16,0,0,N
Davi Lucca Nascimento,Masculino,1939-02-09,378406528,679.534.820-29,Diabetes,87,112,63,104,22,37.1,96,84.72,1,0,N
Rhavi Souza,Masculino,1952-10-21,730861429,541.039.687-10,Hipertensão,73,124,68,80,10,35.1,96,85.22,1,0,N
Maria Julia Costela,Feminino,1963-01-25,458103627,340.521.678-80,Hipertensão,63,132,91,85,17,37.1,98,57.76,1,0,N
Gustavo das Neves,Masculino,1988-08-01,628735017,968.435.720-65,Asma,38,115,57,73,16,36.2,96,86.65,1,0,N
Renan Castro,Masculino,1939-08-22,643152702,072.493.516-99,Doença Cardiovascular,87,102,95,80,29,35.4,97,77.86,1,0,N
Leonardo Pastor,Masculino,1984-06-08,658140735,376.250.891-77,Nenhuma,42,137,72,118,10,35.7,94,95.32,0,1,N
Theodoro Silva,Masculino,1968-09-14,674501834,038.295.146-89,Asma,58,134,74,87,13,35.5,98,6.44,1,0,N
João Guilherme Costa,Masculino,1986-05-27,204837613,158.376.042-35,Hipertensão,40,101,63,88,17,35.5,98,2.87,1,0,N
Diego Machado,Masculino,1979-12-16,504763210,074.896.132-13,Nenhuma,46,147,85,48,17,36.5,100,17.5,0,0,N
Maria Liz Pereira,Feminino,1939-03-18,453260718,604.198.732-87,Hipertensão,87,143,116,77,15,36.2,95,92.91,1,0,N
Vinicius Farias,Masculino,1962-08-16,481027567,293.451.860-42,Diabetes,64,122,91,78,17,36.8,96,60.56,1,0,N
Rebeca Marques,Feminino,1976-12-12,157623841,357.018.249-50,Nenhuma,49,121,67,64,11,37.8,97,42.61,0,0,N
Ana Cecília Sousa,Feminino,1987-05-25,028634159,271.804.396-22,Doença Cardiovascular,39,131,97,85,19,36.4,100,51.27,1,0,N
João Pedro Ramos,Masculino,1994-05-20,087126539,735.029.861-77,Nenhuma,32,102,75,74,10,34.7,92,82.96,0,1,N
Manuella Sampaio,Feminino,1956-08-08,50386724X,607.539.218-12,Diabetes,70,120,100,86,17,36.3,97,92.91,1,0,N
Maria Júlia Pimenta,Feminino,1949-01-04,483257060,243.957.186-55,Hipertensão,77,76,92,88,14,37.5,86,72.97,1,1,N
Maria Vitória da Cruz,Feminino,1936-11-22,082756314,475.082.396-10,Nenhuma,89,137,40,61,23,36.4,95,75.98,0,0,N
Marina Marques,Feminino,2008-05-28,452837601,053.174.829-41,Diabetes,18,88,64,75,26,37.7,100,32.04,1,0,S
Fernando Sampaio,Masculino,2008-02-25,47216305X,609.158.473-10,Asma,18,150,94,86,16,36.9,94,46.7,1,0,N
Calebe Gonçalves,Masculino,1978-04-18,826734017,105.493.728-14,Asma,48,113,82,114,24,35.0,97,88.52,1,0,N
Isabella Castro,Feminino,1947-10-31,760815240,285.473.169-73,Hipertensão,78,115,64,91,16,36.6,94,78.59,1,0,N
Zoe da Rocha,Feminino,1990-12-12,510467283,196.750.482-20,Diabetes,35,107,70,68,13,36.7,93,68.43,1,0,N
Helena Monteiro,Feminino,1987-04-18,651720436,159.746.803-75,Hipertensão,39,114,51,94,26,37.4,100,6.52,1,0,N
Camila Freitas,Feminino,1981-04-12,584021732,236.794.185-82,Nenhuma,45,148,78,127,20,38.0,92,3.95,0,1,N
Cauã Montenegro,Masculino,1981-06-09,07683251X,052.987.136-02,Hipertensão,45,70,113,107,18,37.2,98,13.04,1,0,N
Nicolas Machado,Masculino,1991-09-16,476351029,671.584.209-49,Doença Cardiovascular,35,145,92,98,21,36.9,98,58.14,1,0,N
Isis Costela,Feminino,1977-07-20,325108675,864.072.395-83,Hipertensão,49,126,112,103,19,37.0,93,53.64,1,0,S
Ana Clara Martins,Feminino,1963-03-08,027638157,917.403.685-84,Diabetes,63,95,93,120,17,36.4,97,94.27,1,1,N
Brayan Porto,Masculino,1992-09-20,483762106,549.780.361-00,Hipertensão,34,98,95,111,11,35.3,93,69.48,1,0,N
Mateus Fernandes,Masculino,1957-05-19,480571624,091.732.854-04,Nenhuma,69,153,109,99,16,36.5,99,29.4,0,0,N
Evelyn Gonçalves,Feminino,1976-02-03,136782541,016.823.459-98,Diabetes,50,101,85,111,21,36.8,91,16.15,1,1,N
Alexia da Cunha,Feminino,1979-11-19,726438509,364.591.287-82,Asma,46,96,77,57,17,35.5,95,84.95,1,0,S
Catarina Duarte,Feminino,1979-07-26,487620318,684.109.723-87,Hipertensão,47,142,95,47,22,37.6,95,45.96,1,0,N
Ryan Martins,Masculino,1989-01-06,658423071,354.602.187-80,Diabetes,37,126,101,88,19,37.3,100,65.35,1,0,N
Antonella Novaes,Feminino,1985-04-04,478031622,942.361.507-43,Hipertensão,41,101,72,86,13,35.4,97,56.51,1,0,N
Maysa Carvalho,Feminino,2007-05-17,768243014,519.807.234-60,Doença Cardiovascular,19,124,69,71,11,37.6,100,10.75,1,0,N
João Lucas Castro,Masculino,1969-01-17,802165370,089.261.735-77,Nenhuma,57,99,82,105,17,36.3,99,5.71,0,0,N
Antony Pereira,Masculino,2000-08-26,170385425,250.936.481-24,Diabetes,26,142,92,40,15,35.9,99,37.7,1,0,N
Emanuelly da Rocha,Feminino,1957-04-26,673850249,617.082.495-67,Doença Cardiovascular,69,141,91,71,19,37.4,95,36.16,1,0,S
Yasmin Sousa,Feminino,1974-10-26,13287605X,617.842.305-53,Diabetes,51,130,58,72,14,36.5,100,67.38,1,0,N
Eloá Barbosa,Feminino,1962-06-22,318645075,712.389.045-05,Asma,64,127,108,44,14,38.0,95,63.22,1,0,N
João Gabriel Cassiano,Masculino,1963-10-13,672405817,839.160.752-68,Nenhuma,63,155,70,122,23,35.8,90,96.89,0,1,N
Maria Alice Cavalcanti,Feminino,2005-03-27,638547106,976.012.483-13,Nenhuma,21,119,76,51,18,35.1,96,85.81,0,0,N
Arthur Gabriel Rocha,Masculino,1953-11-11,486357016,028.634.591-98,Nenhuma,72,96,66,70,14,36.3,98,49.66,0,0,N
Henrique Macedo,Masculino,1959-11-10,056378415,708.914.625-11,Hipertensão,66,128,120,107,18,37.1,90,50.0,1,1,N
Vicente Ramos,Masculino,1943-04-04,012654371,517.894.230-23,Diabetes,83,161,83,101,24,35.8,93,67.41,1,0,S
Mathias Sales,Masculino,1937-04-18,053217482,318.465.920-89,Hipertensão,89,99,67,57,19,35.4,92,11.41,1,1,N
Melina Aragão,Feminino,1972-04-10,742586133,540.216.397-99,Diabetes,54,112,92,102,20,36.7,100,99.99,1,0,S
Alana Aragão,Feminino,1958-05-05,573861043,605.321.478-71,Nenhuma,68,128,91,92,14,35.3,100,51.88,0,0,N
Guilherme da Cruz,Masculino,1980-11-30,420576812,085.946.217-01,Hipertensão,45,118,77,143,23,36.7,96,90.99,1,1,N
Isabella Costa,Feminino,2006-11-28,30581624X,750.631.892-02,Diabetes,19,100,92,95,29,36.2,99,96.74,1,0,N
Allana Leão,Feminino,1949-12-08,283647516,982.617.053-40,Diabetes,76,142,67,81,14,36.9,99,58.16,1,0,N
Alice Fernandes,Feminino,1948-07-11,046137828,865.910.743-84,Doença Cardiovascular,78,166,72,63,12,35.4,100,10.33,1,0,N
Ana Luiza Câmara,Feminino,1949-08-22,687450238,849.107.256-01,Doença Cardiovascular,77,123,49,66,18,37.5,94,57.33,1,0,S
Eloah Silveira,Feminino,1949-03-30,765281430,496.510.287-85,Doença Cardiovascular,77,101,60,64,22,36.4,96,59.76,1,0,N
Augusto Leão,Masculino,1992-09-15,350684716,578.136.092-12,Asma,34,89,107,119,17,37.1,95,78.92,1,1,N
Cauê Duarte,Masculino,1995-07-23,537682016,190.458.627-94,Diabetes,31,125,104,85,12,37.3,97,4.82,1,0,N
Gabriel Pinto,Masculino,1957-03-27,713240568,743.829.150-23,Asma,69,142,80,99,17,35.6,100,46.63,1,0,N
Vitor Hugo Gonçalves,Masculino,1946-01-21,635742019,321.598.074-60,Diabetes,80,129,104,122,20,37.2,97,92.28,1,1,N
Bárbara da Conceição,Feminino,2006-06-28,254180371,673.518.402-53,Nenhuma,20,119,77,40,15,35.4,93,99.13,0,0,N
Cauê Fogaça,Masculino,1965-04-01,153460878,729.354.681-55,Nenhuma,61,108,76,116,21,35.4,92,19.14,0,1,N
Emanuella Albuquerque,Feminino,1976-08-11,308574266,573.128.069-02,Hipertensão,50,98,80,86,23,38.1,100,87.06,1,0,N
Luara Albuquerque,Feminino,2004-03-08,386520744,059.187.423-79,Doença Cardiovascular,22,136,78,95,19,37.4,93,14.63,1,0,N
Heitor Marques,Masculino,1965-07-07,741635823,509.471.328-05,Hipertensão,61,138,76,64,17,38.2,99,84.12,1,0,N
Ana Luiza Ribeiro,Feminino,1986-10-27,107532463,517.608.234-90,Hipertensão,39,89,97,66,22,36.2,94,27.73,1,0,N
Maria Eduarda Aparecida,Feminino,2008-01-06,12473506X,526.387.149-09,Hipertensão,18,151,82,97,13,36.6,91,95.96,1,1,S
Helena Jesus,Feminino,1970-04-09,184763204,328.146.907-87,Doença Cardiovascular,56,131,90,144,13,36.9,99,69.55,1,1,N
Sara Caldeira,Feminino,1964-10-18,462870352,302.591.487-41,Diabetes,61,147,95,110,16,36.5,94,39.91,1,0,N
Eloá da Cunha,Feminino,1944-05-02,036148520,498.056.712-67,Diabetes,82,93,85,116,15,35.9,98,28.1,1,0,N
Luan Pires,Masculino,1991-07-02,68542103X,348.291.750-79,Nenhuma,35,92,65,80,13,35.8,98,23.52,0,0,N
Davi Luiz Farias,Masculino,2006-09-22,385724019,817.936.205-12,Nenhuma,20,117,59,69,27,36.7,99,68.08,0,0,N
Luiza Rios,Feminino,1937-12-20,637581428,478.150.236-90,Nenhuma,88,130,82,65,28,35.6,95,89.58,0,0,N
Bernardo Farias,Masculino,1968-01-04,038517462,437.819.562-37,Hipertensão,58,155,77,72,16,35.6,99,75.49,1,0,N
Melissa Garcia,Feminino,1990-06-10,174803655,948.713.265-19,Asma,36,134,81,40,18,36.8,93,83.48,1,0,S
Igor Montenegro,Masculino,1958-05-03,052173483,597.384.206-10,Nenhuma,68,115,79,66,17,36.4,87,78.14,0,1,N
Alice da Conceição,Feminino,2004-08-01,485671232,097.863.154-48,Doença Cardiovascular,22,99,118,70,23,37.2,99,97.91,1,0,N
Camila das Neves,Feminino,1988-08-16,264537804,916.480.523-98,Hipertensão,38,144,60,80,24,36.2,97,75.78,1,0,N
Mariane Sá,Feminino,1973-09-14,846701236,469.723.851-64,Hipertensão,53,100,50,88,10,36.0,94,21.02,1,0,N
Bruno Araújo,Masculino,1951-10-31,72435816X,690.157.384-75,Doença Cardiovascular,74,152,84,94,20,36.8,91,79.16,1,1,N
Marcelo Monteiro,Masculino,1984-08-30,102734653,451.780.392-97,Hipertensão,42,114,74,84,11,35.9,88,32.21,1,1,N
Guilherme Cassiano,Masculino,1979-09-20,682170458,734.592.861-64,Doença Cardiovascular,47,151,84,70,26,36.0,97,99.58,1,0,N
Gustavo Ramos,Masculino,1962-02-26,730546822,941.682.507-76,Hipertensão,64,133,88,40,20,36.0,100,37.67,1,0,S
Isabela Silveira,Feminino,1953-07-20,402753860,549.130.267-80,Hipertensão,73,117,99,70,13,36.3,96,29.28,1,0,S
Melina Sousa,Feminino,2005-02-05,241563082,491.283.670-22,Doença Cardiovascular,21,109,57,60,16,37.9,95,23.92,1,0,N
Catarina da Mota,Feminino,1945-11-08,653402818,502.164.789-01,Diabetes,80,113,71,96,16,35.4,96,65.85,1,0,N
Ana Cecília Moreira,Feminino,2001-03-25,352071849,876.405.321-08,Nenhuma,25,128,86,107,20,37.5,100,10.92,0,0,N
Laura Sá,Feminino,1991-01-02,180624738,501.248.379-05,Hipertensão,35,121,91,108,23,37.1,100,95.36,1,0,S
Heloísa Siqueira,Feminino,1996-10-08,730186246,574.809.231-04,Nenhuma,29,108,112,103,12,37.8,93,29.43,0,0,N
Manuela da Cruz,Feminino,2007-05-09,172480565,908.651.347-66,Asma,19,116,94,81,27,39.0,97,29.54,1,0,N
Vitor Hugo Aragão,Masculino,1996-03-10,608317524,240.581.976-76,Doença Cardiovascular,30,121,79,71,26,37.6,98,4.61,1,0,N
Hellena Pereira,Feminino,2001-03-30,738156206,479.321.850-41,Asma,25,77,66,66,13,37.2,92,24.6,1,1,S
Vicente Duarte,Masculino,2005-10-28,107528368,591.237.680-02,Hipertensão,20,129,71,47,18,35.5,100,41.9,1,0,N
Pedro Miguel Pires,Masculino,2000-07-07,126870354,725.691.043-61,Asma,26,100,71,109,26,35.6,93,36.96,1,0,N
Ana Luiza Mendonça,Feminino,1944-05-05,134726583,016.928.374-78,Doença Cardiovascular,82,96,89,80,24,36.8,90,27.3,1,1,N
Evelyn Aragão,Feminino,1946-02-21,601527835,572.468.391-19,Diabetes,80,86,83,53,16,35.1,97,4.07,1,0,N
Gustavo Cardoso,Masculino,1986-06-28,506237485,857.302.941-23,Doença Cardiovascular,40,84,60,64,22,37.0,96,30.06,1,0,N
Erick Pastor,Masculino,1980-04-10,042856371,759.281.460-94,Asma,46,92,73,63,32,34.8,96,77.83,1,0,N
Gabrielly da Costa,Feminino,1960-08-29,184263050,891.420.573-88,Nenhuma,66,105,93,86,18,37.4,93,43.88,0,0,N
Anna Liz Lima,Feminino,1975-11-03,764123580,652.409.138-89,Hipertensão,50,159,85,111,14,36.2,94,29.08,1,0,N
Leonardo Cavalcante,Masculino,1997-09-19,608254174,583.079.126-95,Diabetes,29,109,88,76,18,36.6,100,30.48,1,0,N
Joaquim Lima,Masculino,1946-06-29,572061833,542.301.789-05,Hipertensão,80,123,85,40,19,35.9,98,55.44,1,0,N
Isadora da Rosa,Feminino,1978-11-07,648032711,197.584.236-73,Diabetes,47,128,104,80,15,35.0,93,30.23,1,0,N
Melissa Porto,Feminino,1961-12-05,172608351,274.153.986-37,Nenhuma,64,122,83,81,20,37.5,89,63.08,0,1,S
João Gabriel Viana,Masculino,1985-02-17,182450739,079.812.564-02,Nenhuma,41,118,74,79,11,37.6,93,98.95,0,0,N
Anna Liz Fonseca,Feminino,1967-06-09,507432186,590.267.814-58,Doença Cardiovascular,59,96,66,69,14,36.2,97,4.12,1,0,N
Marcos Vinicius Cavalcante,Masculino,1955-03-01,023645180,062.948.157-11,Diabetes,71,149,83,90,21,37.0,94,16.87,1,0,N
Maysa Lima,Feminino,1992-12-11,485206171,104.892.376-22,Nenhuma,33,156,43,86,10,36.2,94,17.91,0,0,N
Marina Teixeira,Feminino,1963-08-30,425360787,460.158.273-35,Nenhuma,63,86,77,84,22,36.7,94,44.71,0,0,N
Rafaela Almeida,Feminino,1963-05-11,507261380,018.465.279-02,Nenhuma,63,99,76,95,10,37.1,96,4.14,0,0,N
Mariane Barros,Feminino,1965-06-13,264873014,617.849.302-96,Diabetes,61,114,59,74,10,36.9,100,47.75,1,0,N
Vitor Gabriel Cassiano,Masculino,1941-01-21,240376158,612.748.395-64,Diabetes,85,100,66,72,15,37.6,96,92.89,1,0,N
Emanuella da Cunha,Feminino,1996-04-11,073548169,604.813.927-69,Asma,30,130,92,119,19,36.9,97,1.16,1,0,N
Ravi das Neves,Masculino,1936-10-31,064821377,019.742.568-20,Hipertensão,89,105,83,98,24,36.5,96,36.49,1,0,N
Larissa Garcia,Feminino,1970-12-04,72514368X,408.561.237-90,Asma,55,163,81,105,18,35.9,95,76.09,1,0,N
Rodrigo Barbosa,Masculino,1966-11-02,102673482,893.256.714-09,Hipertensão,59,143,84,115,16,36.1,100,15.45,1,0,N
Davi Luiz Silva,Masculino,1984-10-19,086357414,947.856.320-38,Asma,41,124,81,98,20,37.1,99,7.76,1,0,N
Gael Henrique Cassiano,Masculino,1985-10-18,518640371,618.350.927-21,Doença Cardiovascular,40,140,98,108,13,35.3,100,63.08,1,0,N
Alana Albuquerque,Feminino,1946-05-19,741825636,698.571.432-37,Doença Cardiovascular,80,142,81,45,18,37.4,99,1.0,1,0,N
Marcelo Mendonça,Masculino,1949-08-19,614538701,312.496.580-98,Doença Cardiovascular,77,108,58,90,12,36.3,95,80.18,1,0,N
Oliver Gonçalves,Masculino,1974-04-29,683105425,459.720.316-80,Doença Cardiovascular,52,103,104,80,18,35.8,93,6.69,1,0,N
Matheus Mendonça,Masculino,1977-06-18,412705837,635.827.410-44,Hipertensão,49,121,85,126,17,35.6,100,52.44,1,1,N
Ana Sophia Jesus,Feminino,2007-04-27,27158340X,405.283.176-44,Diabetes,19,137,71,108,13,37.0,93,74.01,1,0,N
Camila Gomes,Feminino,1990-07-11,367820456,421.568.309-24,Diabetes,36,122,61,69,18,36.5,100,24.2,1,0,N
Elisa Correia,Feminino,1954-02-18,208456132,803.179.265-86,Nenhuma,72,88,85,94,18,37.8,93,10.35,0,0,N
José Miguel Vargas,Masculino,1949-10-05,607152485,402.378.169-03,Diabetes,77,103,78,89,23,35.5,98,17.56,1,0,N
Thomas Santos,Masculino,1955-03-28,037854616,205.461.897-76,Diabetes,71,118,103,96,10,36.0,92,85.47,1,1,N
Maria Eduarda Sampaio,Feminino,1975-04-09,706831251,904.513.782-88,Hipertensão,51,118,74,59,17,36.4,100,70.58,1,0,N
Matheus Lima,Masculino,1953-04-22,637012483,679.124.508-58,Hipertensão,73,159,67,94,14,35.9,92,19.81,1,1,N
Joaquim Mendes,Masculino,1993-11-15,150374689,250.187.649-02,Diabetes,32,92,93,79,22,36.5,98,71.61,1,0,N
Maria Cecília Pires,Feminino,1958-06-05,624375808,327.549.816-91,Asma,68,130,93,92,21,36.8,96,70.86,1,0,N
Ana Sampaio,Feminino,1972-11-25,601283545,521.903.486-33,Doença Cardiovascular,53,149,82,66,20,36.9,97,99.77,1,0,N
José Pedro Pereira,Masculino,1981-06-11,326041588,021.698.745-85,Diabetes,45,165,90,70,14,37.7,95,39.16,1,0,N
Diogo da Cunha,Masculino,1938-09-14,450863219,306.258.914-06,Asma,88,111,79,114,22,35.5,95,86.49,1,0,N
Elisa Albuquerque,Feminino,1937-11-22,074315821,214.786.053-08,Nenhuma,88,129,83,58,10,36.8,97,44.64,0,0,N
Caleb Ramos,Masculino,2005-10-07,416058723,401.835.796-66,Nenhuma,20,131,97,60,10,36.0,92,89.78,0,1,N
Miguel Santos,Masculino,1970-09-01,547216087,210.469.873-13,Asma,56,123,89,83,11,36.8,92,9.16,1,1,N
Bruno Moreira,Masculino,1952-01-28,460123750,084.176.935-48,Nenhuma,74,118,77,65,17,36.8,95,17.53,0,0,N
Otávio Cavalcante,Masculino,1936-03-20,062413582,341.560.987-10,Doença Cardiovascular,90,128,100,62,21,35.7,95,85.0,1,0,N
José Sales,Masculino,1997-12-15,483702651,423.107.865-35,Asma,28,70,44,87,10,35.8,92,81.93,1,1,N
Theodoro Nascimento,Masculino,1967-06-11,043816253,369.805.271-77,Asma,59,133,110,47,24,36.9,100,30.54,1,0,N
Lorena Siqueira,Feminino,1964-04-05,273850647,958.240.367-56,Diabetes,62,122,54,59,18,36.5,95,59.68,1,0,N
Aurora Caldeira,Feminino,2000-05-13,057862138,895.237.140-23,Hipertensão,26,115,70,136,10,36.3,96,38.27,1,1,N
Manuella Casa Grande,Feminino,1940-04-24,471850263,625.103.874-80,Asma,86,160,79,96,18,37.0,91,1.03,1,1,N
Gustavo Henrique Souza,Masculino,1939-10-08,278031651,379.410.258-41,Doença Cardiovascular,87,106,77,66,23,37.1,100,2.61,1,0,N
Lorena Abreu,Feminino,1996-08-09,856031422,412.963.075-06,Doença Cardiovascular,30,111,95,95,20,36.1,100,5.43,1,0,N
Samuel Abreu,Masculino,1991-06-18,320715644,790.625.138-59,Nenhuma,35,159,64,99,23,35.8,93,59.41,0,0,N
Ana Lívia Vasconcelos,Feminino,1972-07-11,507128345,170.935.482-88,Hipertensão,54,103,83,109,11,35.5,100,27.92,1,0,N
Valentina Leão,Feminino,1941-03-22,186345276,789.514.320-41,Hipertensão,85,108,71,81,15,36.5,96,14.39,1,0,S
Marina Cavalcante,Feminino,1984-07-12,058146271,650.781.923-95,Diabetes,42,117,84,109,13,35.4,100,94.11,1,0,N
Marcelo Cirino,Masculino,1995-03-10,102576439,354.781.960-10,Diabetes,31,136,79,40,26,36.6,98,12.13,1,0,N
Gael Henrique Mendonça,Masculino,1960-03-09,083275617,536.804.192-60,Asma,66,124,81,58,21,37.5,97,67.4,1,0,N
Sarah Camargo,Feminino,2006-07-08,153478020,953.016.287-12,Hipertensão,20,94,71,89,32,36.2,87,89.42,1,1,N
Heitor Cirino,Masculino,1998-02-13,765413280,293.641.057-61,Nenhuma,28,109,72,93,15,36.1,93,16.38,0,0,N
Bento Souza,Masculino,1939-03-29,734861023,051.482.967-20,Nenhuma,87,107,84,62,14,38.1,97,21.47,0,0,N
Evelyn da Luz,Feminino,1940-07-29,526140835,972.140.583-32,Diabetes,86,118,94,91,17,37.7,97,57.38,1,0,N
Pedro Lucas Pires,Masculino,1974-04-10,561308421,897.045.263-00,Diabetes,52,128,71,69,24,35.9,92,50.84,1,1,N
Bianca Porto,Feminino,1980-06-04,41736250X,031.957.462-80,Nenhuma,46,128,66,78,16,36.6,94,52.1,0,0,N
Anna Liz da Rocha,Feminino,1956-02-16,254061382,609.815.342-60,Nenhuma,70,84,89,110,18,36.8,99,55.47,0,0,N
Marcos Vinicius Campos,Masculino,1957-02-18,437216809,126.403.985-98,Asma,69,141,79,107,18,36.7,91,94.99,1,1,N
Ana Luiza Fernandes,Feminino,1980-01-08,145276831,734.628.950-10,Diabetes,46,125,92,60,18,38.0,97,5.38,1,0,N
Isaac Mendes,Masculino,1998-05-14,812046572,910.867.534-10,Doença Cardiovascular,28,147,66,58,14,36.6,100,76.04,1,0,N
Carlos Eduardo Albuquerque,Masculino,1959-03-16,638507212,496.073.521-06,Asma,67,128,53,74,17,36.7,98,23.25,1,0,N
João Felipe Sá,Masculino,1968-10-27,631508429,923.841.075-50,Doença Cardiovascular,57,142,72,84,17,37.1,98,37.37,1,0,N
Asafe Brito,Masculino,1992-03-21,426158702,304.675.928-29,Nenhuma,34,129,68,68,17,37.5,88,8.93,0,1,S
Vicente Vieira,Masculino,1998-09-26,160827437,590.728.164-20,Diabetes,28,146,78,111,22,37.2,93,44.56,1,0,S
Marcos Vinicius Pereira,Masculino,1973-11-01,702856411,196.302.574-16,Doença Cardiovascular,52,130,70,93,26,36.9,100,80.42,1,0,N
Juliana Mendonça,Feminino,1999-05-22,684230173,075.126.834-80,Hipertensão,27,118,91,95,13,35.3,94,9.87,1,0,N
Maitê Pereira,Feminino,2005-01-19,605132847,236.951.847-28,Nenhuma,21,165,75,53,16,36.1,100,27.56,0,0,N
Lucca Freitas,Masculino,1982-08-13,637402510,841.759.632-19,Doença Cardiovascular,44,137,82,114,13,37.2,94,37.31,1,0,N
Luara da Costa,Feminino,1981-07-06,306451724,241.986.307-04,Diabetes,45,131,82,40,18,36.7,95,10.39,1,0,N
Maria Liz Garcia,Feminino,1939-06-01,078641329,658.273.190-40,Asma,87,94,82,105,15,37.2,99,76.23,1,0,N
Ana Laura Fogaça,Feminino,1962-08-19,705632817,016.983.547-20,Diabetes,64,94,79,108,19,38.0,97,78.69,1,0,N
Carlos Eduardo Abreu,Masculino,1982-04-13,210453679,621.089.347-31,Nenhuma,44,125,87,74,23,35.6,98,83.59,0,0,N
Maria Liz Silveira,Feminino,1955-06-18,72450381X,823.107.546-17,Doença Cardiovascular,71,122,68,116,10,37.4,93,58.39,1,1,N
Amanda Pereira,Feminino,2001-02-17,08364751X,675.108.294-02,Diabetes,25,107,100,83,20,36.2,92,50.72,1,1,N
Vitória da Mota,Feminino,1967-11-29,045126732,597.806.243-92,Hipertensão,58,122,76,86,15,37.2,93,26.26,1,0,N
Maria Eduarda Machado,Feminino,1979-06-17,654037218,276.354.098-83,Nenhuma,47,151,60,93,20,36.5,94,65.52,0,0,N
Renan Moraes,Masculino,1964-04-07,285703614,490.218.573-32,Hipertensão,62,133,82,164,13,38.2,96,44.46,1,1,N
Esther Abreu,Feminino,1939-12-28,038645270,208.495.731-14,Doença Cardiovascular,86,97,67,118,23,36.6,100,97.08,1,1,S
Antony Porto,Masculino,2004-07-30,408625132,276.389.150-03,Nenhuma,22,117,89,102,22,36.0,97,96.82,0,0,N
Augusto Sousa,Masculino,2000-05-19,806241731,391.762.804-03,Nenhuma,26,103,113,62,20,36.8,98,90.52,0,0,N
Melina da Conceição,Feminino,1988-09-28,654371805,274.059.681-20,Doença Cardiovascular,38,112,68,88,21,36.8,97,36.01,1,0,S
Ryan Guerra,Masculino,1991-06-10,217045686,516.984.370-48,Hipertensão,35,111,84,64,14,37.4,92,36.8,1,1,N
Luiz Fernando Lima,Masculino,1965-10-17,640273518,916.053.842-24,Hipertensão,60,110,53,105,14,36.9,97,85.27,1,0,N
Carlos Eduardo Siqueira,Masculino,1945-03-27,304867251,174.328.650-35,Asma,81,94,86,88,21,38.5,97,72.91,1,0,N
Laís Pereira,Feminino,1945-10-04,725813064,075.861.942-11,Nenhuma,81,117,66,56,14,36.4,100,70.44,0,0,S
Cecília Moreira,Feminino,1937-02-28,670285134,704.653.298-29,Nenhuma,89,108,70,87,25,36.4,92,27.96,0,1,N
Thiago Andrade,Masculino,1994-01-17,817536206,715.806.349-66,Doença Cardiovascular,32,70,63,63,16,36.0,88,83.33,1,1,N
Theo Vieira,Masculino,1990-03-11,420375612,174.680.392-40,Diabetes,36,161,90,88,20,36.6,97,57.94,1,0,N
Kevin Rocha,Masculino,1971-09-01,745218039,312.054.896-06,Diabetes,55,141,95,63,28,36.7,98,44.69,1,0,N
Ravi Lucca Cavalcante,Masculino,1981-05-25,823107656,567.123.904-43,Nenhuma,45,112,80,85,14,36.7,96,86.54,0,0,N
Bruna Mendes,Feminino,1970-05-10,681042576,784.503.219-05,Diabetes,56,120,67,103,18,36.6,97,39.42,1,0,N
Joaquim Cunha,Masculino,1963-10-23,845320610,601.239.487-03,Asma,62,96,103,83,23,36.0,100,65.39,1,0,N
Aurora Caldeira,Feminino,1939-03-23,782351049,761.529.403-70,Diabetes,87,153,68,75,22,35.8,95,46.59,1,0,N
Arthur Castro,Masculino,1947-06-30,856321746,289.043.567-92,Doença Cardiovascular,79,157,47,90,16,36.2,95,59.27,1,0,N
Maria Isis Vargas,Feminino,1986-10-16,427683154,359.621.408-42,Diabetes,39,123,86,102,15,37.4,97,4.05,1,0,N
Hellena Silveira,Feminino,1979-09-04,284603570,286.437.509-56,Diabetes,47,140,63,57,16,37.6,92,46.11,1,1,N
Renan Rios,Masculino,1991-11-21,674203586,586.049.123-98,Diabetes,34,123,94,91,25,36.4,96,55.65,1,0,N
Davi Luiz Nascimento,Masculino,1954-12-25,15620874X,758.469.132-37,Hipertensão,71,93,74,117,16,35.7,96,49.27,1,1,N
Caleb Vieira,Masculino,1964-09-29,734861023,320.674.895-00,Nenhuma,62,111,89,99,18,36.4,100,84.74,0,0,N
Heloisa Oliveira,Feminino,1973-12-29,361724585,945.037.628-00,Nenhuma,52,122,101,86,15,38.2,95,31.11,0,0,N
Ana Luiza Ramos,Feminino,1974-09-10,26305178X,715.624.938-09,Asma,52,110,61,100,21,37.3,97,88.41,1,0,N
Marcos Vinicius Silva,Masculino,1940-08-23,572840615,053.871.469-75,Doença Cardiovascular,86,115,71,96,18,36.9,100,40.35,1,0,N
Maria Helena Rezende,Feminino,1949-12-30,375021863,762.831.540-26,Doença Cardiovascular,76,118,78,103,12,37.3,93,69.45,1,0,N
Maya da Conceição,Feminino,1950-07-15,735208463,685.432.710-53,Nenhuma,76,118,103,40,13,37.7,100,8.67,0,0,N
José Pedro Camargo,Masculino,1952-09-08,126357808,157.924.863-28,Nenhuma,74,121,70,46,10,35.6,100,20.02,0,0,N
Aurora Camargo,Feminino,2004-02-29,612405382,546.218.370-44,Doença Cardiovascular,22,98,71,110,13,36.2,96,76.12,1,0,S
Luigi Sousa,Masculino,2005-05-26,163245873,079.682.314-69,Hipertensão,21,105,87,47,21,36.1,94,1.23,1,0,N
Esther Souza,Feminino,1958-09-05,430657213,052.183.946-70,Hipertensão,68,94,71,95,24,37.0,100,96.85,1,0,N
Léo Cardoso,Masculino,1987-12-07,62583740X,713.028.645-80,Diabetes,38,139,82,76,21,36.6,100,19.06,1,0,N
Mateus Oliveira,Masculino,1948-03-30,051762341,018.539.674-75,Doença Cardiovascular,78,77,56,60,20,37.1,97,90.13,1,0,N
Leonardo Araújo,Masculino,1960-11-28,308157424,541.960.728-01,Diabetes,65,143,113,93,17,36.1,100,51.59,1,0,N
Vitor Gabriel Correia,Masculino,2005-11-24,564083719,140.872.635-17,Nenhuma,20,147,59,90,21,37.6,100,56.46,0,0,N
Mariana Dias,Feminino,1943-09-05,186307251,673.415.809-84,Asma,83,113,75,137,19,36.4,95,8.41,1,0,S
Davi Lucas Moreira,Masculino,1975-07-04,027853147,983.271.456-73,Hipertensão,51,70,79,69,27,37.1,97,36.52,1,0,N
Cauê Gonçalves,Masculino,1941-07-09,273815647,036.941.528-06,Diabetes,85,112,108,121,17,37.5,99,15.62,1,0,N
Vitor Gabriel Marques,Masculino,1936-07-08,651320872,529.364.710-52,Nenhuma,90,118,60,93,24,37.4,97,52.59,0,0,N
Diogo da Rocha,Masculino,1997-10-05,473520618,643.789.521-73,Asma,29,99,109,68,22,36.8,91,55.07,1,1,N
Theo Rodrigues,Masculino,2001-05-18,024765818,254.103.897-60,Asma,25,109,91,104,21,37.2,93,70.97,1,0,N
Diogo Peixoto,Masculino,1947-09-26,584763104,684.572.193-91,Doença Cardiovascular,79,150,86,99,10,37.9,91,87.83,1,1,N
Diogo Souza,Masculino,1943-03-01,045827631,348.527.019-97,Asma,83,133,65,85,22,36.9,98,46.82,1,0,N
Ana Beatriz Peixoto,Feminino,1979-10-04,306782455,754.960.231-06,Hipertensão,47,101,88,91,17,35.9,92,23.34,1,1,N
Luana Montenegro,Feminino,1935-10-11,035147623,194.065.728-85,Hipertensão,91,88,69,70,15,37.0,97,33.36,1,0,N
João Guilherme Santos,Masculino,1943-12-18,481652735,260.948.375-92,Doença Cardiovascular,82,113,98,64,10,36.5,100,84.71,1,0,N
Pietra Pires,Feminino,1990-07-09,863520145,732.685.491-28,Nenhuma,36,115,65,103,17,34.6,100,14.59,0,0,N
Thales da Rocha,Masculino,1953-02-11,728536419,981.547.320-41,Hipertensão,73,129,78,79,18,36.9,89,62.73,1,1,N
Bento Farias,Masculino,1973-03-19,235804162,347.510.629-99,Diabetes,53,109,71,82,11,36.6,91,1.31,1,1,N
Giovanna Siqueira,Feminino,1984-08-17,107453289,470.328.561-44,Nenhuma,42,130,65,91,10,37.4,93,24.57,0,0,N
Benjamim Vasconcelos,Masculino,1945-05-28,42861503X,674.091.382-03,Doença Cardiovascular,81,158,91,91,20,35.9,92,59.14,1,1,N
Ryan Siqueira,Masculino,1971-12-07,420185379,160.397.245-52,Diabetes,54,136,88,49,22,35.3,90,45.64,1,1,N
Kaique Ribeiro,Masculino,1977-08-09,854301768,782.695.341-37,Diabetes,49,119,98,117,18,36.6,96,49.35,1,1,N
Alícia Novaes,Feminino,1960-12-04,057238169,128.670.953-95,Nenhuma,65,116,53,88,23,36.8,99,66.06,0,0,N
Lucca Lima,Masculino,1944-08-05,345286078,274.039.561-25,Hipertensão,82,112,95,79,17,36.6,100,23.46,1,0,S
Marcela Sá,Feminino,1951-09-04,341250764,048.793.516-01,Hipertensão,75,143,117,95,17,36.5,95,28.08,1,0,S
Matteo Barbosa,Masculino,1941-03-03,083517261,027.584.361-08,Hipertensão,85,107,73,90,13,35.6,95,68.45,1,0,N
Larissa da Paz,Feminino,1984-07-01,541238607,320.875.461-26,Hipertensão,42,120,108,104,10,36.4,98,53.83,1,0,S
Yan Gonçalves,Masculino,1957-05-27,735601240,365.490.712-16,Hipertensão,69,121,76,98,27,36.2,96,1.46,1,0,N
Davi Lucca Duarte,Masculino,1955-01-22,186073458,542.169.308-24,Hipertensão,71,109,59,102,23,37.4,100,67.03,1,0,N
Benjamim Santos,Masculino,1939-05-02,182653407,943.627.158-19,Nenhuma,87,92,75,118,11,36.8,98,62.01,0,1,N
Natália Rezende,Feminino,2005-11-30,78036241X,932.071.584-04,Hipertensão,20,126,95,107,18,36.3,95,7.86,1,0,N
Davi Miguel Macedo,Masculino,1998-11-09,057683414,170.462.538-62,Doença Cardiovascular,27,118,67,80,17,37.9,89,74.75,1,1,N
João Vitor Casa Grande,Masculino,1959-04-29,328617507,892.374.051-97,Asma,67,130,70,56,16,36.3,100,52.21,1,0,N
Helena Souza,Feminino,1946-01-09,268310452,125.839.640-89,Hipertensão,80,109,88,126,15,36.9,94,20.47,1,0,N
Anthony Fonseca,Masculino,1964-08-14,470381528,309.264.581-24,Doença Cardiovascular,62,144,80,79,19,36.4,98,55.94,1,0,N
Diogo Garcia,Masculino,1972-12-28,75186304X,304.159.762-43,Asma,53,102,88,73,22,37.8,89,59.55,1,1,N
Enzo Gabriel Araújo,Masculino,2006-10-12,142650730,705.293.861-86,Nenhuma,19,154,83,41,20,36.6,96,92.01,0,0,N
Luiz Henrique Melo,Masculino,1942-08-23,853741207,130.842.657-71,Asma,84,85,87,93,17,36.6,97,74.21,1,0,N
Benjamim Campos,Masculino,1955-11-06,625408172,713.054.698-01,Nenhuma,70,128,73,88,17,36.4,97,30.19,0,0,N
Lucca Pastor,Masculino,2008-05-16,154762088,852.391.740-32,Hipertensão,18,129,83,47,22,36.7,100,11.81,1,0,N
Dom Pires,Masculino,1953-01-03,476830126,653.280.741-90,Doença Cardiovascular,73,104,66,96,20,37.5,94,85.32,1,0,N
Isabelly Andrade,Feminino,1950-09-13,381076520,192.806.543-06,Asma,76,128,99,72,18,37.2,100,84.61,1,0,S
Isaque Gonçalves,Masculino,1954-01-01,472305682,361.784.092-22,Diabetes,72,145,70,152,17,36.5,99,17.53,1,0,N
Kevin Sales,Masculino,1943-02-28,762501480,154.073.289-41,Doença Cardiovascular,83,75,96,70,19,37.9,94,6.21,1,0,N
Erick Rezende,Masculino,1970-01-30,081345628,038.275.916-86,Asma,56,130,76,74,15,37.2,100,71.19,1,0,N
Caio Vasconcelos,Masculino,1943-08-25,870625433,736.520.948-83,Nenhuma,83,70,83,63,22,36.1,96,72.26,0,0,N
Maria Helena da Mota,Feminino,1946-02-03,534807628,265.310.987-59,Diabetes,80,100,72,116,12,35.4,100,17.71,1,0,N
Melina Freitas,Feminino,1969-07-22,051376842,610.845.973-57,Asma,57,152,64,75,15,36.2,100,66.82,1,0,N
Bárbara Camargo,Feminino,1993-06-25,278531040,378.610.429-87,Asma,33,108,53,66,21,36.8,97,27.89,1,0,N
Camila Mendonça,Feminino,1984-06-15,872104655,185.073.246-90,Nenhuma,42,96,64,102,12,37.0,95,26.06,0,0,N
Sophia Câmara,Feminino,1948-03-05,246173087,072.598.346-92,Nenhuma,78,116,75,50,10,37.6,100,32.45,0,0,N
Pietra da Mota,Feminino,1949-05-14,753410825,820.697.154-85,Doença Cardiovascular,77,161,83,100,18,35.6,100,52.04,1,0,N
Fernando Gomes,Masculino,1936-10-06,48607321X,506.749.182-58,Diabetes,90,83,95,129,10,36.1,93,80.45,1,1,N
Maya da Rosa,Feminino,1947-07-13,561827436,495.763.802-00,Diabetes,79,98,73,99,11,35.6,95,49.86,1,0,N
Carolina Brito,Feminino,1942-06-24,026358177,467.802.531-62,Doença Cardiovascular,84,149,66,100,21,35.4,99,29.8,1,0,N
Ana Luiza Silva,Feminino,1971-08-18,364208715,168.425.970-30,Diabetes,55,157,58,106,16,36.0,96,88.4,1,0,S
Ester Guerra,Feminino,1995-08-26,127054364,189.650.732-86,Asma,31,117,87,127,24,36.8,93,5.51,1,0,N
Maria Júlia Novais,Feminino,1974-11-21,863107540,480.395.716-93,Diabetes,51,95,100,115,11,37.1,99,79.71,1,0,N
Vinícius Mendonça,Masculino,1949-01-21,48652310X,793.045.126-70,Doença Cardiovascular,77,161,98,95,17,35.7,99,78.44,1,0,N
Valentim Pacheco,Masculino,1981-08-10,685370410,298.056.143-60,Hipertensão,45,151,90,107,19,35.9,95,25.35,1,0,N
Camila Sá,Feminino,1954-10-20,041287356,234.579.018-05,Diabetes,71,133,89,62,12,35.1,97,19.83,1,0,S
Dante Cirino,Masculino,2003-09-05,652378146,932.617.805-68,Asma,23,103,105,104,23,36.7,94,87.47,1,0,N
Emilly Abreu,Feminino,1966-05-24,682531704,715.032.648-07,Hipertensão,60,119,84,59,20,35.9,92,55.89,1,1,S
Melissa Dias,Feminino,1977-07-15,782056416,732.018.654-35,Hipertensão,49,116,89,75,10,37.8,95,4.6,1,0,N
Asafe Cardoso,Masculino,1960-07-28,854016727,487.013.259-14,Nenhuma,66,126,75,40,17,36.8,97,89.08,0,0,N
Gustavo Rezende,Masculino,1996-04-25,467510829,769.351.024-99,Doença Cardiovascular,30,149,59,95,19,36.4,91,34.9,1,1,S
Caio Novais,Masculino,1993-01-02,067832519,139.547.602-07,Hipertensão,33,137,69,68,15,36.0,95,34.22,1,0,N
Ana Beatriz Barros,Feminino,1985-11-17,302165472,347.658.092-00,Doença Cardiovascular,40,98,79,112,10,35.3,97,64.33,1,0,N
Sofia da Rosa,Feminino,1967-09-17,715384065,506.382.741-17,Diabetes,59,147,80,94,19,35.4,100,66.13,1,0,N
Ísis Cavalcante,Feminino,1991-01-26,156037488,365.947.082-10,Nenhuma,35,126,108,113,29,36.0,95,35.33,0,0,N
Agatha da Cruz,Feminino,1999-01-02,613407829,973.241.056-61,Nenhuma,27,133,81,57,16,35.9,92,14.33,0,1,N
Augusto Moreira,Masculino,1952-08-26,054827310,057.163.492-34,Doença Cardiovascular,74,149,97,110,25,35.7,96,55.23,1,0,N
Yasmin Macedo,Feminino,1995-10-16,784310269,562.974.308-29,Asma,30,97,73,137,14,36.8,94,62.52,1,1,N
Samuel Sales,Masculino,1953-06-26,670453286,370.482.651-08,Asma,73,119,75,104,19,36.9,99,86.02,1,0,N
Vicente Fogaça,Masculino,1944-02-19,87243056X,583.097.612-95,Nenhuma,82,109,60,104,21,36.1,95,48.44,0,0,N
Vitor Gabriel Moraes,Masculino,1973-05-11,830472514,013.897.456-00,Diabetes,53,88,68,89,17,38.0,86,64.57,1,1,N
Beatriz Ribeiro,Feminino,1975-06-03,728136454,297.806.453-65,Nenhuma,51,126,87,71,16,35.1,100,5.44,0,0,N
Isaac Andrade,Masculino,2008-06-12,864531722,824.796.031-13,Hipertensão,18,170,80,104,21,36.5,97,89.45,1,0,N
Cecília da Rosa,Feminino,1965-07-23,825104762,765.481.309-01,Diabetes,61,83,94,47,27,36.3,97,32.72,1,0,N
Davi Luiz Pereira,Masculino,1960-06-13,152364079,106.328.749-96,Nenhuma,66,119,82,74,19,36.1,90,63.22,0,1,N
Helena Pastor,Feminino,1977-07-13,387610546,519.728.640-76,Doença Cardiovascular,49,132,74,40,15,35.9,91,91.61,1,1,N
João Lucas Cardoso,Masculino,1968-07-26,678540135,452.197.603-43,Asma,58,122,112,67,17,36.5,96,81.05,1,0,N
Breno Novaes,Masculino,1989-09-03,824173508,618.509.273-59,Hipertensão,37,117,78,101,30,36.3,98,63.77,1,0,N
José Pedro Garcia,Masculino,1971-09-20,370826413,942.156.703-06,Nenhuma,55,94,97,97,18,36.2,99,70.36,0,0,N
Murilo Marques,Masculino,1987-01-18,235087464,249.351.867-55,Nenhuma,39,124,73,86,15,35.5,97,92.09,0,0,N
Jade Rocha,Feminino,1975-07-02,716804530,156.287.439-09,Doença Cardiovascular,51,104,90,89,12,35.2,92,81.21,1,1,N
Diego Nascimento,Masculino,1982-03-21,815730469,035.869.741-75,Asma,44,76,93,40,10,36.3,86,60.99,1,1,N
Ana Sophia Pires,Feminino,1965-02-22,702364514,417.632.508-90,Doença Cardiovascular,61,143,83,75,19,36.2,96,65.87,1,0,N
Gael Silva,Masculino,2003-06-04,057482639,741.905.683-84,Doença Cardiovascular,23,139,44,67,21,36.3,94,14.73,1,0,N
Thomas Pereira,Masculino,1944-06-05,423850763,869.130.745-57,Diabetes,82,121,80,68,16,36.4,91,47.02,1,1,N
Otto Cassiano,Masculino,1970-08-29,26745031X,987.046.123-96,Diabetes,56,124,98,99,17,36.1,100,30.1,1,0,N
Maya Garcia,Feminino,1940-03-14,067482156,671.384.502-90,Doença Cardiovascular,86,141,87,63,12,36.3,90,43.2,1,1,N
Josué Barbosa,Masculino,1998-08-04,687530416,791.806.354-66,Nenhuma,28,124,86,69,18,35.8,99,66.22,0,0,N
Camila Nascimento,Feminino,1971-12-26,726481038,138.974.056-01,Diabetes,54,138,54,40,20,37.7,91,14.92,1,1,N
Yan Jesus,Masculino,2001-06-19,704826355,369.781.540-75,Doença Cardiovascular,25,114,69,77,15,35.9,97,1.74,1,0,N
Luísa Porto,Feminino,1973-07-30,40283561X,086.971.523-21,Asma,53,146,86,57,26,36.2,100,39.69,1,0,N
Maria Cecília Farias,Feminino,1994-09-12,728051461,241.359.867-73,Nenhuma,32,126,86,86,13,35.9,95,32.22,0,0,N
Clara Câmara,Feminino,1998-07-13,150743683,962.745.108-85,Diabetes,28,123,98,61,19,35.9,100,42.04,1,0,N
Alexia Brito,Feminino,1936-11-14,561724386,174.682.359-37,Doença Cardiovascular,89,94,77,87,22,36.5,100,93.12,1,0,N
Hellena Garcia,Feminino,1991-07-22,64507231X,152.609.847-49,Doença Cardiovascular,35,125,86,81,17,36.4,97,70.71,1,0,N
Davi Cavalcanti,Masculino,1963-03-14,831204758,540.637.912-70,Hipertensão,63,103,80,126,17,36.1,99,32.75,1,1,S
Lorena Pastor,Feminino,1946-03-24,261785035,389.576.210-59,Diabetes,80,107,65,97,10,36.3,100,17.93,1,0,N
Calebe Moura,Masculino,1983-11-05,780425364,834.275.619-09,Doença Cardiovascular,42,103,46,40,24,35.9,99,61.85,1,0,N
Larissa Novaes,Feminino,1948-03-21,621475804,725.813.649-55,Doença Cardiovascular,78,98,86,53,17,36.8,98,65.76,1,0,S
Carlos Eduardo Aragão,Masculino,1952-02-02,487105266,560.824.179-76,Asma,74,162,82,86,20,38.1,94,48.36,1,0,N
Liam Sá,Masculino,1961-03-29,182563741,825.034.679-38,Diabetes,65,146,70,61,21,35.8,90,21.28,1,1,N
Emilly Ferreira,Feminino,1984-12-08,156082470,683.051.427-44,Hipertensão,41,158,55,40,14,36.8,91,2.86,1,1,N
Rhavi Pastor,Masculino,1942-01-13,237801565,034.691.285-70,Doença Cardiovascular,84,95,89,118,17,36.5,100,26.57,1,0,S
José Pedro Albuquerque,Masculino,1964-06-16,318275065,706.382.519-40,Asma,62,121,76,103,24,37.0,98,45.72,1,0,N
Davi Lucas Casa Grande,Masculino,1999-07-04,241860532,586.103.947-00,Diabetes,27,94,88,98,12,37.1,96,78.79,1,0,N
Juliana Aragão,Feminino,1962-06-19,576432106,813.594.072-60,Asma,64,106,107,69,28,36.7,100,85.38,1,0,S
Maria Eduarda Santos,Feminino,1992-06-26,803152760,182.534.709-32,Diabetes,34,101,47,95,14,36.5,94,41.29,1,0,N
Otto Santos,Masculino,1975-02-04,64852730X,827.195.360-59,Diabetes,51,144,69,67,12,36.2,99,79.61,1,0,N
Emilly Macedo,Feminino,1968-05-24,428703562,085.412.679-11,Diabetes,58,112,76,90,18,35.9,97,99.34,1,0,N
Ravi Lucca Montenegro,Masculino,1943-05-27,861253401,316.780.924-87,Nenhuma,83,141,101,61,29,36.4,98,71.66,0,0,N
Kamilly Lima,Feminino,1955-01-30,370812542,358.972.064-65,Doença Cardiovascular,71,132,55,122,10,35.5,95,72.86,1,1,S
Ian das Neves,Masculino,1977-04-24,360472151,537.894.260-83,Nenhuma,49,166,109,45,17,36.0,93,90.95,0,0,N
Lorena Jesus,Feminino,1989-03-20,261703584,824.605.973-47,Asma,37,90,82,115,20,37.4,93,33.81,1,0,N
Ayla Porto,Feminino,1973-11-28,018274535,710.952.364-07,Hipertensão,52,145,78,85,18,36.6,93,1.12,1,0,S
Breno Siqueira,Masculino,1991-12-17,036285171,910.532.684-24,Doença Cardiovascular,34,142,77,72,19,37.2,96,98.7,1,0,N
Caleb Cavalcante,Masculino,1948-06-17,567843014,432.196.508-05,Asma,78,100,73,89,14,37.7,90,49.05,1,1,N
Benjamin Barros,Masculino,2007-05-30,137456025,423.195.608-15,Asma,19,140,95,103,15,36.4,92,78.57,1,1,N
Yuri Monteiro,Masculino,1945-11-14,534160724,480.392.571-23,Doença Cardiovascular,80,126,63,119,17,36.7,97,81.25,1,1,N
Mariana Rocha,Feminino,1977-03-13,367285010,372.051.946-52,Doença Cardiovascular,49,115,85,92,12,36.3,96,39.75,1,0,N
Catarina Mendes,Feminino,2006-06-23,648250313,528.174.309-05,Hipertensão,20,103,74,62,17,35.8,97,54.13,1,0,N
Sophie Rodrigues,Feminino,1990-11-09,621805373,567.034.812-53,Asma,35,105,68,86,16,35.7,96,53.99,1,0,S
Camila Guerra,Feminino,2005-06-14,486173021,541.760.893-93,Hipertensão,21,160,118,130,15,37.2,100,22.02,1,0,N
Esther Souza,Feminino,1976-06-10,803746519,130.765.284-08,Asma,50,120,86,118,19,36.7,97,11.76,1,0,N
Otávio Sampaio,Masculino,1974-09-29,342058678,148.692.537-55,Hipertensão,52,135,89,107,10,38.0,95,54.36,1,0,N
Manuella da Cruz,Feminino,1985-07-09,824103658,156.092.483-70,Nenhuma,41,104,97,104,16,37.3,97,12.01,0,0,N
Vitória Rodrigues,Feminino,1952-11-29,045132768,307.149.265-07,Diabetes,73,104,58,102,29,35.9,100,34.61,1,0,N
Ana Cecília Pereira,Feminino,1981-04-03,108367423,618.907.235-68,Hipertensão,45,141,106,113,12,37.2,96,18.61,1,0,N
Eloá Rocha,Feminino,1975-04-20,561203878,401.736.258-35,Diabetes,51,93,42,73,24,36.3,99,70.69,1,0,N
Heloisa Cavalcanti,Feminino,1992-12-05,128760540,975.014.362-07,Diabetes,33,111,68,51,18,37.5,98,87.2,1,0,S
Luiz Otávio Carvalho,Masculino,1999-02-11,01863574X,817.265.490-11,Nenhuma,27,120,73,86,14,36.1,95,57.79,0,0,N
Maria Aragão,Feminino,2005-04-27,360187250,759.368.102-59,Asma,21,122,88,64,11,35.7,97,41.02,1,0,N
Thales Garcia,Masculino,1945-01-01,842613055,867.193.542-64,Diabetes,81,116,83,58,18,35.9,100,99.66,1,0,N
Marcelo Camargo,Masculino,2002-10-20,328564102,683.710.452-71,Hipertensão,23,127,77,66,25,35.9,97,2.12,1,0,N
Josué Nogueira,Masculino,1997-11-09,836045270,165.240.879-76,Diabetes,28,133,79,147,16,35.8,93,30.43,1,1,N
João Vitor da Rosa,Masculino,1994-01-10,438210566,827.169.034-50,Diabetes,32,134,65,88,17,36.0,95,27.87,1,0,N
Laís da Luz,Feminino,2005-03-13,756342089,421.370.596-06,Diabetes,21,100,57,94,23,37.2,88,35.62,1,1,N
Agatha Sousa,Feminino,1986-03-30,814053725,294.176.538-73,Asma,40,114,90,54,19,37.9,97,23.06,1,0,N
Maria Júlia Cunha,Feminino,1952-07-08,215670383,207.815.469-58,Diabetes,74,143,90,40,10,35.4,100,26.43,1,0,N
Théo Andrade,Masculino,1997-03-11,654732103,530.781.469-01,Nenhuma,29,137,103,64,18,37.5,91,25.77,0,1,N
Ryan Araújo,Masculino,1967-05-13,301567827,849.260.573-10,Doença Cardiovascular,59,92,68,120,25,36.1,97,50.57,1,1,N
Alana Pimenta,Feminino,1988-03-30,713028452,749.025.836-74,Diabetes,38,127,90,93,17,36.8,100,39.11,1,0,N
Luísa da Rosa,Feminino,1988-01-25,276840318,057.812.643-53,Asma,38,80,75,99,10,35.2,100,63.93,1,0,N
Cauê Abreu,Masculino,1954-01-18,203178452,430.956.172-16,Doença Cardiovascular,72,120,97,103,19,36.9,100,51.44,1,0,N
Francisco Guerra,Masculino,2006-06-27,526318077,215.876.409-02,Hipertensão,20,157,95,70,17,34.9,89,18.34,1,1,N
Anthony Brito,Masculino,1983-01-28,051874362,201.438.567-07,Nenhuma,43,101,83,119,10,36.8,99,81.0,0,1,S
Samuel Costa,Masculino,1957-07-04,250137689,456.098.712-20,Asma,69,103,74,69,10,36.7,90,47.22,1,1,N
Vinícius Moraes,Masculino,1979-12-14,807136426,218.754.960-76,Hipertensão,46,135,94,120,22,36.7,93,15.32,1,0,N
Noah Campos,Masculino,1997-07-06,816420373,402.613.798-87,Asma,29,89,89,96,14,35.9,100,16.69,1,0,N
Alana Cassiano,Feminino,1980-04-02,680513747,093.451.268-05,Nenhuma,46,107,69,40,13,36.9,97,79.7,0,0,N
Heloisa Melo,Feminino,1976-02-25,723108547,631.258.740-17,Nenhuma,50,131,60,66,17,36.8,99,70.3,0,0,N
Marcelo da Rosa,Masculino,1940-07-24,803512764,385.961.702-86,Hipertensão,86,107,75,40,14,36.3,93,50.65,1,0,N
Paulo Cirino,Masculino,1941-11-16,350681478,396.708.145-10,Asma,84,115,102,114,18,37.0,100,30.61,1,0,S
Juliana Caldeira,Feminino,1961-01-21,510248767,670.198.354-57,Asma,65,134,97,84,16,36.4,99,46.05,1,0,N
Pedro Lucas Castro,Masculino,1981-06-12,730265481,810.296.573-86,Asma,45,128,63,40,12,36.9,100,63.65,1,0,N
Maria Souza,Feminino,1972-10-16,320485675,296.815.034-06,Hipertensão,53,125,62,94,15,36.4,92,87.93,1,1,N
André Fogaça,Masculino,2006-01-01,240386759,497.015.263-25,Hipertensão,20,113,99,71,20,36.7,100,55.59,1,0,N
Brenda Correia,Feminino,1990-07-31,563214806,216.743.085-07,Hipertensão,36,127,62,47,18,37.0,95,27.67,1,0,N
Asafe Carvalho,Masculino,1938-05-10,361542781,536.790.124-70,Diabetes,88,117,87,126,17,36.2,94,4.27,1,0,N
Otto Souza,Masculino,1983-07-19,384062751,847.935.610-39,Diabetes,43,129,70,87,27,35.5,99,17.55,1,0,S
Ana Beatriz Castro,Feminino,1942-06-08,086427131,108.549.627-94,Asma,84,110,104,77,21,36.7,99,65.02,1,0,N
Pietra Rios,Feminino,2003-03-04,672058145,076.123.894-87,Doença Cardiovascular,23,116,68,75,22,37.5,93,16.04,1,0,N
Dante Leão,Masculino,1952-12-01,143207684,956.142.073-25,Asma,73,100,97,47,17,36.7,100,48.15,1,0,N
Sabrina Rodrigues,Feminino,1975-06-15,584723611,582.604.937-56,Doença Cardiovascular,51,119,82,52,19,36.8,100,69.9,1,0,N
Lunna Sá,Feminino,1968-06-01,207465381,368.924.057-38,Nenhuma,58,103,83,117,15,36.5,99,30.82,0,1,N
Theodoro Silveira,Masculino,1970-08-10,207386456,738.964.520-29,Hipertensão,56,97,50,73,21,37.1,98,66.91,1,0,N
Caroline Camargo,Feminino,1975-02-10,608473157,153.726.849-09,Hipertensão,51,125,46,85,17,36.4,98,58.11,1,0,N
Alícia Cardoso,Feminino,2006-09-16,750841321,865.431.972-00,Asma,20,124,76,40,19,36.1,90,43.89,1,1,N
Manuella Montenegro,Feminino,1949-05-17,756023816,493.187.605-66,Doença Cardiovascular,77,135,83,52,18,37.4,97,89.72,1,0,N
Isaac Aragão,Masculino,2003-12-02,285647015,142.896.035-05,Hipertensão,22,111,63,100,17,36.1,97,69.21,1,0,N
Mariane Peixoto,Feminino,1968-09-27,564873020,862.091.347-69,Doença Cardiovascular,58,128,63,94,32,37.2,94,36.06,1,0,N
Maya Mendes,Feminino,1963-07-08,208437563,487.510.362-07,Hipertensão,63,131,88,128,14,37.4,95,80.43,1,1,N
Larissa Mendonça,Feminino,1941-06-08,651234803,234.170.689-40,Diabetes,85,128,88,118,14,37.0,87,73.81,1,1,N
Mariane da Cruz,Feminino,1980-07-26,486130253,408.756.129-11,Doença Cardiovascular,46,103,77,79,21,35.5,92,79.17,1,1,S
Daniela Siqueira,Feminino,1988-04-05,451028363,129.647.835-19,Hipertensão,38,122,91,96,15,36.5,100,64.1,1,0,N
Ester da Cruz,Feminino,1984-03-11,504781261,638.014.795-01,Diabetes,42,127,62,77,16,36.3,100,37.94,1,0,N
Bruna da Luz,Feminino,1969-06-04,652318472,927.580.146-02,Asma,57,120,74,136,12,36.1,93,34.86,1,1,N
Mariane Costa,Feminino,1980-04-21,275148063,132.496.057-43,Hipertensão,46,78,104,113,20,36.6,97,65.42,1,0,N
Cauã Sampaio,Masculino,1971-09-11,106478321,095.823.176-12,Doença Cardiovascular,55,123,81,89,20,37.1,100,13.09,1,0,N
Emilly Correia,Feminino,1975-04-23,012536787,513.084.276-62,Diabetes,51,164,81,90,16,36.1,94,81.99,1,0,N
Clarice da Conceição,Feminino,1998-04-22,237068515,013.689.574-39,Hipertensão,28,112,114,121,21,36.4,99,37.03,1,1,N
Davi Lucca Guerra,Masculino,1977-09-08,068152747,285.704.136-53,Asma,49,105,59,99,10,36.3,96,63.04,1,0,N
João Guilherme Correia,Masculino,1967-08-09,538601747,256.904.731-70,Doença Cardiovascular,59,127,91,123,14,37.4,100,49.91,1,1,N
Paulo Almeida,Masculino,1972-01-16,761840254,645.238.079-65,Hipertensão,54,126,104,40,17,36.3,91,51.93,1,1,N
Gabriela Borges,Feminino,1997-06-19,413250672,654.210.983-89,Doença Cardiovascular,29,143,75,96,12,35.5,92,73.8,1,1,S
Maria Helena Jesus,Feminino,1996-11-05,374026853,347.892.510-04,Asma,29,94,92,72,10,35.2,98,62.67,1,0,N
Lorena Sampaio,Feminino,1945-03-12,813745068,273.164.805-80,Hipertensão,81,134,65,128,16,36.8,97,25.03,1,0,N
Hellena Fernandes,Feminino,1973-06-02,106483250,320.597.468-92,Diabetes,53,131,69,123,21,35.9,96,7.42,1,0,N
Pietra Araújo,Feminino,1950-01-23,617032841,704.613.958-00,Diabetes,76,117,85,85,24,37.0,99,84.02,1,0,N
Paulo Ramos,Masculino,2008-04-27,673285108,843.176.209-87,Asma,18,126,91,123,15,35.4,93,88.49,1,1,N
Liz Camargo,Feminino,1938-07-13,504287631,407.913.628-50,Nenhuma,88,140,96,129,21,36.1,91,16.45,0,1,S
Luiz Otávio da Mota,Masculino,1982-09-15,436851726,716.280.354-71,Nenhuma,44,137,103,86,21,35.4,94,30.95,0,0,N
Mariah da Cruz,Feminino,1958-12-22,024386510,751.836.429-82,Hipertensão,67,97,78,146,24,36.8,95,28.23,1,0,N
Ana Julia Cirino,Feminino,1974-01-09,512748366,251.084.679-58,Diabetes,52,136,97,84,16,37.0,95,93.74,1,0,S
Alexandre Aragão,Masculino,1964-11-03,201643571,897.430.621-22,Doença Cardiovascular,61,118,74,79,10,36.8,100,20.48,1,0,N
Heitor da Paz,Masculino,1949-05-03,816450730,749.632.105-25,Doença Cardiovascular,77,121,93,106,18,35.6,100,16.65,1,0,N
Lara Pereira,Feminino,1981-05-20,836402571,278.035.916-12,Diabetes,45,121,83,76,12,35.9,99,18.18,1,0,N
Pedro Cirino,Masculino,1953-01-29,671048521,540.168.937-39,Diabetes,73,116,86,87,14,36.7,97,72.99,1,0,N
Rebeca Fonseca,Feminino,1939-07-13,840637123,475.138.920-32,Asma,87,143,86,120,16,35.1,95,88.8,1,1,N
Liz Camargo,Feminino,1955-05-28,214506733,284.309.716-96,Doença Cardiovascular,71,118,55,85,16,36.3,93,39.34,1,0,N
Anthony Gabriel Rodrigues,Masculino,1937-12-04,714302855,518.693.274-46,Asma,88,97,63,42,18,37.7,92,13.61,1,1,N
Caroline Farias,Feminino,2001-01-21,457203687,832.079.651-21,Hipertensão,25,112,81,94,21,36.4,94,58.57,1,0,N
Maria Cecília Souza,Feminino,1962-01-18,438756010,649.158.273-64,Asma,64,123,54,67,16,35.3,96,20.99,1,0,N
Vitória Pereira,Feminino,2008-05-04,316524785,230.495.681-51,Hipertensão,18,144,92,106,19,36.0,92,6.42,1,1,N
Isabela Rezende,Feminino,1963-07-21,654381276,364.271.958-91,Hipertensão,63,132,93,102,18,36.0,97,88.62,1,0,N
Giovanna Pacheco,Feminino,1980-12-20,261735044,907.563.124-34,Hipertensão,45,102,84,121,22,38.2,96,87.08,1,1,S
Aurora Caldeira,Feminino,1985-10-17,376015287,916.430.285-70,Nenhuma,40,169,63,107,17,37.8,95,97.59,0,0,N
Dante Aparecida,Masculino,1977-04-17,563208478,284.703.195-23,Doença Cardiovascular,49,125,100,112,17,37.1,100,47.4,1,0,N
Gabriel Correia,Masculino,1937-12-23,430751680,516.893.274-64,Nenhuma,88,145,110,68,16,36.2,87,29.4,0,1,S
Beatriz Barbosa,Feminino,1944-11-08,615830742,890.413.652-06,Asma,81,116,82,105,17,37.5,95,76.98,1,0,N
Manuela da Rosa,Feminino,1956-02-26,176082530,178.905.642-01,Doença Cardiovascular,70,130,87,134,14,35.6,87,18.05,1,1,N
Guilherme Nascimento,Masculino,1975-04-17,63721805X,930.175.462-25,Doença Cardiovascular,51,136,83,67,13,37.4,97,24.33,1,0,N
Ana Clara Cardoso,Feminino,1992-07-25,130428760,016.825.493-05,Doença Cardiovascular,34,144,87,129,21,37.2,100,25.57,1,0,S
Otto Novaes,Masculino,1960-10-02,356780144,903.715.248-14,Asma,66,141,78,71,12,36.4,91,95.16,1,1,S
Luiz Felipe Fonseca,Masculino,1963-01-31,610823759,429.108.376-96,Nenhuma,63,137,79,63,16,37.4,92,72.98,0,1,N
Bárbara Lopes,Feminino,1954-01-30,07123486X,059.418.736-20,Hipertensão,72,113,93,92,23,36.1,90,13.37,1,1,N
Rafaela Leão,Feminino,2003-12-11,412653783,724.319.856-28,Hipertensão,22,108,115,102,16,35.5,97,9.28,1,0,N
Sarah Vieira,Feminino,1964-06-11,31508246X,642.130.897-03,Asma,62,126,58,107,22,37.3,95,84.28,1,0,N
Eloah Peixoto,Feminino,1979-01-28,681304273,970.856.423-00,Asma,47,138,78,60,15,36.4,95,80.23,1,0,S
Caroline da Rocha,Feminino,1950-01-22,380624151,479.850.261-85,Nenhuma,76,115,62,95,12,37.0,95,67.1,0,0,S
Bento Vieira,Masculino,1961-07-06,653047216,842.790.165-85,Diabetes,65,141,103,67,10,38.0,93,19.61,1,0,N
Maria Laura Monteiro,Feminino,1995-04-04,106582434,279.840.513-05,Diabetes,31,149,71,47,24,35.9,100,48.03,1,0,N
Enzo Macedo,Masculino,1957-03-20,283061479,685.032.794-10,Nenhuma,69,101,58,61,12,36.4,98,60.27,0,0,N
Matheus Novais,Masculino,1982-05-04,071368450,325.087.149-41,Asma,44,103,89,66,21,37.8,92,93.21,1,1,N
Maria Liz Pereira,Feminino,1982-01-08,187364205,426.375.089-65,Diabetes,44,117,106,98,13,37.0,94,16.94,1,0,N
Gabrielly Cirino,Feminino,1945-06-16,802671457,238.657.194-73,Diabetes,81,126,89,113,24,35.9,93,51.54,1,0,N
Eduarda Oliveira,Feminino,1974-08-18,415032787,807.934.216-40,Hipertensão,52,109,83,48,29,35.7,100,15.78,1,0,N
Anthony Vieira,Masculino,1977-10-17,425316701,052.493.618-89,Hipertensão,48,147,86,93,10,36.1,99,44.38,1,0,S
Mirella Montenegro,Feminino,1955-05-26,385714269,863.941.752-00,Asma,71,128,101,55,12,35.9,96,20.01,1,0,S
Kevin Câmara,Masculino,1964-04-24,814026539,984.651.032-24,Diabetes,62,120,66,100,21,36.7,100,83.62,1,0,N
João Felipe Novaes,Masculino,1998-12-27,530168728,406.758.291-94,Asma,27,91,78,69,20,36.6,100,25.47,1,0,N
Enzo Gabriel Câmara,Masculino,1998-12-25,160584231,685.302.791-40,Hipertensão,27,93,73,58,21,36.7,96,41.71,1,0,N
Vitor da Costa,Masculino,1949-12-11,176435025,356.218.047-08,Asma,76,125,62,104,15,35.8,95,40.78,1,0,N
Asafe Porto,Masculino,2005-11-10,872403518,216.893.047-31,Nenhuma,20,77,75,70,27,36.4,95,86.63,0,0,N
João Lucas Carvalho,Masculino,2003-03-07,410267582,586.034.972-65,Hipertensão,23,140,96,77,18,34.9,93,75.78,1,0,S
Benjamim Ramos,Masculino,2003-12-19,674018357,240.938.157-04,Doença Cardiovascular,22,116,88,40,11,36.6,100,5.76,1,0,S
Gustavo Henrique Nascimento,Masculino,1960-07-29,857410234,483.720.691-31,Doença Cardiovascular,66,184,89,108,16,37.4,92,6.71,1,1,N
Alexandre Rezende,Masculino,1947-09-30,275408139,140.659.278-11,Hipertensão,79,166,82,105,11,35.4,100,55.12,1,0,N
Léo Duarte,Masculino,1941-07-21,351846025,730.948.215-88,Asma,85,116,87,85,25,36.9,99,42.77,1,0,N
Julia Silveira,Feminino,1985-06-03,071523844,243.981.075-41,Asma,41,117,67,46,14,36.0,95,27.56,1,0,S
Nicolas Pimenta,Masculino,1959-09-05,567814038,506.271.439-70,Diabetes,67,139,75,115,20,37.1,100,79.26,1,0,N
Luan Araújo,Masculino,1974-08-27,70854213X,624.091.837-78,Hipertensão,52,154,82,68,15,36.6,90,12.86,1,1,N
Luiz Henrique Câmara,Masculino,1960-05-29,012587643,469.708.235-47,Diabetes,66,87,84,73,14,36.8,96,97.41,1,0,N
Emanuelly da Cunha,Feminino,2007-12-20,48301526X,289.743.650-65,Hipertensão,18,84,84,142,10,36.6,95,2.41,1,0,N
Vitor Gabriel Ribeiro,Masculino,1971-01-09,627438519,236.714.589-09,Doença Cardiovascular,55,107,77,67,20,37.6,100,11.82,1,0,N
Cauê Silveira,Masculino,2002-06-18,621345702,518.620.397-12,Nenhuma,24,131,74,103,24,36.8,98,31.13,0,0,N
José Miguel Pires,Masculino,1960-10-22,736184508,098.364.217-69,Diabetes,65,129,127,99,13,35.9,90,50.91,1,1,N
Gabrielly Macedo,Feminino,1947-12-26,634520878,912.056.438-42,Diabetes,78,141,93,94,10,36.6,100,21.61,1,0,N
Luan da Mata,Masculino,1977-10-01,603285715,289.650.713-21,Diabetes,49,96,86,92,22,36.2,98,73.62,1,0,N
Miguel Cassiano,Masculino,1965-03-17,845137207,410.568.379-93,Hipertensão,61,73,76,94,10,36.6,92,35.75,1,1,N
Igor Siqueira,Masculino,1978-10-01,375280613,042.195.768-94,Asma,48,137,73,91,24,36.2,95,3.85,1,0,N
Léo Casa Grande,Masculino,1999-02-18,532784613,217.598.643-82,Asma,27,103,78,83,13,36.0,91,87.77,1,1,N
Caleb Monteiro,Masculino,1951-12-20,854162707,073.245.618-53,Doença Cardiovascular,74,79,84,122,12,36.7,96,94.39,1,1,N
Raul Cirino,Masculino,1974-06-01,614587323,251.780.643-80,Nenhuma,52,122,51,52,19,36.5,97,61.86,0,0,N
Esther Nunes,Feminino,1992-10-21,421830657,590.467.382-56,Nenhuma,33,135,56,110,12,37.4,95,80.65,0,0,N
Fernando Ramos,Masculino,1962-10-04,482016735,943.028.516-51,Asma,64,117,70,105,14,36.2,95,12.11,1,0,N
Alícia das Neves,Feminino,1952-01-23,028341752,634.209.581-70,Hipertensão,74,110,83,102,19,34.9,90,26.88,1,1,N
Felipe Gonçalves,Masculino,2008-02-13,813057620,124.609.358-89,Doença Cardiovascular,18,116,76,112,10,36.2,98,32.52,1,0,N
Bernardo Casa Grande,Masculino,1972-07-27,324701561,279.304.518-79,Diabetes,54,112,102,82,26,35.2,89,96.08,1,1,N
Mariane da Cruz,Feminino,1976-08-14,437201685,024.913.587-60,Nenhuma,50,93,57,40,18,36.8,97,51.22,0,0,N
Maria Luiza Brito,Feminino,1964-04-20,862704510,687.425.190-20,Nenhuma,62,105,68,83,11,35.2,89,0.74,0,1,S
Cecilia Siqueira,Feminino,1962-06-12,17034826X,096.148.327-03,Nenhuma,64,130,102,60,12,35.7,97,38.02,0,0,N
Carlos Eduardo Garcia,Masculino,2005-03-19,138420762,703.164.928-50,Hipertensão,21,126,81,66,22,36.2,96,0.78,1,0,N
Antônio Camargo,Masculino,1971-06-27,541207684,503.928.471-32,Asma,55,123,93,53,21,37.7,98,23.78,1,0,N
Ana Clara Cardoso,Feminino,1954-12-06,752638415,047.329.865-10,Nenhuma,71,100,110,73,24,35.6,100,45.47,0,0,N
Bryan da Mata,Masculino,1963-12-10,324058767,609.815.372-86,Hipertensão,62,116,69,70,14,36.5,100,32.34,1,0,N
Alice Vieira,Feminino,1997-10-20,560283714,493.172.865-00,Diabetes,28,76,78,40,19,37.0,90,3.27,1,1,N
Cauê Nogueira,Masculino,1959-06-04,104376284,827.619.305-68,Doença Cardiovascular,67,123,75,102,20,37.7,96,11.63,1,0,N
Antonella Costa,Feminino,1980-04-06,613502486,246.198.357-73,Nenhuma,46,148,50,140,21,37.1,100,55.09,0,1,N
Pietra Teixeira,Feminino,1990-12-06,763012488,862.907.451-58,Diabetes,35,90,75,100,23,37.4,97,69.56,1,0,N
Melina Castro,Feminino,1992-03-04,675408131,728.130.654-71,Asma,34,108,93,79,14,37.2,93,40.45,1,0,N
Lucas Mendes,Masculino,1956-09-18,367482150,391.465.807-00,Nenhuma,70,126,88,83,17,35.5,96,73.15,0,0,N
Isabelly Araújo,Feminino,1954-11-06,543061784,702.439.168-50,Nenhuma,71,145,89,74,14,36.8,95,16.33,0,0,N
João Felipe Pires,Masculino,1936-04-18,602154832,319.054.726-25,Nenhuma,90,111,74,87,17,37.2,92,12.21,0,1,N
Camila Almeida,Feminino,1958-02-15,683504216,230.859.476-47,Hipertensão,68,106,70,84,21,35.7,100,83.95,1,0,S
Bella Nogueira,Feminino,1981-03-27,502768319,517.624.398-91,Diabetes,45,80,99,63,10,36.0,99,33.92,1,0,N
Bella Moraes,Feminino,1999-10-27,347826052,684.539.021-51,Nenhuma,26,122,72,127,23,35.9,91,43.22,0,1,N
Cecília Abreu,Feminino,2000-12-30,61473082X,714.859.206-20,Hipertensão,25,160,84,47,12,37.1,96,94.76,1,0,S
Apollo da Conceição,Masculino,1995-12-02,304526782,172.806.943-22,Hipertensão,30,125,82,102,16,36.4,94,42.41,1,0,N
Maria Isis Casa Grande,Feminino,1941-03-07,216784530,792.510.648-49,Nenhuma,85,119,101,82,24,36.2,90,0.35,0,1,N
João Pedro Câmara,Masculino,1996-07-05,083126545,614.825.397-64,Diabetes,30,126,94,132,19,35.5,91,93.8,1,1,N
Brenda Mendonça,Feminino,2002-06-16,230715485,718.294.635-19,Hipertensão,24,119,60,93,19,36.4,91,1.41,1,1,S
Brenda Câmara,Feminino,1979-06-21,837502469,309.128.746-78,Doença Cardiovascular,47,103,62,76,12,36.0,96,66.23,1,0,N
Larissa Fogaça,Feminino,1947-10-10,417358623,620.537.849-38,Asma,79,136,88,78,12,36.7,95,32.29,1,0,N
Lívia Campos,Feminino,1950-04-13,756418203,427.861.309-13,Diabetes,76,124,79,85,22,35.6,93,47.04,1,0,N
Bryan Aparecida,Masculino,1996-07-21,463170258,405.387.169-75,Doença Cardiovascular,30,120,73,56,15,36.6,95,54.73,1,0,N
Dom Cavalcanti,Masculino,1960-02-05,752340864,243.859.610-42,Doença Cardiovascular,66,100,95,65,15,36.1,99,40.85,1,0,N
Vitória Farias,Feminino,1952-12-21,452701636,568.947.013-93,Nenhuma,73,146,82,40,22,35.5,98,77.44,0,0,N
Fernando Rocha,Masculino,1993-08-31,438561727,504.386.917-84,Asma,33,133,80,61,12,35.4,100,93.07,1,0,N
Dom Rios,Masculino,1942-01-08,640137520,327.608.954-83,Doença Cardiovascular,84,108,91,87,19,35.6,96,8.64,1,0,N
João Pedro Ferreira,Masculino,1962-05-01,867453205,856.190.324-42,Nenhuma,64,140,74,92,18,36.3,100,80.03,0,0,N
João Gabriel Monteiro,Masculino,1964-07-17,874310659,691.708.534-01,Diabetes,62,110,103,40,17,36.6,98,12.87,1,0,N
João Silva,Masculino,1942-03-07,832406752,468.791.205-20,Asma,84,104,68,81,15,36.7,95,8.03,1,0,N
Alexandre Cassiano,Masculino,1957-03-06,482361505,123.870.465-44,Diabetes,69,104,89,99,15,36.7,97,95.58,1,0,N
Liam Casa Grande,Masculino,1943-08-04,728654301,638.410.952-24,Hipertensão,83,84,101,80,12,35.9,92,48.93,1,1,N
Melissa Silveira,Feminino,1996-02-28,760842139,829.410.675-58,Hipertensão,30,129,59,69,20,37.3,95,15.26,1,0,N
Bernardo Camargo,Masculino,1950-07-06,278036545,634.709.821-04,Doença Cardiovascular,76,83,74,74,14,36.1,98,57.0,1,0,N
Mariane Siqueira,Feminino,1951-07-22,14308625X,561.394.078-93,Doença Cardiovascular,75,95,97,71,22,36.9,99,26.32,1,0,N
Diogo Borges,Masculino,1948-05-29,801237543,892.016.574-20,Nenhuma,78,78,97,69,16,36.4,95,46.43,0,0,N
Davi Lucas Cirino,Masculino,1980-12-16,85437601X,827.153.694-09,Doença Cardiovascular,45,118,77,89,12,36.8,100,62.47,1,0,N
Maria Dias,Feminino,1951-05-26,507148265,567.923.418-19,Nenhuma,75,116,68,142,16,36.3,96,86.93,0,1,N
Otávio Mendes,Masculino,1966-05-14,563472819,205.417.396-70,Doença Cardiovascular,60,113,94,66,15,36.8,90,0.31,1,1,N
Lucas Gabriel Carvalho,Masculino,1988-11-16,316850275,048.326.795-38,Doença Cardiovascular,37,99,97,77,23,36.5,100,21.41,1,0,N
Maria Isis Leão,Feminino,2005-02-20,263574015,625.489.017-85,Nenhuma,21,96,62,83,16,37.2,99,9.63,0,0,N
Theo Nascimento,Masculino,1942-11-07,386471204,841.260.357-53,Diabetes,83,129,61,67,16,35.8,97,9.71,1,0,N
Thales Nascimento,Masculino,1994-01-21,301685423,052.731.684-90,Doença Cardiovascular,32,108,83,112,25,35.1,95,94.58,1,0,N
Ian Gomes,Masculino,1968-05-25,408236152,039.416.582-98,Diabetes,58,126,89,40,20,35.7,98,93.61,1,0,N
Mariah Moura,Feminino,1958-11-28,780213452,908.472.653-74,Hipertensão,67,102,75,71,26,37.4,100,74.93,1,0,N
Hellena Sampaio,Feminino,1936-11-30,347526081,184.956.720-49,Nenhuma,89,123,90,105,24,36.4,97,64.31,0,0,N
Isaac Fonseca,Masculino,1981-01-22,173804627,749.256.130-06,Diabetes,45,146,69,77,13,36.6,91,84.8,1,1,N
Gabrielly Almeida,Feminino,2005-04-17,832410767,107.524.839-60,Doença Cardiovascular,21,131,48,64,22,35.7,83,5.84,1,1,N
Olívia Carvalho,Feminino,1946-09-02,051328641,735.481.062-26,Nenhuma,80,111,73,96,25,36.6,98,11.95,0,0,N
Ana Liz Ferreira,Feminino,1998-11-01,684370529,674.328.109-31,Nenhuma,27,125,80,107,25,35.7,93,31.71,0,0,N
Cecilia da Rocha,Feminino,1994-04-26,231086751,164.875.390-66,Asma,32,115,75,90,22,35.8,96,83.25,1,0,N
Diego Novaes,Masculino,1956-06-08,412536870,701.546.328-80,Hipertensão,70,120,62,64,22,36.2,93,47.22,1,0,N
Joaquim Costela,Masculino,1991-12-08,273460857,385.496.012-33,Doença Cardiovascular,34,113,52,96,16,36.9,93,50.36,1,0,N
Benjamin Souza,Masculino,1942-02-07,786541027,658.124.703-08,Doença Cardiovascular,84,116,72,74,13,36.9,93,22.93,1,0,N
Dante Sampaio,Masculino,1992-06-01,35842107X,346.895.107-84,Diabetes,34,124,93,103,16,37.0,94,64.84,1,0,N
Maria Flor Siqueira,Feminino,1948-09-08,842637102,098.421.365-15,Doença Cardiovascular,78,100,98,122,10,35.2,100,88.78,1,1,S
Mariana Freitas,Feminino,1963-09-12,624570812,739.146.825-82,Diabetes,63,99,97,40,24,36.5,99,32.95,1,0,N
Bianca Ribeiro,Feminino,1974-05-17,410762854,612.945.780-49,Doença Cardiovascular,52,92,67,87,16,36.3,92,61.92,1,1,N
Ana Sophia Mendes,Feminino,2008-07-26,325871061,425.176.308-44,Diabetes,18,87,62,41,24,35.3,92,33.19,1,1,N
Eduarda Alves,Feminino,1986-07-23,65728340X,860.549.312-70,Asma,40,95,87,146,11,36.5,98,79.27,1,1,S
Maria Clara Casa Grande,Feminino,1973-12-22,201483671,789.124.563-00,Asma,52,123,89,73,23,36.3,100,47.5,1,0,N
Isabelly Barbosa,Feminino,1976-09-24,642507831,342.857.196-73,Diabetes,50,102,86,103,15,36.9,100,33.95,1,0,N
Maria Vitória Cassiano,Feminino,1979-11-30,812576044,462.035.781-26,Hipertensão,46,130,49,84,11,36.6,92,42.0,1,1,N
Ravy Souza,Masculino,1996-09-10,427531688,356.271.098-40,Hipertensão,30,120,66,64,26,36.1,100,9.12,1,0,S
Vinícius Sampaio,Masculino,1991-01-23,075481236,768.395.012-21,Asma,35,80,79,61,23,37.2,89,86.61,1,1,N
Ravy Jesus,Masculino,1936-03-26,756012843,307.524.196-25,Asma,90,133,87,124,19,34.7,96,95.81,1,1,N
Pedro Miguel Viana,Masculino,1962-02-04,418520732,978.536.042-38,Diabetes,64,136,91,108,18,36.4,98,47.74,1,0,N
João Pedro Camargo,Masculino,1952-11-24,406258132,273.601.854-08,Doença Cardiovascular,73,100,82,133,20,35.1,88,22.13,1,1,N
Ana Liz Ramos,Feminino,1973-04-14,120346783,512.764.980-20,Hipertensão,53,128,84,86,18,35.8,100,66.47,1,0,N
Erick Montenegro,Masculino,1976-06-18,184523072,523.890.164-05,Asma,50,102,81,92,14,36.9,100,45.24,1,0,N
Alexia Gonçalves,Feminino,1991-09-25,251067488,106.293.457-16,Nenhuma,35,121,90,78,15,35.5,99,25.23,0,0,N
Mirella Novaes,Feminino,1965-02-07,641725036,478.291.053-32,Doença Cardiovascular,61,94,84,77,27,35.4,93,3.84,1,0,N
Sarah das Neves,Feminino,2000-09-22,548061270,312.986.507-12,Diabetes,26,84,80,58,31,38.4,96,88.97,1,0,N
Mariana Castro,Feminino,2004-01-05,150347625,678.094.312-69,Diabetes,22,112,75,87,25,35.4,100,79.67,1,0,N
Ayla Moreira,Feminino,1976-06-07,534081769,730.146.589-01,Nenhuma,50,117,81,65,20,37.8,92,82.9,0,1,N
Davi Lucas Souza,Masculino,2002-05-21,283107650,785.913.420-97,Asma,24,112,87,96,16,36.4,96,43.98,1,0,N
Murilo Pinto,Masculino,1992-05-19,587312646,308.267.159-40,Diabetes,34,96,84,89,14,36.1,100,75.33,1,0,N
Henry Gonçalves,Masculino,1966-02-12,567231082,916.530.742-99,Diabetes,60,112,85,92,14,37.0,91,58.12,1,1,N
Breno Sales,Masculino,2005-07-01,430682517,701.458.639-48,Diabetes,21,125,100,126,15,37.6,98,37.48,1,1,N
Rhavi Dias,Masculino,1998-10-26,784160259,358.619.270-30,Doença Cardiovascular,27,119,83,84,28,35.6,89,84.27,1,1,N
Maria Luiza Garcia,Feminino,1978-05-06,725413803,271.098.435-05,Nenhuma,48,123,70,103,27,36.1,93,99.88,0,0,N
Benjamim Freitas,Masculino,1966-01-28,014653722,784.023.951-04,Asma,60,106,93,136,21,37.2,94,89.93,1,1,N
Gael da Mata,Masculino,1990-10-22,608324176,806.423.791-22,Asma,35,143,59,117,13,36.7,99,77.62,1,1,N
Bella Barbosa,Feminino,1975-01-31,56830147X,967.185.240-85,Doença Cardiovascular,51,96,63,113,22,37.4,94,74.75,1,0,N
Lívia Alves,Feminino,1956-02-24,172436059,781.360.425-35,Diabetes,70,129,85,77,16,36.9,97,65.02,1,0,N
João Miguel Castro,Masculino,1998-09-18,20381745X,037.482.951-97,Hipertensão,28,143,87,90,10,37.9,94,85.36,1,0,N
Cauê Azevedo,Masculino,1945-10-31,072148652,749.038.125-88,Asma,80,129,61,52,19,36.6,94,49.31,1,0,N
Alexia Sá,Feminino,1987-04-16,483617027,847.931.652-73,Diabetes,39,115,74,97,13,36.7,100,18.17,1,0,S
Gabriel Novaes,Masculino,1972-12-27,48620375X,987.053.216-03,Hipertensão,53,109,70,91,13,36.8,92,76.8,1,1,N
Ana Beatriz da Costa,Feminino,2007-07-07,714560327,312.956.804-24,Doença Cardiovascular,19,140,72,85,16,36.4,100,91.95,1,0,S
Antonella Nunes,Feminino,2000-12-11,206134782,281.940.657-20,Asma,25,91,94,110,15,37.2,96,34.14,1,0,N
Ana Clara Nunes,Feminino,1956-02-26,641305825,129.580.347-04,Doença Cardiovascular,70,100,90,54,17,36.7,94,78.3,1,0,N
Ana Clara Aragão,Feminino,1981-11-22,470631855,512.647.039-61,Asma,44,112,79,125,17,37.1,92,27.37,1,1,S
Caleb das Neves,Masculino,1989-03-30,753210861,891.534.067-10,Hipertensão,37,144,71,107,10,37.3,92,94.26,1,1,N
Maria Alice Sá,Feminino,1966-07-19,13056428X,987.124.630-78,Nenhuma,60,127,59,83,25,36.8,94,68.35,0,0,N
Miguel Montenegro,Masculino,1962-04-17,138026452,067.829.314-78,Nenhuma,64,100,101,81,13,36.9,96,56.93,0,0,N
Luara Sá,Feminino,1999-01-08,072834614,231.754.896-64,Nenhuma,27,113,88,97,13,35.7,99,77.99,0,0,N
Luiz Henrique Cardoso,Masculino,1993-03-28,304872659,897.465.301-00,Asma,33,107,69,123,16,36.1,95,81.32,1,1,N
Lucas Jesus,Masculino,1997-03-06,163854725,372.851.964-28,Doença Cardiovascular,29,105,90,87,17,37.2,96,89.24,1,0,N
Theodoro Vasconcelos,Masculino,1956-10-08,483056716,523.968.701-30,Hipertensão,70,139,78,88,25,37.6,96,90.11,1,0,N
Apollo Pastor,Masculino,1972-05-23,063517486,107.962.384-13,Doença Cardiovascular,54,92,75,85,19,34.9,98,5.27,1,0,N
Rhavi Pastor,Masculino,1957-12-22,140765384,085.123.976-59,Asma,68,152,86,129,20,36.0,99,12.29,1,0,N
Lavínia Castro,Feminino,1980-08-04,204583676,359.087.462-74,Nenhuma,46,136,68,75,19,36.5,91,82.61,0,1,N
Ravi Barros,Masculino,1944-05-27,183026743,871.359.246-73,Asma,82,141,74,84,19,35.8,95,94.61,1,0,N
Igor Cunha,Masculino,1941-10-19,654723187,843.967.205-56,Hipertensão,85,110,81,121,19,35.8,100,30.77,1,1,N
Cecília Vargas,Feminino,1986-05-06,036517240,531.697.428-09,Diabetes,40,117,72,88,10,36.9,91,0.86,1,1,N
Sarah Moreira,Feminino,2007-09-05,546370822,627.941.308-03,Hipertensão,19,91,90,113,16,37.8,97,32.27,1,0,N
Stephany Vargas,Feminino,1937-08-06,748532067,247.065.839-00,Diabetes,89,109,108,62,23,34.9,96,38.29,1,0,N
Melissa Viana,Feminino,2003-10-28,082614374,391.074.825-23,Hipertensão,22,129,68,79,37,36.4,94,76.1,1,0,S
Maitê da Rocha,Feminino,1936-03-13,04761853X,495.137.860-48,Hipertensão,90,145,55,122,11,36.9,100,4.76,1,0,N
Marina Aparecida,Feminino,1938-08-14,081352645,428.135.906-06,Diabetes,88,97,49,68,20,37.1,97,21.26,1,0,N
Isaque Costela,Masculino,1947-02-16,75184360X,893.016.752-77,Hipertensão,79,112,77,81,15,36.8,100,89.4,1,0,N
Ana Vitória Cassiano,Feminino,1958-02-21,63412075X,123.574.689-55,Asma,68,116,70,91,28,37.9,97,15.48,1,0,N
Theo Brito,Masculino,1982-05-27,230185678,398.657.241-46,Nenhuma,44,92,83,60,11,36.5,98,75.92,0,0,N
Cecília Vargas,Feminino,1978-07-18,261570833,482.319.750-04,Asma,48,131,81,74,21,37.5,94,36.13,1,0,N
Yan Viana,Masculino,1999-11-13,408563278,691.245.380-51,Asma,26,105,55,87,10,36.0,94,66.27,1,0,N
Sara Brito,Feminino,1941-01-19,126740859,082.543.179-41,Hipertensão,85,116,52,86,16,36.5,98,7.38,1,0,N
Luara Cavalcante,Feminino,1952-12-31,308264757,450.923.176-80,Diabetes,73,110,84,117,17,35.5,98,28.66,1,0,N
Elisa Azevedo,Feminino,1982-08-28,123065471,563.192.874-46,Hipertensão,44,104,82,123,23,37.2,99,42.48,1,1,N
Luiz Otávio Fogaça,Masculino,1996-01-11,763125088,821.759.034-60,Nenhuma,30,119,73,63,12,36.4,98,85.72,0,0,N
Ana Sophia Cavalcanti,Feminino,2008-02-07,263170482,814.052.679-76,Doença Cardiovascular,18,115,55,87,21,36.8,91,56.35,1,1,N
José Pedro Melo,Masculino,1944-03-10,703465120,319.806.245-42,Hipertensão,82,112,87,101,18,36.2,93,4.52,1,0,N
Melina Rezende,Feminino,1959-07-16,412376581,963.524.178-09,Hipertensão,67,105,99,122,19,37.0,100,80.19,1,1,N
Davi Nunes,Masculino,1958-11-29,651732086,945.762.308-83,Nenhuma,67,126,84,102,22,36.8,89,5.45,0,1,N
Ana Cecília Fonseca,Feminino,1950-12-14,253674815,729.481.365-55,Asma,75,153,67,92,11,35.7,98,93.44,1,0,N
Murilo Jesus,Masculino,1959-05-24,350876423,736.209.148-69,Nenhuma,67,122,80,101,22,35.8,96,21.17,0,0,N
Caroline Macedo,Feminino,1970-10-27,375062841,401.985.623-06,Diabetes,55,139,59,101,15,36.5,100,48.79,1,0,N
Sophie Pinto,Feminino,1973-10-31,508372641,908.157.462-02,Asma,52,92,95,61,23,37.0,98,7.23,1,0,N
Maria Fernanda Barros,Feminino,1981-12-25,631802575,368.401.579-20,Diabetes,44,123,81,89,19,38.0,94,56.17,1,0,N
Sofia Machado,Feminino,1966-10-26,257430866,032.541.986-89,Diabetes,59,98,53,121,16,36.7,94,49.72,1,1,S
Ana Cecília Pinto,Feminino,1989-08-18,587614237,285.910.764-94,Asma,37,90,75,79,15,37.3,94,41.02,1,0,N
Joaquim Sampaio,Masculino,1985-07-12,168540733,352.481.670-35,Doença Cardiovascular,41,105,86,88,22,35.2,99,3.56,1,0,S
Alexia Cassiano,Feminino,1956-06-20,812534062,859.763.412-09,Hipertensão,70,143,75,78,24,38.1,87,87.89,1,1,N
Lavínia Garcia,Feminino,1956-07-02,082741359,302.174.985-23,Asma,70,139,75,40,15,37.0,97,80.26,1,0,N
Murilo Barbosa,Masculino,1973-09-09,437126808,098.253.147-88,Nenhuma,53,124,61,85,12,36.5,93,63.3,0,0,N
Maria Julia Martins,Feminino,1980-10-11,873412503,415.037.269-16,Nenhuma,45,89,88,92,21,36.4,97,57.22,0,0,N
Marcela Martins,Feminino,1963-11-28,480537161,357.086.412-07,Hipertensão,62,116,70,72,10,35.6,98,69.49,1,0,N
Vitor Martins,Masculino,1980-12-31,175280642,029.358.716-77,Asma,45,126,47,56,11,35.8,90,14.4,1,1,N
Bryan Cirino,Masculino,1988-01-25,472185032,701.593.284-97,Hipertensão,38,123,74,62,12,38.0,96,93.26,1,0,N
Miguel Vargas,Masculino,1946-04-05,835247065,267.391.584-28,Diabetes,80,83,94,104,15,35.7,97,28.47,1,0,N
Gabriela Guerra,Feminino,2006-01-18,513870246,476.309.158-10,Nenhuma,20,102,74,134,11,35.7,97,65.65,0,1,S
Benício Dias,Masculino,1986-02-20,547138623,782.106.435-17,Doença Cardiovascular,40,118,106,119,10,35.9,96,60.68,1,1,N
Raquel Cunha,Feminino,2004-02-13,380126758,761.594.830-48,Nenhuma,22,130,86,51,12,35.5,92,63.66,0,1,S
Danilo da Mota,Masculino,1966-08-17,681205477,653.879.042-92,Nenhuma,60,76,85,106,21,36.5,92,87.9,0,1,S
Arthur Miguel Nogueira,Masculino,2001-05-12,483621055,123.674.980-40,Diabetes,25,116,78,68,11,37.4,91,29.59,1,1,N
Ravy Casa Grande,Masculino,1993-04-30,684203571,480.169.523-05,Doença Cardiovascular,33,122,78,70,16,36.0,99,74.89,1,0,N
Luiza Nunes,Feminino,1988-04-04,17203548X,874.325.096-38,Diabetes,38,136,76,73,27,35.4,96,59.84,1,0,S
Maria Helena Araújo,Feminino,1957-02-08,248630519,409.172.658-58,Hipertensão,69,133,75,102,17,36.7,96,7.61,1,0,N
Pedro Melo,Masculino,1965-11-29,082364576,351.024.796-52,Nenhuma,60,131,87,108,19,36.5,90,41.42,0,1,N
Benjamim Cunha,Masculino,1990-04-08,763248514,245.189.603-51,Hipertensão,36,104,65,82,13,37.3,96,83.8,1,0,N
Otávio da Mata,Masculino,1945-03-19,13458076X,463.518.072-71,Nenhuma,81,81,63,82,28,36.1,99,31.53,0,0,N
Felipe Barros,Masculino,1997-07-01,603415829,947.065.382-38,Nenhuma,29,112,63,96,15,36.3,89,48.23,0,1,N
Bernardo da Mota,Masculino,2007-08-20,825174065,963.850.427-74,Diabetes,19,140,110,99,16,36.4,94,48.86,1,0,N
Anna Liz da Rosa,Feminino,1987-02-11,813072542,076.183.254-80,Diabetes,39,147,87,114,24,36.6,90,61.8,1,1,N
Mariah Moura,Feminino,2002-11-06,173524801,712.850.469-94,Nenhuma,23,134,84,52,17,36.2,95,88.4,0,0,N
Joana Cirino,Feminino,1956-10-04,410586328,430.176.592-16,Diabetes,70,128,64,85,18,36.1,93,17.35,1,0,N
Ayla Lima,Feminino,2005-01-26,476180235,326.914.875-55,Nenhuma,21,127,89,58,16,35.0,98,50.46,0,0,N
Letícia Cavalcante,Feminino,1940-10-27,836245106,832.459.761-19,Hipertensão,85,108,78,83,16,36.0,97,42.43,1,0,N
Luiz Fernando Leão,Masculino,1951-09-09,123608570,412.368.097-69,Doença Cardiovascular,75,117,83,79,19,37.1,100,29.59,1,0,N
Renan Nascimento,Masculino,1995-02-18,153742069,832.415.609-70,Doença Cardiovascular,31,153,65,83,20,37.2,96,91.96,1,0,N
Pedro Henrique Fogaça,Masculino,1987-05-25,172635044,793.852.106-02,Diabetes,39,101,82,65,14,36.1,98,0.82,1,0,N
Maria Julia Albuquerque,Feminino,1994-09-16,306451724,461.352.978-64,Doença Cardiovascular,32,152,73,47,14,37.5,94,12.21,1,0,N
Gael Henrique Barbosa,Masculino,1943-06-21,648073129,870.364.519-39,Diabetes,83,113,68,40,14,36.5,92,73.33,1,1,N
Lorenzo Rios,Masculino,1945-07-03,025413673,965.803.214-15,Asma,81,146,91,81,10,35.4,100,26.34,1,0,N
Anthony Gabriel Cassiano,Masculino,1996-10-18,526378049,386.517.429-91,Nenhuma,29,91,56,74,10,35.2,100,72.32,0,0,N
Diogo Monteiro,Masculino,1944-12-17,234785019,109.342.857-05,Diabetes,81,131,88,68,19,37.5,99,83.23,1,0,N
Danilo Vieira,Masculino,1980-01-09,084725631,956.830.172-03,Asma,46,105,90,118,22,36.2,97,25.46,1,0,N
João Moreira,Masculino,1999-11-20,80751634X,230.195.467-61,Diabetes,26,91,66,63,22,35.5,93,19.19,1,0,N
Milena Cardoso,Feminino,1982-11-03,374168258,746.198.205-20,Doença Cardiovascular,43,124,67,120,10,34.7,100,14.53,1,0,N
Calebe Andrade,Masculino,1981-07-04,280163472,674.301.892-96,Asma,45,140,76,125,16,36.2,99,20.01,1,0,N
Esther Leão,Feminino,1981-04-20,816347025,610.289.435-98,Asma,45,103,84,40,12,36.8,100,26.72,1,0,N
Eloah Peixoto,Feminino,1940-01-18,765310429,241.356.987-19,Nenhuma,86,90,77,87,18,35.9,92,86.87,0,1,N
Helena Ferreira,Feminino,1989-08-21,156704833,485.691.307-75,Doença Cardiovascular,37,118,86,75,15,35.7,100,77.0,1,0,N
Gabriel Rocha,Masculino,2000-05-20,275146832,831.470.629-96,Diabetes,26,118,106,40,20,36.1,99,0.18,1,0,N
Anthony Gabriel Freitas,Masculino,1973-09-03,261847302,485.036.721-62,Diabetes,53,130,72,48,17,37.5,95,87.41,1,0,N
Antony da Rosa,Masculino,1966-01-24,634857216,348.096.152-51,Doença Cardiovascular,60,138,54,104,10,35.4,100,7.88,1,0,N
Sarah Campos,Feminino,1971-06-25,584071267,928.143.607-87,Asma,55,118,92,135,13,36.0,98,65.53,1,1,N
Mirella Jesus,Feminino,1950-08-19,352476102,728.541.096-94,Nenhuma,76,157,105,107,18,37.5,93,15.15,0,0,N
Luiz Gustavo Fogaça,Masculino,1976-02-04,832710453,532.869.401-51,Diabetes,50,124,85,93,18,36.9,96,6.23,1,0,N
Mariane Moreira,Feminino,1960-12-05,052436871,503.784.921-79,Diabetes,65,113,63,84,10,36.6,93,75.98,1,0,S
Danilo Cavalcanti,Masculino,1974-08-13,260847513,247.369.015-43,Asma,52,87,78,127,10,36.0,95,46.72,1,1,N
Mariane Freitas,Feminino,1991-09-24,163428505,475.328.906-00,Diabetes,35,114,63,138,18,36.5,99,59.91,1,1,N
Yuri Peixoto,Masculino,1965-03-27,274650186,154.268.793-46,Diabetes,61,113,89,70,10,36.1,100,42.54,1,0,N
Vitor Hugo Lopes,Masculino,1987-04-18,416085738,239.608.514-05,Asma,39,139,59,40,10,35.8,97,6.72,1,0,N
João Miguel Ribeiro,Masculino,1984-04-19,842763156,186.297.305-95,Diabetes,42,129,75,40,15,35.6,93,73.96,1,0,N
Maya Porto,Feminino,1948-08-28,084135268,170.943.658-10,Diabetes,78,96,64,118,15,37.1,98,82.04,1,1,N
Carlos Eduardo Borges,Masculino,1948-12-06,503817624,024.865.371-71,Diabetes,77,123,81,83,13,36.5,99,4.14,1,0,N
Caio Rezende,Masculino,1961-04-19,576083148,261.978.430-13,Doença Cardiovascular,65,133,74,89,14,36.8,89,37.57,1,1,N
Noah Caldeira,Masculino,1969-08-20,572814367,941.532.608-51,Asma,57,150,82,40,18,36.6,97,55.73,1,0,N
Yago Brito,Masculino,1954-09-30,564072187,086.951.324-98,Hipertensão,72,137,80,66,14,36.9,96,60.52,1,0,N
Sarah Pacheco,Feminino,2006-10-17,012548364,465.820.379-00,Nenhuma,19,135,65,77,18,36.3,100,57.82,0,0,N
Lavínia Leão,Feminino,1976-10-09,627518345,723.815.406-44,Asma,50,121,89,90,16,36.1,98,69.29,1,0,N
Heloisa Vasconcelos,Feminino,1955-02-18,708126431,569.423.870-29,Diabetes,71,127,79,75,18,35.8,98,96.68,1,0,N
Maria Helena Camargo,Feminino,1945-08-24,671253086,762.439.185-64,Hipertensão,81,144,65,59,22,35.4,95,39.06,1,0,N
Ravy Campos,Masculino,1947-01-15,781243658,943.712.086-22,Nenhuma,79,93,113,65,22,35.6,97,55.66,0,0,S
Nicole Jesus,Feminino,1977-06-10,761048327,580.426.913-51,Hipertensão,49,113,87,115,24,36.2,100,69.91,1,0,N
Maria Laura Abreu,Feminino,1938-02-16,204756819,627.143.958-64,Hipertensão,88,104,77,91,22,35.2,96,59.24,1,0,N
Heloisa Montenegro,Feminino,1946-02-21,345820769,352.109.684-05,Hipertensão,80,127,101,100,19,35.4,97,38.68,1,0,S
Juliana Ribeiro,Feminino,1942-05-01,420518678,536.021.489-98,Hipertensão,84,144,107,62,15,37.3,90,62.41,1,1,S
Lorena Vieira,Feminino,1995-05-12,572314802,376.481.209-50,Diabetes,31,108,77,40,16,36.7,96,65.01,1,0,S
Isaque Abreu,Masculino,1998-02-24,873265415,941.768.235-00,Hipertensão,28,72,85,71,13,36.1,88,58.5,1,1,N
Ana Beatriz Albuquerque,Feminino,1989-11-26,527436185,703.254.186-08,Doença Cardiovascular,36,111,65,63,18,38.3,94,20.51,1,0,N
Eduardo Vieira,Masculino,1963-08-29,067325488,642.895.103-70,Doença Cardiovascular,63,138,77,93,21,35.2,97,50.6,1,0,N
Stella Sousa,Feminino,1983-10-03,648730529,498.275.310-50,Nenhuma,43,130,77,167,14,37.3,100,88.44,0,1,S
Luiza Farias,Feminino,1953-05-05,081254635,921.076.345-99,Hipertensão,73,128,82,102,17,36.4,93,86.86,1,0,N
Pedro da Costa,Masculino,1943-03-17,531278062,208.761.435-08,Asma,83,114,84,153,14,37.1,98,75.08,1,1,N
Maria Júlia Correia,Feminino,1939-08-14,842306717,829.540.713-97,Asma,87,94,88,99,19,36.6,100,69.72,1,0,S
Maria Júlia Aragão,Feminino,1999-03-08,502831741,750.329.814-60,Nenhuma,27,130,83,69,15,35.0,94,15.33,0,0,N
Paulo Cardoso,Masculino,1988-03-06,064287531,294.308.561-89,Nenhuma,38,103,61,93,14,36.6,90,45.95,0,1,N
Erick Guerra,Masculino,2005-11-06,617432582,736.529.014-52,Nenhuma,20,163,65,129,14,36.8,98,11.1,0,0,N
Valentim Castro,Masculino,1982-11-10,541670232,614.350.782-17,Diabetes,43,131,71,130,20,34.7,92,81.73,1,1,N
Isabel Brito,Feminino,1948-07-22,327048153,693.405.827-56,Diabetes,78,108,75,70,17,38.1,93,29.1,1,0,N
Thiago Campos,Masculino,1969-02-11,106734283,973.421.806-96,Doença Cardiovascular,57,107,95,91,15,36.7,100,76.69,1,0,N
José Pedro Novaes,Masculino,1951-06-11,437025810,741.902.856-76,Asma,75,118,62,49,19,37.0,100,81.46,1,0,N
Lorenzo Costela,Masculino,1968-01-28,270813548,748.126.930-04,Nenhuma,58,115,74,105,15,35.6,92,89.25,0,1,N
Ayla Alves,Feminino,1988-02-06,748123507,908.371.624-40,Nenhuma,38,142,94,123,23,37.1,94,75.38,0,1,S
Alexia Pires,Feminino,1951-08-09,860375122,910.374.862-69,Diabetes,75,123,75,85,13,37.4,95,56.47,1,0,N
Daniela Alves,Feminino,1976-12-13,458702638,469.230.715-34,Nenhuma,49,105,86,68,17,36.7,94,59.82,0,0,N
Ísis Barros,Feminino,1978-04-09,651703244,358.207.941-41,Hipertensão,48,157,77,94,10,36.5,100,32.06,1,0,N
Mateus Alves,Masculino,1949-05-01,051786345,457.601.328-90,Doença Cardiovascular,77,120,83,95,16,35.8,94,17.7,1,0,N
Caroline Marques,Feminino,1996-11-27,587320618,921.835.706-95,Asma,29,135,76,87,10,36.3,95,13.06,1,0,N
Maria Alice Cirino,Feminino,1937-11-17,584372103,420.175.869-94,Doença Cardiovascular,88,107,90,89,21,36.1,100,18.2,1,0,N
Hellena da Rosa,Feminino,1949-01-05,264015733,752.394.186-91,Doença Cardiovascular,77,127,56,80,21,37.0,99,93.4,1,0,S
Zoe da Cruz,Feminino,1947-01-27,730412854,895.461.027-76,Nenhuma,79,126,74,109,21,35.8,100,16.44,0,0,N
Joana Ribeiro,Feminino,2005-06-22,125874303,672.304.859-83,Nenhuma,21,82,84,103,18,37.0,93,72.37,0,0,N
Kamilly Barros,Feminino,2002-02-23,326740582,463.290.518-60,Diabetes,24,160,88,60,13,35.8,94,18.46,1,0,N
Alícia Porto,Feminino,1951-05-16,452308173,916.874.520-67,Hipertensão,75,145,102,59,13,36.3,92,97.53,1,1,N
Cauã Camargo,Masculino,1965-10-24,746120539,981.043.756-01,Hipertensão,60,112,74,78,25,37.0,100,36.66,1,0,N
Camila Caldeira,Feminino,1948-03-28,861730422,801.954.623-51,Nenhuma,78,97,102,103,25,35.9,100,41.21,0,0,N
João Miguel da Luz,Masculino,1943-02-06,172508642,865.019.327-77,Asma,83,126,70,88,18,37.0,94,40.45,1,0,N
Ayla Barbosa,Feminino,1966-12-03,068534711,658.932.041-15,Hipertensão,59,121,99,68,15,36.9,95,81.65,1,0,S
Maria Cecília Costela,Feminino,1959-08-11,431270867,231.940.576-34,Hipertensão,67,127,92,91,24,36.3,95,21.83,1,0,N
Beatriz Mendonça,Feminino,1998-01-28,385276011,632.174.098-50,Nenhuma,28,123,66,76,14,37.4,90,83.1,0,1,S
Maria Sophia Barbosa,Feminino,1941-03-30,27018563X,293.675.810-68,Nenhuma,85,130,84,107,19,36.6,94,65.71,0,0,S
Ana Vitória Costela,Feminino,1957-11-16,145682079,549.176.832-46,Diabetes,68,148,79,93,24,37.4,100,22.03,1,0,N
Maria Flor Dias,Feminino,1976-02-14,235748018,742.109.835-60,Nenhuma,50,131,89,77,13,37.9,93,6.54,0,0,N
Enrico Cirino,Masculino,1946-03-31,451306284,795.601.823-40,Hipertensão,80,99,76,90,22,36.3,97,77.5,1,0,N
Alexia Cavalcanti,Feminino,2001-03-15,548317604,732.648.190-31,Diabetes,25,147,75,117,20,37.0,91,21.9,1,1,N
Ana Beatriz Campos,Feminino,1959-06-23,586103429,402.513.879-41,Nenhuma,67,152,100,70,17,36.0,96,88.91,0,0,N
Luiz Felipe Mendes,Masculino,1962-04-17,307251846,463.280.751-62,Hipertensão,64,183,78,95,13,35.7,94,12.98,1,0,N
Ísis Abreu,Feminino,2006-02-16,238047519,654.037.981-10,Hipertensão,20,97,92,83,14,36.3,92,61.64,1,1,N
Stephany Sousa,Feminino,1993-05-14,631254808,057.896.143-10,Hipertensão,33,124,76,95,19,35.4,100,69.22,1,0,N
Camila Correia,Feminino,1998-03-18,854601235,235.861.940-05,Diabetes,28,78,104,68,10,35.7,100,65.77,1,0,N
Ana Nascimento,Feminino,1975-03-05,372480512,216.495.783-00,Hipertensão,51,131,69,87,18,37.0,93,31.6,1,0,N
Stella Moraes,Feminino,1959-02-12,578160432,520.671.498-49,Hipertensão,67,109,70,112,20,36.1,96,87.55,1,0,N
Henrique Fonseca,Masculino,2004-05-05,680427156,573.804.296-47,Doença Cardiovascular,22,158,102,61,22,37.1,97,76.98,1,0,S
Henrique Alves,Masculino,1955-03-21,750632811,071.835.492-32,Asma,71,104,73,51,11,36.7,89,51.02,1,1,N
Davi Miguel Câmara,Masculino,1944-08-29,682740512,016.253.974-61,Nenhuma,82,86,104,52,24,38.0,91,60.33,0,1,N
Carolina da Mata,Feminino,1988-08-26,567431022,821.547.306-71,Hipertensão,38,110,93,55,26,36.9,100,56.64,1,0,N
Rafaela Costa,Feminino,1969-07-18,241086577,579.621.480-20,Doença Cardiovascular,57,80,77,99,20,37.4,92,94.67,1,1,S
Marcela Santos,Feminino,1990-01-11,635048711,769.180.542-01,Hipertensão,36,135,52,49,12,36.8,100,89.64,1,0,N
Laís Martins,Feminino,1971-09-28,715836407,084.729.631-87,Nenhuma,55,78,79,77,16,36.7,91,23.55,0,1,N
Maya Moraes,Feminino,1947-07-15,145806236,086.519.372-02,Doença Cardiovascular,79,120,81,100,17,37.4,99,26.28,1,0,N
Evelyn da Cunha,Feminino,1964-06-09,126854737,209.348.156-15,Hipertensão,62,78,97,95,19,37.0,95,98.14,1,0,N
Fernanda Rodrigues,Feminino,1953-10-13,140582733,248.791.063-13,Hipertensão,73,113,103,75,18,36.7,96,23.66,1,0,N
Maria Júlia Caldeira,Feminino,1937-03-03,287541034,682.907.413-40,Hipertensão,89,152,69,89,19,36.7,100,95.35,1,0,N
Luana Cavalcante,Feminino,1960-01-10,301657828,120.798.456-67,Nenhuma,66,127,92,87,17,36.9,91,64.98,0,1,N
Ryan Lopes,Masculino,1998-12-02,138746205,715.268.309-30,Diabetes,27,102,91,79,19,36.0,99,5.01,1,0,N
Mariana Peixoto,Feminino,1977-11-28,432087655,783.021.496-40,Doença Cardiovascular,48,119,96,79,15,35.9,99,33.57,1,0,N
Liam Pinto,Masculino,2005-04-26,351642705,726.498.053-74,Hipertensão,21,120,87,140,16,37.6,100,47.62,1,1,N
Maria Isis Lima,Feminino,1972-02-08,761425834,320.846.195-05,Diabetes,54,129,50,105,15,38.0,92,83.31,1,1,S
Luiz Gustavo Freitas,Masculino,1987-12-22,640753127,850.241.396-15,Hipertensão,38,92,77,147,27,35.8,94,32.86,1,1,S
Milena Cavalcante,Feminino,1944-03-30,360271480,238.741.096-31,Diabetes,82,131,62,72,25,36.0,100,31.06,1,0,N
Sophia da Cunha,Feminino,2000-12-14,083156720,472.069.583-38,Diabetes,25,70,76,82,20,37.4,96,92.03,1,0,S
Maria Luísa da Rocha,Feminino,1979-10-22,730528169,257.134.609-16,Nenhuma,46,107,94,51,24,36.9,95,7.9,0,0,N
Vitória Fogaça,Feminino,1997-08-23,613578028,567.981.420-01,Diabetes,29,110,84,64,21,37.0,100,55.15,1,0,N
Arthur Camargo,Masculino,1978-04-01,456873211,695.123.408-60,Hipertensão,48,132,97,132,18,37.2,95,50.42,1,1,S
Luna Lima,Feminino,1935-12-09,734512089,534.126.978-00,Asma,90,120,85,71,10,36.3,93,5.73,1,0,N
Maria Alice da Cruz,Feminino,1977-06-06,143875024,026.398.147-96,Asma,49,91,60,132,16,36.8,99,8.78,1,0,N
Henrique Ribeiro,Masculino,1967-11-15,231406873,597.682.014-01,Doença Cardiovascular,58,100,42,53,16,36.7,98,38.2,1,0,N
Maria Fernanda Casa Grande,Feminino,1947-07-29,28174063X,927.065.134-70,Hipertensão,79,123,82,58,12,35.8,95,13.42,1,0,N
Davi Albuquerque,Masculino,1959-11-30,706428535,870.294.316-69,Hipertensão,66,118,76,76,10,36.8,95,47.81,1,0,N
Anthony Silva,Masculino,1984-05-31,480127633,735.682.049-83,Hipertensão,42,108,65,83,20,37.5,93,60.89,1,0,N
Hadassa Martins,Feminino,1979-03-30,246837500,125.794.063-52,Doença Cardiovascular,47,110,54,108,19,36.2,99,69.14,1,0,N
Luna da Conceição,Feminino,1991-03-16,834512063,215.743.860-26,Diabetes,35,133,68,96,12,36.6,95,54.65,1,0,N
Ana Luiza Gomes,Feminino,2002-03-22,625418736,402.768.391-96,Doença Cardiovascular,24,109,77,74,14,36.7,93,37.97,1,0,N
Heitor Moura,Masculino,1988-03-19,412765032,945.186.073-84,Doença Cardiovascular,38,118,89,81,23,36.3,91,12.98,1,1,N
Bella Novais,Feminino,1951-05-20,856407136,386.075.249-92,Doença Cardiovascular,75,163,82,77,13,37.0,98,24.75,1,0,N
Ana Vitória Oliveira,Feminino,1987-06-03,042736511,275.194.836-73,Hipertensão,39,91,104,62,18,36.0,94,41.94,1,0,N
Maya Dias,Feminino,1995-06-03,027314868,567.829.130-03,Nenhuma,31,82,64,62,17,37.6,88,92.41,0,1,N
Gael Henrique Costa,Masculino,1945-11-01,083746511,295.701.483-14,Asma,80,135,93,110,20,37.0,92,20.26,1,1,N
Thales Monteiro,Masculino,2005-03-08,483562178,678.450.329-56,Nenhuma,21,106,80,40,13,35.8,96,41.33,0,0,N
João Guilherme Leão,Masculino,2004-10-14,218476358,296.830.415-15,Doença Cardiovascular,21,113,90,125,18,37.9,96,73.23,1,1,N
Davi Machado,Masculino,1973-08-17,504831276,873.629.415-28,Nenhuma,53,104,73,76,18,36.6,96,70.52,0,0,N
Luan Pastor,Masculino,1945-04-13,705126432,265.438.901-42,Doença Cardiovascular,81,114,96,65,19,35.9,95,96.56,1,0,N
Isabela Oliveira,Feminino,1937-10-16,416052733,201.385.476-53,Hipertensão,89,151,84,103,18,37.4,91,19.09,1,1,S
João Miguel Almeida,Masculino,1985-01-13,240137589,301.479.568-20,Diabetes,41,136,69,122,19,36.9,93,1.65,1,0,N
Ravi da Paz,Masculino,2006-09-15,806542718,346.710.928-40,Asma,20,137,79,112,28,35.1,100,32.23,1,0,N
Maria Luiza Andrade,Feminino,1945-07-30,643017823,236.781.504-62,Doença Cardiovascular,81,91,76,97,30,36.1,100,14.97,1,0,N
Vinícius Aparecida,Masculino,1962-05-03,246817033,961.534.820-15,Diabetes,64,96,87,112,14,36.7,99,54.85,1,0,N
Antony Azevedo,Masculino,1988-12-22,546817300,017.526.849-58,Hipertensão,37,70,62,42,10,34.8,98,89.88,1,0,N
Aylla Leão,Feminino,1988-09-30,432017586,291.438.056-98,Doença Cardiovascular,38,103,79,71,20,36.6,100,68.82,1,0,N
Kamilly Dias,Feminino,1939-09-15,241057681,316.280.594-51,Hipertensão,87,139,85,62,18,36.6,92,13.58,1,1,N
Maria Liz Barros,Feminino,1949-07-01,835042674,189.405.762-76,Diabetes,77,130,80,115,23,35.6,97,11.61,1,0,N
Levi Monteiro,Masculino,1938-06-29,287136450,502.714.836-44,Doença Cardiovascular,88,115,100,75,19,36.7,92,91.14,1,1,N
Ana Julia Gonçalves,Feminino,1938-12-27,478305126,496.583.271-09,Asma,87,119,91,106,18,36.5,92,48.76,1,1,N
Rafael Monteiro,Masculino,1991-04-19,481736050,936.578.214-73,Nenhuma,35,106,79,98,23,35.5,98,92.37,0,0,S
Maria Fernanda Pinto,Feminino,1971-06-09,074856236,521.640.837-17,Nenhuma,55,124,83,63,24,37.2,100,73.62,0,0,S
Arthur Câmara,Masculino,1994-12-08,12764085X,496.128.305-33,Asma,31,135,84,70,11,37.2,96,99.33,1,0,N
Alexia Carvalho,Feminino,1985-10-27,42068315X,250.387.461-44,Asma,40,87,86,117,13,36.3,100,87.12,1,1,N
Lorenzo Sales,Masculino,1969-09-24,042785637,527.304.961-06,Nenhuma,57,125,52,65,17,36.3,97,41.42,0,0,N
Heloisa Cavalcante,Feminino,1972-06-30,725108344,274.190.586-01,Diabetes,54,138,75,88,18,37.1,93,75.82,1,0,N
Esther Silveira,Feminino,1998-10-15,047618255,350.624.718-26,Diabetes,27,111,57,65,16,36.3,92,47.12,1,1,S
Zoe Abreu,Feminino,1967-09-29,40271538X,369.042.178-04,Doença Cardiovascular,59,134,99,77,20,35.0,100,23.31,1,0,N
Joana Viana,Feminino,1985-08-24,045187629,473.812.650-44,Nenhuma,41,176,79,83,22,36.9,97,24.1,0,0,N
Brenda Aragão,Feminino,1986-05-10,038247513,063.425.798-65,Doença Cardiovascular,40,117,77,65,26,35.8,99,39.73,1,0,N
Breno da Luz,Masculino,1988-06-14,063874155,806.152.743-07,Asma,38,127,93,60,20,36.2,86,11.15,1,1,N
Mateus da Mata,Masculino,1999-11-16,41287605X,879.316.542-00,Diabetes,26,105,86,92,13,37.7,97,17.78,1,0,N
Davi Miguel Pacheco,Masculino,1984-06-17,604275389,628.439.150-15,Hipertensão,42,123,63,63,17,36.4,94,50.06,1,0,N
Dante Cardoso,Masculino,1961-10-30,780516436,824.961.307-40,Doença Cardiovascular,64,129,78,64,17,36.5,91,95.39,1,1,N
Clara Sá,Feminino,1953-01-10,860725340,208.416.395-15,Diabetes,73,123,74,61,20,36.9,96,57.77,1,0,N
Noah Porto,Masculino,1974-10-18,628530146,280.376.459-83,Nenhuma,51,99,53,83,19,36.9,100,40.85,0,0,N
Davi Moreira,Masculino,2003-03-21,532087410,589.471.630-66,Doença Cardiovascular,23,124,69,108,28,35.8,100,24.27,1,0,N
Isabella Oliveira,Feminino,1994-01-18,508231462,562.784.019-67,Doença Cardiovascular,32,149,77,122,15,36.5,97,19.59,1,0,N
Samuel da Mota,Masculino,2003-02-02,316508470,439.758.601-20,Nenhuma,23,128,78,66,19,36.5,94,65.84,0,0,N
Rafaela Câmara,Feminino,1993-06-09,12803645X,389.540.672-47,Hipertensão,33,139,57,138,29,36.7,93,84.83,1,1,S
João Vargas,Masculino,1995-02-20,842516074,109.485.726-20,Nenhuma,31,115,97,59,15,36.7,100,39.89,0,0,N
Bryan Fogaça,Masculino,1938-09-11,065412837,520.318.679-03,Doença Cardiovascular,88,134,78,112,18,38.6,93,55.07,1,0,N
Joaquim Ribeiro,Masculino,1937-01-03,607581426,348.027.695-47,Nenhuma,89,125,80,66,13,35.6,99,70.67,0,0,N
Gabrielly Sales,Feminino,2007-02-20,407856316,792.038.416-87,Hipertensão,19,100,86,63,18,37.3,98,5.83,1,0,N
Breno Monteiro,Masculino,1952-12-28,125683406,276.591.034-07,Nenhuma,73,126,68,66,14,37.4,97,35.09,0,0,N
Hadassa Albuquerque,Feminino,1964-01-21,54712630X,293.657.804-38,Diabetes,62,100,86,83,23,36.9,90,72.98,1,1,N
Ravi Lucca Gomes,Masculino,1941-09-23,456013829,870.624.531-53,Nenhuma,85,107,74,99,18,36.0,95,68.46,0,0,N
Raquel Caldeira,Feminino,1977-07-19,271435689,937.481.506-01,Hipertensão,49,123,66,101,13,37.8,91,5.33,1,1,N
Gustavo Henrique Pastor,Masculino,1993-09-21,810625349,971.534.628-64,Diabetes,33,125,88,61,22,34.7,94,23.78,1,0,N
Théo Dias,Masculino,1959-02-27,72681054X,541.082.376-17,Nenhuma,67,96,102,60,18,36.0,100,68.0,0,0,N
Mirella Rezende,Feminino,1969-05-04,78345126X,974.826.350-92,Asma,57,141,90,62,22,37.4,100,27.14,1,0,N
Sofia Caldeira,Feminino,1961-01-24,784053625,617.905.823-77,Nenhuma,65,131,93,82,12,36.2,97,81.44,0,0,N
Henry Fonseca,Masculino,1999-05-22,408612733,630.475.219-99,Hipertensão,27,105,72,79,19,37.8,94,2.95,1,0,N
Milena Pinto,Feminino,2005-05-23,312847063,045.169.837-10,Doença Cardiovascular,21,89,56,61,21,35.3,100,19.03,1,0,N
Gabriela Vasconcelos,Feminino,1999-05-27,368071522,375.692.814-46,Doença Cardiovascular,27,117,102,91,15,35.6,94,28.13,1,0,N
Esther Azevedo,Feminino,1977-05-23,724801352,654.107.392-99,Nenhuma,49,111,110,141,11,36.1,92,92.53,0,1,N
Mariana Cavalcante,Feminino,2003-07-12,064387513,450.376.182-07,Asma,23,122,103,72,17,36.8,99,79.63,1,0,S
Cauã Casa Grande,Masculino,1942-07-28,034861270,492.061.573-61,Asma,84,112,74,74,24,36.3,98,88.41,1,0,N
Cauê Souza,Masculino,1992-08-09,671305426,167.289.350-02,Asma,34,79,62,98,23,36.1,94,44.05,1,0,N
Isabella Almeida,Feminino,1982-09-04,350874219,935.142.680-70,Nenhuma,44,112,64,71,15,37.6,97,82.26,0,0,S
Ester da Mata,Feminino,1947-12-20,608524736,685.497.120-94,Hipertensão,78,113,54,101,11,37.7,98,85.35,1,0,N
Olívia Ribeiro,Feminino,2003-05-28,056847233,352.679.184-82,Hipertensão,23,132,78,67,15,36.2,97,40.0,1,0,N
Milena Fogaça,Feminino,2004-06-30,065412837,702.853.469-38,Doença Cardiovascular,22,106,104,130,15,35.1,98,99.45,1,1,N
Dante Novaes,Masculino,1990-06-10,583270414,538.974.610-48,Nenhuma,36,153,77,93,20,34.8,94,85.12,0,0,N
Maria Lopes,Feminino,1984-03-20,127830546,028.694.371-96,Asma,42,81,84,69,17,36.7,99,97.41,1,0,S
Dom Gonçalves,Masculino,1942-06-29,508147621,825.039.614-60,Diabetes,84,146,100,70,14,37.0,97,86.65,1,0,S
Pedro Moraes,Masculino,1950-04-04,186540279,529.178.306-03,Nenhuma,76,115,73,72,23,36.6,95,77.62,0,0,N
Benjamim Macedo,Masculino,1955-12-23,837642504,819.427.653-55,Nenhuma,70,137,110,119,18,36.4,96,94.38,0,1,N
Léo Brito,Masculino,1999-02-05,326084150,137.682.950-95,Nenhuma,27,121,109,53,20,35.9,96,41.98,0,0,N
Maria Helena Siqueira,Feminino,1973-01-27,173624054,451.726.389-46,Diabetes,53,142,78,68,10,37.0,91,78.33,1,1,N
Evelyn da Rocha,Feminino,1939-11-18,436721806,864.915.037-39,Doença Cardiovascular,86,112,71,70,10,37.8,94,21.29,1,0,N
Maria Luiza Cavalcanti,Feminino,1995-11-04,57281463X,532.960.814-70,Doença Cardiovascular,30,98,90,84,10,34.7,97,73.28,1,0,N
João Guilherme Moura,Masculino,2002-04-18,036478520,835.672.019-21,Diabetes,24,148,74,78,15,36.4,91,78.54,1,1,N
Thales Moreira,Masculino,1977-10-31,368247156,516.049.237-25,Doença Cardiovascular,48,117,62,47,20,35.7,94,71.65,1,0,N
Bianca Rodrigues,Feminino,2008-03-04,672180534,459.710.823-88,Hipertensão,18,124,99,75,10,35.3,100,84.98,1,0,N
Isadora Camargo,Feminino,1941-10-10,472185305,065.729.184-67,Hipertensão,85,144,98,82,25,35.6,92,41.33,1,1,N
Bruna Aragão,Feminino,1985-11-17,817035242,214.035.786-80,Diabetes,40,99,82,69,18,36.8,95,54.48,1,0,N
João Felipe da Costa,Masculino,1972-03-26,374056821,904.783.165-93,Diabetes,54,131,61,102,24,36.8,93,1.07,1,0,N
Vitor Brito,Masculino,1980-03-06,20415876X,361.908.752-03,Hipertensão,46,108,61,107,13,37.7,96,14.61,1,0,N
Henry Gabriel Pinto,Masculino,1944-02-24,084325616,583.796.124-00,Diabetes,82,117,81,83,20,36.5,93,64.42,1,0,N
Matteo Gonçalves,Masculino,1964-10-13,163045823,063.541.278-08,Asma,62,121,72,90,18,35.1,96,56.23,1,0,N
Hellena Siqueira,Feminino,1981-12-22,48270651X,618.324.507-08,Hipertensão,44,89,74,40,22,36.3,94,19.73,1,0,N
Thales Costela,Masculino,1989-02-28,613574205,678.532.409-29,Asma,37,104,95,74,16,35.4,100,24.35,1,0,N
Gustavo Ferreira,Masculino,1944-03-06,781304623,125.836.704-17,Doença Cardiovascular,82,147,90,110,20,35.5,97,34.41,1,0,N
Laura Siqueira,Feminino,1947-03-27,025381763,073.586.194-39,Hipertensão,79,137,100,74,23,37.0,92,71.64,1,1,N
Calebe Cirino,Masculino,1999-01-06,657241039,149.860.537-01,Nenhuma,27,118,65,66,14,36.7,100,60.97,0,0,N
Pietra Sousa,Feminino,2003-03-13,682451034,075.136.489-48,Nenhuma,23,124,74,141,19,37.0,93,6.96,0,0,N
Isaque Cavalcante,Masculino,2005-10-31,451807327,206.351.498-42,Hipertensão,20,114,91,130,10,36.2,90,75.99,1,1,N
Bernardo Cavalcante,Masculino,1965-09-06,847350216,781.234.596-37,Diabetes,61,147,86,96,21,37.1,96,26.27,1,0,N
Lucas Gabriel Marques,Masculino,1990-09-08,481563076,714.968.352-55,Asma,36,115,102,113,27,36.2,100,67.18,1,0,N
Anthony Gabriel Rios,Masculino,1945-12-08,084235718,897.514.036-93,Doença Cardiovascular,80,124,86,40,11,37.4,89,12.34,1,1,N
Mariane Farias,Feminino,1944-02-24,473105263,657.930.184-84,Hipertensão,82,142,107,65,17,36.8,91,99.79,1,1,N
Felipe da Luz,Masculino,1992-01-20,207185438,246.801.937-78,Doença Cardiovascular,34,104,88,73,22,36.3,100,8.03,1,0,N
Enzo Gabriel Rocha,Masculino,1984-11-26,851623402,816.320.495-89,Doença Cardiovascular,41,151,95,79,18,36.7,94,74.17,1,0,N
Maria Melo,Feminino,1944-03-16,516703821,809.751.623-30,Nenhuma,82,89,75,72,18,36.5,99,54.13,0,0,N
Alexandre Mendonça,Masculino,1963-09-03,068753123,873.160.925-21,Nenhuma,63,152,80,40,16,37.8,93,8.59,0,0,N
Olivia Camargo,Feminino,1943-05-16,874512062,146.753.082-44,Nenhuma,83,112,93,94,15,36.7,97,2.68,0,0,N
Antony Nunes,Masculino,2002-05-31,65418723X,286.740.195-01,Diabetes,24,115,104,98,17,36.5,100,36.27,1,0,N
Ian Moura,Masculino,1938-10-18,405628316,147.529.608-85,Diabetes,88,82,90,125,18,36.3,92,80.22,1,1,N
Eloah Sá,Feminino,1980-10-27,034671286,386.175.409-66,Hipertensão,45,110,78,65,12,37.2,100,4.12,1,0,N
Aylla Brito,Feminino,1938-01-27,463805124,059.326.718-40,Asma,88,99,100,63,17,37.1,99,70.44,1,0,N
Lucas Gabriel Machado,Masculino,1945-09-01,860143570,941.732.685-64,Diabetes,81,107,47,40,25,36.3,91,65.54,1,1,N
Luiz Fernando Nogueira,Masculino,1960-10-11,236081573,970.251.436-34,Hipertensão,66,117,58,77,15,35.6,99,26.55,1,0,N
Ryan da Cunha,Masculino,1989-12-14,074865122,670.834.529-38,Diabetes,36,139,90,107,11,35.8,97,7.75,1,0,N
Natália Albuquerque,Feminino,1974-05-16,860725431,814.369.702-96,Asma,52,124,80,69,17,36.4,97,91.53,1,0,N
Kevin Santos,Masculino,1967-09-10,346201573,471.059.268-30,Doença Cardiovascular,59,126,89,138,14,37.6,98,30.03,1,1,N
Stella Vasconcelos,Feminino,1953-11-23,452081737,653.107.498-10,Nenhuma,72,98,80,78,11,36.3,95,11.14,0,0,N
Daniel da Mata,Masculino,2003-04-22,812536071,954.236.710-43,Nenhuma,23,102,88,88,18,36.0,97,68.15,0,0,N
Alícia Casa Grande,Feminino,1990-04-04,076214850,542.396.071-16,Asma,36,155,67,50,14,35.1,97,21.67,1,0,N
Henry Ribeiro,Masculino,1951-05-16,508673215,516.493.702-61,Hipertensão,75,105,88,92,14,37.7,99,47.56,1,0,N
Luiz Henrique Monteiro,Masculino,1957-03-05,786250318,184.725.390-32,Hipertensão,69,153,94,40,18,37.0,90,5.04,1,1,N
Joaquim Oliveira,Masculino,1949-10-16,358760240,356.987.041-39,Doença Cardiovascular,77,115,98,102,10,37.1,100,99.3,1,0,N
Luiz Miguel Costela,Masculino,1963-07-03,671830545,640.283.157-35,Nenhuma,63,120,110,103,10,37.3,92,44.76,0,1,N
Evelyn Garcia,Feminino,1950-12-15,472065130,295.143.087-60,Hipertensão,75,141,83,118,21,36.4,100,99.91,1,1,N
João Guilherme Pires,Masculino,1936-09-20,253608740,731.290.468-87,Diabetes,90,145,84,59,10,36.6,97,38.57,1,0,N
Milena Moura,Feminino,1948-10-18,437285017,061.473.985-39,Nenhuma,78,117,57,89,13,37.7,91,34.79,0,1,S
Julia Rocha,Feminino,1983-03-29,825376105,871.593.624-46,Doença Cardiovascular,43,112,72,99,10,36.6,99,91.46,1,0,N
Luísa Gonçalves,Feminino,1984-04-19,068237418,240.657.138-62,Nenhuma,42,118,77,96,15,37.0,93,32.95,0,0,N
Oliver da Mota,Masculino,1957-10-01,418320652,240.976.538-65,Nenhuma,69,126,95,63,20,37.2,100,43.2,0,0,N
Gabriel Aparecida,Masculino,1973-10-10,027341653,801.549.732-97,Nenhuma,53,137,70,40,18,37.0,94,7.81,0,0,N
Vicente Sampaio,Masculino,1946-08-31,623418575,241.397.856-91,Nenhuma,80,120,91,93,29,36.4,91,95.55,0,1,N
Camila Lopes,Feminino,1993-01-18,652014380,549.067.832-10,Nenhuma,33,132,79,81,23,36.5,100,8.52,0,0,N
Luiz Felipe da Paz,Masculino,1948-08-07,142083756,138.207.594-41,Doença Cardiovascular,78,152,77,70,13,37.1,97,77.12,1,0,N
Alexia Monteiro,Feminino,1942-04-27,283765045,693.172.854-73,Doença Cardiovascular,84,127,83,104,12,37.1,100,53.86,1,0,N
Nina Rodrigues,Feminino,1937-05-26,672315488,593.286.741-82,Hipertensão,89,126,74,83,31,37.4,93,6.14,1,0,N
Stephany da Rocha,Feminino,1976-07-03,540128739,963.184.752-73,Asma,50,89,73,52,23,36.9,89,0.17,1,1,S
Elisa da Rosa,Feminino,1964-07-24,582136404,274.516.980-76,Doença Cardiovascular,62,70,54,40,20,37.0,100,93.56,1,0,N
Laura Azevedo,Feminino,1974-01-20,206483715,753.864.912-37,Diabetes,52,127,76,56,18,36.1,96,74.22,1,0,N
Anthony Gabriel Marques,Masculino,2003-01-17,483621705,536.109.784-57,Doença Cardiovascular,23,118,72,144,19,36.0,98,68.64,1,1,N
Helena da Paz,Feminino,1998-07-06,17354860X,581.034.697-93,Nenhuma,28,109,72,103,10,37.1,99,43.86,0,0,N
Camila Aragão,Feminino,1977-10-27,438621578,756.380.921-02,Diabetes,48,124,86,89,18,36.0,95,23.86,1,0,S
Lorena Abreu,Feminino,1959-08-03,156748320,021.836.479-22,Doença Cardiovascular,67,118,89,80,18,36.5,97,67.99,1,0,N
Luiz Gustavo Ribeiro,Masculino,1945-07-27,301458273,142.973.608-96,Doença Cardiovascular,81,142,83,78,13,37.6,100,60.83,1,0,N
Ana Julia da Cunha,Feminino,1979-04-11,852617033,579.210.348-88,Nenhuma,47,121,94,114,15,37.5,96,72.63,0,0,N
Marcela da Paz,Feminino,1963-02-28,402538675,783.965.021-02,Hipertensão,63,105,88,72,25,36.7,100,36.58,1,0,N
Eduardo Borges,Masculino,1936-12-28,873125605,967.481.302-04,Hipertensão,89,139,75,99,17,36.3,89,98.69,1,1,N
Cecília Siqueira,Feminino,1995-11-03,476308124,825.614.037-26,Doença Cardiovascular,30,115,73,76,28,36.4,100,6.7,1,0,N
Pedro Pacheco,Masculino,1949-11-17,871340628,431.856.079-10,Nenhuma,76,130,84,133,10,37.2,90,7.97,0,1,N
Lavínia Câmara,Feminino,1997-07-26,168037427,428.617.095-02,Asma,29,110,88,103,15,36.5,100,91.69,1,0,S
Olívia Fogaça,Feminino,2008-05-07,135478066,690.832.714-04,Nenhuma,18,107,100,116,10,36.1,98,64.77,0,1,N
Maria Isis Lima,Feminino,1961-04-16,038467124,627.493.508-83,Diabetes,65,121,97,70,11,37.5,96,32.63,1,0,N
Carlos Eduardo da Luz,Masculino,1963-07-09,168234750,038.917.245-60,Hipertensão,63,120,71,111,13,36.6,96,76.2,1,0,N
Luana Cavalcanti,Feminino,1993-06-26,214758606,807.365.421-08,Diabetes,33,129,78,77,19,36.0,95,45.28,1,0,N
Pedro Henrique Rocha,Masculino,1994-11-28,243675100,831.750.629-03,Doença Cardiovascular,31,114,90,87,19,36.9,93,2.11,1,0,N
Cecilia Rodrigues,Feminino,1989-06-21,713602582,859.143.270-32,Nenhuma,37,83,96,125,14,37.3,96,65.11,0,1,N
José Carvalho,Masculino,1935-10-31,728346503,986.057.123-68,Diabetes,90,111,94,58,10,35.7,100,24.31,1,0,N
Gabriela da Rosa,Feminino,2003-09-08,351470827,543.206.879-65,Doença Cardiovascular,23,135,79,90,25,36.3,100,11.53,1,0,N
Antonella da Rosa,Feminino,1987-12-27,417362857,625.874.093-65,Doença Cardiovascular,38,114,61,95,16,36.3,93,22.53,1,0,N
Nicole Nogueira,Feminino,1977-04-09,243058172,786.435.129-82,Nenhuma,49,115,65,98,12,36.9,98,47.62,0,0,S
Marcos Vinicius Viana,Masculino,1960-12-11,214068572,360.275.489-83,Asma,65,139,84,73,19,37.0,97,4.99,1,0,N
Aylla Carvalho,Feminino,1992-08-17,103764823,539.416.207-70,Asma,34,105,85,137,19,36.1,96,88.32,1,1,N
Pedro Miguel Sales,Masculino,1978-05-03,317082656,809.743.162-96,Doença Cardiovascular,48,89,63,52,16,35.3,92,55.99,1,1,N
Theodoro Rodrigues,Masculino,1995-11-10,831726544,086.179.352-86,Hipertensão,30,116,80,121,18,37.3,98,29.3,1,0,N
Ravi Lucca Fogaça,Masculino,1992-06-01,032154689,937.120.485-05,Diabetes,34,110,89,115,12,35.6,100,68.7,1,0,S
Nina Leão,Feminino,1952-06-13,017253640,809.374.261-13,Hipertensão,74,100,62,132,21,36.7,93,80.42,1,1,S
Ravi Alves,Masculino,1968-11-12,147652388,301.472.689-31,Doença Cardiovascular,57,116,96,45,13,36.4,100,61.39,1,0,N
Apollo Vargas,Masculino,1946-02-06,70183562X,342.167.905-34,Nenhuma,80,129,74,63,14,36.6,100,20.25,0,0,N
Caio Sá,Masculino,1949-09-01,827415060,519.028.743-23,Doença Cardiovascular,77,119,98,122,21,37.8,99,11.03,1,0,N
Kevin Viana,Masculino,2004-01-05,432657010,987.506.324-00,Diabetes,22,126,71,40,24,38.9,92,85.99,1,1,N
Théo Freitas,Masculino,1975-11-15,738461520,213.476.509-70,Hipertensão,50,156,64,44,25,35.2,98,23.47,1,0,N
Yago Nunes,Masculino,1975-02-19,487605214,834.579.201-41,Nenhuma,51,113,73,72,23,37.3,98,2.01,0,0,N
Benjamim Sá,Masculino,1964-01-08,326851707,120.896.743-69,Asma,62,125,78,89,16,36.4,99,64.29,1,0,N
Carolina Guerra,Feminino,1991-05-31,067582412,746.085.912-58,Hipertensão,35,109,74,124,10,37.3,100,15.29,1,0,S
Ravi Teixeira,Masculino,1945-04-04,286051370,438.571.026-08,Nenhuma,81,103,76,80,25,37.3,96,99.1,0,0,N
Natália Aragão,Feminino,1997-07-11,435620186,096.145.823-24,Asma,29,108,85,69,24,37.6,100,86.97,1,0,N
Benjamin da Mata,Masculino,1954-09-04,820451733,904.862.513-06,Nenhuma,72,110,77,92,14,36.7,98,60.84,0,0,N
Lucas Gabriel Peixoto,Masculino,1941-03-19,210765847,314.965.802-06,Asma,85,127,79,96,22,35.8,95,83.39,1,0,N
Lavínia Nunes,Feminino,1989-12-15,83460517X,916.230.487-96,Hipertensão,36,166,54,96,16,37.2,100,47.05,1,0,N
Luísa Araújo,Feminino,1947-02-22,582370140,306.792.584-00,Nenhuma,79,105,85,80,25,36.6,100,78.85,0,0,N
Sophia Sousa,Feminino,1946-01-09,601725384,945.617.302-06,Diabetes,80,111,78,40,15,36.3,95,64.65,1,0,N
Gabrielly Moreira,Feminino,1970-12-02,468051739,903.786.215-21,Hipertensão,55,118,104,62,27,36.1,97,2.86,1,0,N
Sabrina Carvalho,Feminino,1939-09-02,387026150,849.051.362-70,Hipertensão,87,127,65,120,21,37.3,99,94.88,1,1,N
Eduardo da Rosa,Masculino,1944-09-23,215068737,623.759.148-64,Diabetes,82,125,52,89,26,37.8,96,86.09,1,0,N
André Mendonça,Masculino,1980-08-01,216530878,962.831.750-40,Diabetes,46,145,89,76,15,35.5,97,95.34,1,0,N
Guilherme Camargo,Masculino,1970-09-25,017328640,528.396.740-92,Asma,56,71,85,112,20,37.0,93,73.14,1,0,N
Agatha Cassiano,Feminino,1976-06-10,520748360,768.304.912-31,Hipertensão,50,72,64,56,13,36.2,90,41.21,1,1,N
Dante Moreira,Masculino,1956-01-12,604753287,529.864.730-83,Doença Cardiovascular,70,110,57,79,22,35.3,97,20.7,1,0,N
Isadora Costela,Feminino,1947-11-20,182573047,764.129.803-69,Doença Cardiovascular,78,141,103,88,22,36.6,97,18.0,1,0,N
Renan Alves,Masculino,1980-12-17,438251672,384.769.502-92,Nenhuma,45,88,101,73,29,35.8,99,14.49,0,0,N
Melina Gonçalves,Feminino,1968-02-03,731058422,054.671.398-00,Nenhuma,58,70,42,87,20,35.2,94,22.06,0,0,N
Camila da Rosa,Feminino,1988-06-01,532106477,907.581.624-30,Nenhuma,38,131,73,80,21,35.9,91,55.06,0,1,N
Rafaela Cirino,Feminino,1941-12-22,568120747,285.401.793-50,Asma,84,124,104,50,15,35.7,93,68.37,1,0,S
Yago da Luz,Masculino,1966-11-09,043275163,064.391.782-96,Diabetes,59,98,72,89,20,36.0,100,31.41,1,0,N
Maysa Ribeiro,Feminino,1978-11-15,164587238,786.059.234-74,Doença Cardiovascular,47,100,72,51,16,35.4,94,54.87,1,0,N
Davi Lopes,Masculino,1965-11-04,056732843,438.695.021-42,Nenhuma,60,100,75,89,18,36.2,95,34.13,0,0,N
Antônio Cirino,Masculino,1945-03-25,351407820,967.208.413-78,Doença Cardiovascular,81,122,63,119,18,35.9,95,69.65,1,1,S
Isaque Cavalcante,Masculino,1998-07-11,683702452,307.918.624-96,Nenhuma,28,107,54,77,16,36.8,94,98.85,0,0,N
Ísis Costa,Feminino,1974-07-05,857430166,289.531.074-23,Nenhuma,52,129,95,55,18,37.0,94,68.9,0,0,N
Pietra da Rocha,Feminino,2004-09-27,428051376,378.295.104-23,Hipertensão,22,70,52,81,16,36.7,93,5.9,1,0,N
Beatriz Pastor,Feminino,1943-07-23,734560813,510.924.836-24,Doença Cardiovascular,83,102,83,64,16,36.3,100,47.72,1,0,N
Maria Eduarda Rios,Feminino,1959-01-23,037618520,986.072.451-20,Nenhuma,67,97,93,99,23,36.3,99,77.04,0,0,N
Matteo Gomes,Masculino,2005-04-22,564827034,186.547.029-58,Doença Cardiovascular,21,114,58,81,18,35.8,100,54.22,1,0,N
Nicole Leão,Feminino,1947-04-27,748360517,507.349.281-14,Asma,79,109,66,127,19,35.8,100,95.11,1,1,N
Clara Alves,Feminino,1999-11-18,057682410,018.245.739-79,Nenhuma,26,135,98,114,10,37.1,87,5.48,0,1,N
Natália Campos,Feminino,1981-11-10,014873564,265.143.089-70,Nenhuma,44,82,87,81,20,35.1,98,29.12,0,0,S
Mathias Albuquerque,Masculino,1936-04-18,087245164,307.596.842-00,Asma,90,120,70,102,20,36.4,94,22.07,1,0,S
Liz Andrade,Feminino,1986-12-06,235840713,305.927.864-47,Diabetes,39,131,98,75,16,36.2,100,76.76,1,0,N
Asafe Fogaça,Masculino,1998-12-30,527613046,316.479.802-40,Nenhuma,27,157,98,85,28,37.0,94,52.38,0,0,N
Nina Silveira,Feminino,1938-02-08,560287318,923.407.851-97,Asma,88,110,84,75,10,35.4,92,13.83,1,1,N
João Guilherme Albuquerque,Masculino,1940-01-09,016847258,243.189.650-15,Nenhuma,86,126,66,104,21,36.5,91,28.56,0,1,N
Luiz Henrique Montenegro,Masculino,1936-12-21,158420676,840.325.176-90,Doença Cardiovascular,89,83,73,120,21,36.8,95,52.27,1,1,N
Giovanna Ferreira,Feminino,1962-04-04,180247633,524.397.801-97,Asma,64,72,84,104,20,35.0,100,99.61,1,0,N
Maria Julia Moraes,Feminino,2001-10-25,065213877,357.048.129-88,Asma,24,136,77,108,18,35.6,98,36.43,1,0,N
Emanuella Rezende,Feminino,2005-07-29,167342502,392.104.758-79,Asma,21,119,94,108,20,36.4,92,15.68,1,1,N
Maria Rezende,Feminino,1976-12-11,087614522,154.687.329-55,Diabetes,49,143,57,98,22,36.9,100,49.71,1,0,N
Maitê Marques,Feminino,1991-11-02,163472853,087.235.694-92,Asma,34,92,57,56,14,36.6,99,31.02,1,0,S
João Lucas Viana,Masculino,1968-09-13,731645820,614.823.905-15,Doença Cardiovascular,58,130,82,127,19,36.9,100,56.6,1,1,N
Matteo Azevedo,Masculino,1966-08-20,148253076,823.150.476-17,Asma,60,157,72,130,17,35.6,100,46.67,1,1,N
Maria Flor Melo,Feminino,1993-03-08,805327162,082.674.359-56,Diabetes,33,128,70,79,12,35.2,90,68.95,1,1,N
Fernando Oliveira,Masculino,1981-03-20,802546717,149.372.856-37,Hipertensão,45,125,53,75,21,36.6,93,91.43,1,0,N
Valentina da Luz,Feminino,1962-10-26,213476058,894.025.317-50,Hipertensão,63,120,80,100,15,35.5,100,20.05,1,0,N
Lorenzo Pastor,Masculino,1978-10-28,781053468,358.496.217-09,Doença Cardiovascular,47,88,79,98,10,35.8,93,82.12,1,0,N
Marcela Pacheco,Feminino,1992-07-25,410286758,716.982.453-19,Hipertensão,34,147,89,79,15,37.2,95,94.93,1,0,N
Nathan Azevedo,Masculino,1961-02-23,812650475,987.160.425-49,Doença Cardiovascular,65,107,81,53,14,36.7,96,37.36,1,0,N
Arthur Siqueira,Masculino,1956-07-20,58143206X,579.102.486-01,Doença Cardiovascular,70,130,78,92,23,36.0,91,11.37,1,1,N
Isabel Brito,Feminino,1997-04-27,280314759,074.653.982-74,Diabetes,29,88,97,98,18,35.9,95,82.19,1,0,S
Sara Rocha,Feminino,2004-10-14,246731801,436.918.027-96,Diabetes,21,96,60,103,24,37.0,100,70.11,1,0,N
Luna Teixeira,Feminino,1954-02-01,201473562,827.541.069-01,Asma,72,148,88,93,14,36.7,99,21.27,1,0,N
Isaac Caldeira,Masculino,1997-03-06,518672037,047.239.518-14,Asma,29,113,54,78,22,35.5,100,44.52,1,0,N
Matheus Sá,Masculino,1945-09-25,456380723,417.260.953-80,Hipertensão,81,149,67,109,32,34.9,100,57.8,1,0,N
Benício Araújo,Masculino,1994-11-18,456312079,593.042.786-00,Nenhuma,31,118,61,86,19,38.0,98,16.99,0,0,N
José Camargo,Masculino,1969-06-13,301276456,975.603.214-61,Diabetes,57,83,91,73,22,35.5,98,71.49,1,0,N
Brayan Macedo,Masculino,1935-12-10,187023645,854.921.370-50,Doença Cardiovascular,90,137,79,80,21,36.9,98,68.99,1,0,N
Ana Cavalcanti,Feminino,1938-12-18,218734608,107.246.583-35,Asma,87,108,79,41,10,37.7,94,88.71,1,0,S
Bianca Sampaio,Feminino,1940-01-29,587416324,841.792.053-60,Doença Cardiovascular,86,133,63,80,20,36.6,92,56.73,1,1,N
Marcos Vinicius Carvalho,Masculino,1944-05-23,023876141,478.093.562-83,Asma,82,120,75,102,19,36.0,94,57.43,1,0,N
Gabriela Costa,Feminino,1992-12-11,875123466,856.137.420-90,Hipertensão,33,89,68,93,16,35.4,95,61.94,1,0,N
Samuel Macedo,Masculino,1944-09-10,410726588,415.082.637-44,Asma,82,123,85,123,13,35.3,94,27.38,1,0,N
Heloisa Costa,Feminino,1950-11-14,463178026,471.853.209-41,Asma,75,163,65,78,21,36.8,98,75.86,1,0,N
Maya Moura,Feminino,1994-08-03,607384219,541.862.093-24,Diabetes,32,129,99,97,13,37.7,97,66.25,1,0,N
Caio Pacheco,Masculino,1989-07-09,750821644,647.531.928-73,Diabetes,37,118,54,104,28,36.2,98,83.91,1,0,N
Aylla Costela,Feminino,1965-11-10,187302455,517.486.230-44,Hipertensão,60,141,67,143,18,36.1,98,76.86,1,1,N
Cecilia Abreu,Feminino,1952-07-09,531864200,527.683.019-30,Nenhuma,74,124,105,88,11,37.1,100,63.86,0,0,N
Maria Luísa Nunes,Feminino,1968-07-17,431075621,571.938.640-84,Hipertensão,58,124,73,58,15,36.0,96,16.09,1,0,N
Brayan Fernandes,Masculino,1955-11-26,745238014,578.146.093-48,Nenhuma,70,98,60,106,16,36.7,100,91.91,0,0,N
Vinícius Monteiro,Masculino,2004-08-06,184652030,891.470.526-94,Asma,22,124,83,131,30,36.5,99,36.72,1,1,N
Giovanna Oliveira,Feminino,1971-06-10,153468026,963.825.107-77,Nenhuma,55,140,72,76,13,36.2,100,96.43,0,0,S
Sarah Fogaça,Feminino,1966-09-06,370258642,879.051.462-94,Diabetes,60,103,67,106,17,36.5,100,40.19,1,0,N
Cecilia Azevedo,Feminino,1938-11-08,641835279,496.720.381-78,Doença Cardiovascular,87,148,63,115,15,37.9,99,14.59,1,0,N
Paulo Pires,Masculino,1936-09-13,54837160X,645.829.170-11,Asma,90,118,121,110,20,37.0,97,88.48,1,0,N
Ana Sophia Nunes,Feminino,1942-11-08,475832061,741.985.026-76,Nenhuma,83,102,76,88,15,37.4,97,79.51,0,0,N
Davi Lucas Viana,Masculino,1988-10-18,578063219,542.189.360-05,Hipertensão,37,139,51,67,12,35.8,95,78.63,1,0,N
Kaique Brito,Masculino,1962-06-24,480613722,476.193.058-66,Hipertensão,64,114,102,82,17,37.4,94,8.94,1,0,N
Sara da Conceição,Feminino,1943-08-01,248135764,136.049.578-93,Doença Cardiovascular,83,135,89,96,16,37.0,100,87.93,1,0,N
Vitor Hugo Farias,Masculino,1979-01-06,602843510,628.570.319-12,Diabetes,47,114,68,107,15,35.3,93,59.64,1,0,N
Henry Gabriel da Rocha,Masculino,1999-02-20,184603523,736.450.219-06,Doença Cardiovascular,27,118,66,93,15,36.9,100,47.04,1,0,N
Mathias Santos,Masculino,1943-08-22,785123647,062.937.581-02,Hipertensão,83,129,90,75,23,36.1,96,91.32,1,0,N
Ana Lívia Castro,Feminino,1960-10-05,67452830X,923.146.508-24,Asma,66,125,76,98,16,35.3,100,66.6,1,0,N
Breno Nascimento,Masculino,1940-03-07,735104621,467.385.190-01,Hipertensão,86,80,51,106,12,36.6,94,13.3,1,0,N
Isaque Moreira,Masculino,1941-11-27,75620138X,084.561.237-90,Doença Cardiovascular,84,97,106,94,15,36.9,98,51.95,1,0,N
Theodoro das Neves,Masculino,1972-11-07,587346206,156.470.982-58,Nenhuma,53,138,73,64,18,36.6,95,63.66,0,0,N
Benjamin Nogueira,Masculino,1965-07-27,703682519,124.785.960-67,Hipertensão,61,117,102,80,11,36.4,93,89.86,1,0,S
Olivia da Luz,Feminino,1943-03-01,530687422,903.126.784-87,Hipertensão,83,109,99,108,26,36.2,100,27.99,1,0,N
Arthur Gabriel Fernandes,Masculino,1939-09-04,41736250X,430.276.985-83,Asma,87,92,64,50,22,38.5,92,79.42,1,1,N
José Pedro Costa,Masculino,1987-10-07,124567836,793.620.581-03,Nenhuma,39,98,95,40,25,35.6,94,79.98,0,0,N
Ana Liz Carvalho,Feminino,1959-12-28,240857367,650.231.497-06,Doença Cardiovascular,66,79,70,122,19,37.2,99,12.8,1,0,N
Luísa Sá,Feminino,2006-06-19,513624788,326.940.715-70,Diabetes,20,117,51,97,10,36.5,99,1.72,1,0,S
Isabela Monteiro,Feminino,1995-02-03,268175342,152.830.697-02,Asma,31,108,73,100,25,35.8,91,58.14,1,1,N
Arthur Miguel Ferreira,Masculino,1956-09-29,286105470,746.310.592-06,Diabetes,70,100,85,58,13,36.5,99,78.95,1,0,S
Maria Vitória Peixoto,Feminino,2006-07-21,410325673,604.237.591-16,Nenhuma,20,118,73,103,14,35.4,97,55.44,0,0,N
Yuri Mendes,Masculino,2005-05-18,26810475X,508.234.971-60,Diabetes,21,127,75,91,18,36.0,93,81.33,1,0,N
Júlia Silveira,Feminino,1971-08-30,873046158,257.463.801-80,Hipertensão,55,161,97,45,24,36.5,93,62.23,1,0,N
Bella Andrade,Feminino,1950-04-22,728051461,826.475.093-10,Hipertensão,76,89,81,120,23,35.3,88,65.33,1,1,N
Thiago Câmara,Masculino,1964-12-27,568417033,810.437.529-60,Hipertensão,61,143,67,88,22,36.9,100,2.82,1,0,N
Marina Mendes,Feminino,1944-01-30,065283715,821.936.540-42,Nenhuma,82,139,90,75,16,35.7,100,8.86,0,0,N
Ian Almeida,Masculino,1950-02-02,154627380,296.183.074-50,Nenhuma,76,104,82,75,16,35.3,91,72.5,0,1,N
Amanda Vasconcelos,Feminino,1937-01-05,237845064,136.908.475-75,Diabetes,89,124,42,40,19,35.6,100,76.28,1,0,S
Vitor Pereira,Masculino,1967-07-04,086517247,601.472.395-16,Doença Cardiovascular,59,110,86,99,17,38.2,94,54.22,1,0,N
Allana Novaes,Feminino,1961-03-19,76502813X,170.543.869-57,Nenhuma,65,123,85,91,22,34.9,100,59.02,0,0,N
Benjamim Gomes,Masculino,1998-06-25,320768144,506.724.819-01,Hipertensão,28,150,80,80,22,36.8,95,61.44,1,0,N
Davi Lucas Lopes,Masculino,1985-02-12,674183058,957.268.134-64,Diabetes,41,132,93,116,20,35.9,95,10.5,1,0,N
Cecilia Camargo,Feminino,1968-05-12,862107349,694.502.718-01,Hipertensão,58,130,69,50,10,36.2,95,66.79,1,0,N
Bárbara Pimenta,Feminino,1987-02-03,421035687,910.634.287-69,Doença Cardiovascular,39,111,85,70,18,37.0,94,47.85,1,0,N
Maria Correia,Feminino,1979-04-07,10368475X,743.860.519-10,Asma,47,90,56,63,17,36.9,100,60.25,1,0,N
Pedro Henrique Araújo,Masculino,1971-12-18,458613721,056.714.283-35,Asma,54,115,86,78,18,36.0,100,56.31,1,0,N
Igor Borges,Masculino,1950-09-04,260734810,328.609.751-95,Nenhuma,76,144,109,86,14,35.4,97,76.3,0,0,N
Alexia da Conceição,Feminino,1976-09-18,87145032X,168.703.249-13,Asma,50,89,65,95,11,37.0,100,31.86,1,0,N
Zoe Nunes,Feminino,1960-02-09,130528468,319.752.846-82,Hipertensão,66,98,68,76,20,36.9,90,37.35,1,1,S
Anthony Gabriel Silveira,Masculino,2008-09-22,382154769,217.390.854-50,Hipertensão,18,122,69,63,16,36.3,92,39.16,1,1,N
Benjamin Barbosa,Masculino,1994-05-30,502647139,279.358.016-30,Diabetes,32,100,81,127,20,36.9,98,76.25,1,1,N
Davi Lucas Macedo,Masculino,1992-06-19,248753617,145.238.096-15,Asma,34,104,64,145,14,36.1,99,43.11,1,1,N
Larissa Aparecida,Feminino,1980-01-20,602713547,592.043.168-70,Nenhuma,46,111,86,88,25,35.8,98,17.71,0,0,N
Luiz Fernando Pereira,Masculino,1947-03-05,587213607,694.103.572-25,Doença Cardiovascular,79,92,92,66,23,36.5,89,98.3,1,1,N
João Vitor Cardoso,Masculino,1994-11-12,370162857,184.352.679-46,Diabetes,31,100,88,121,19,36.9,92,49.34,1,1,N
Maria Laura Mendes,Feminino,2004-04-09,16450283X,210.473.865-26,Doença Cardiovascular,22,134,53,48,16,36.7,98,10.92,1,0,N
Ana Vitória Barbosa,Feminino,2003-01-18,108432658,206.143.587-44,Diabetes,23,93,94,76,22,36.9,100,67.03,1,0,S
Ísis Costela,Feminino,1996-12-10,106283479,407.238.591-32,Diabetes,29,88,94,67,19,35.9,100,73.92,1,0,N
Luiz Henrique Câmara,Masculino,2000-09-08,263085715,168.902.743-69,Doença Cardiovascular,26,107,92,56,19,37.8,100,50.02,1,0,N
Liz Fonseca,Feminino,1967-08-19,621387459,891.652.073-86,Diabetes,59,134,85,77,23,36.2,98,64.65,1,0,N
João Vitor Rezende,Masculino,1946-08-12,560248738,082.371.546-90,Diabetes,80,116,83,63,25,36.4,98,17.27,1,0,N
Vinicius da Mata,Masculino,1961-07-12,062314853,607.451.923-43,Doença Cardiovascular,65,110,95,85,11,35.4,92,36.79,1,1,N
Vitor Hugo Montenegro,Masculino,1940-06-02,716053287,480.562.371-35,Diabetes,86,120,108,85,12,36.3,100,16.18,1,0,N
Benjamim Ferreira,Masculino,1953-04-20,127483068,057.934.218-23,Asma,73,85,65,69,14,36.9,96,38.72,1,0,N
Raquel da Mota,Feminino,1945-10-31,641857305,346.127.089-03,Asma,80,129,96,75,10,37.1,99,56.28,1,0,N
Gustavo Carvalho,Masculino,1998-01-25,840732156,082.749.165-49,Hipertensão,28,127,78,79,17,37.7,97,44.25,1,0,N
Isabel das Neves,Feminino,1937-02-16,173268043,516.984.072-11,Nenhuma,89,111,78,105,21,36.9,98,59.32,0,0,N
Davi Freitas,Masculino,1939-12-12,537608242,276.839.054-29,Doença Cardiovascular,86,140,56,81,17,36.7,96,50.18,1,0,N
Arthur Miguel da Costa,Masculino,1955-02-28,340715868,123.586.907-59,Doença Cardiovascular,71,97,75,105,15,36.1,97,31.78,1,0,N
Rafael Camargo,Masculino,1966-01-09,612547383,310.489.726-31,Nenhuma,60,142,65,99,23,36.0,100,14.34,0,0,N
Theo Andrade,Masculino,1943-01-20,863540272,537.849.201-79,Doença Cardiovascular,83,123,73,99,18,37.3,91,25.27,1,1,N
Lara Pastor,Feminino,2006-03-12,75321068X,524.869.017-01,Hipertensão,20,113,63,119,19,37.3,91,20.07,1,1,S
Kaique Barros,Masculino,1981-07-02,283701560,978.345.620-29,Hipertensão,45,119,73,57,23,35.6,98,70.74,1,0,N
João Lucas Pimenta,Masculino,1937-07-24,043871252,329.548.061-33,Hipertensão,89,117,73,73,17,37.1,100,82.0,1,0,N
Thales Almeida,Masculino,1940-09-10,387021450,098.724.356-00,Asma,86,144,81,129,28,37.0,100,72.04,1,1,N
Maria Isis Macedo,Feminino,1944-03-30,372815601,541.869.702-11,Asma,82,98,55,78,15,35.6,92,64.37,1,1,N
Heloisa Costela,Feminino,1968-05-14,285347615,983.724.510-79,Hipertensão,58,104,58,40,27,36.9,95,30.79,1,0,N
Francisco Ribeiro,Masculino,1971-03-13,423618702,368.192.754-55,Hipertensão,55,140,85,79,13,35.7,91,71.1,1,1,N
Yasmin Aragão,Feminino,1969-11-10,631207454,157.846.930-93,Nenhuma,56,108,68,88,20,34.6,94,60.51,0,0,N
Arthur Gabriel Nogueira,Masculino,2002-06-18,518630249,387.196.045-48,Doença Cardiovascular,24,138,96,40,14,36.4,100,4.69,1,0,N
Apollo Pereira,Masculino,1938-06-20,804657130,931.625.847-28,Hipertensão,88,153,83,118,23,36.7,96,90.76,1,1,S
João Sá,Masculino,1990-06-03,387516049,763.812.905-95,Nenhuma,36,111,89,67,15,36.4,95,8.0,0,0,N
Helena Sá,Feminino,1954-12-02,456173821,048.679.135-10,Doença Cardiovascular,71,133,101,93,19,38.8,99,50.27,1,0,N
Luigi Silveira,Masculino,1952-12-19,263157088,280.147.536-07,Doença Cardiovascular,73,96,75,79,14,36.8,93,51.31,1,0,S
Maya Lima,Feminino,1991-10-30,21685703X,352.174.860-07,Asma,34,135,71,52,22,36.6,100,83.7,1,0,N
Ana Laura Caldeira,Feminino,1976-01-16,01345786X,248.735.690-10,Doença Cardiovascular,50,123,93,58,14,36.8,97,91.31,1,0,N
Mathias Silveira,Masculino,1995-08-24,450632878,685.327.019-30,Nenhuma,31,129,87,61,26,36.1,95,93.97,0,0,N
Yasmin Martins,Feminino,1976-11-01,604312581,843.025.197-97,Nenhuma,49,107,77,112,13,37.2,99,56.97,0,0,N
Stella da Luz,Feminino,1986-11-03,138475209,246.971.805-85,Doença Cardiovascular,39,86,100,81,11,36.8,100,67.9,1,0,N
Maria Helena Martins,Feminino,1987-05-23,572143862,940.215.768-94,Asma,39,130,76,71,22,36.8,100,8.85,1,0,N
Davi Lucca Albuquerque,Masculino,1986-08-01,715046329,437.918.562-19,Hipertensão,40,78,80,61,15,36.0,96,48.79,1,0,N
João Guilherme Barros,Masculino,1977-08-28,071648239,583.492.107-88,Nenhuma,49,113,80,114,17,35.2,100,89.79,0,0,N
Ágatha da Rocha,Feminino,1958-09-28,843250161,957.864.213-09,Diabetes,68,138,65,121,16,36.1,97,45.57,1,1,S
Maria Laura Andrade,Feminino,1984-06-26,658034212,760.125.934-06,Diabetes,42,123,81,114,11,36.7,94,6.96,1,0,S
João Guilherme Fonseca,Masculino,1987-05-29,584670217,432.607.985-10,Nenhuma,39,158,100,97,17,36.1,93,20.06,0,0,N
Isis Viana,Feminino,1958-11-10,673014587,372.094.581-23,Asma,67,140,86,92,24,36.7,92,42.95,1,1,N
Davi das Neves,Masculino,1948-04-22,487562306,415.670.289-85,Asma,78,106,80,54,23,36.3,94,23.75,1,0,N
Lorenzo da Luz,Masculino,1954-05-25,437502818,860.324.571-17,Nenhuma,72,120,77,78,19,36.8,100,39.23,0,0,N
Pedro Miguel Martins,Masculino,1980-03-10,247031653,758.219.460-85,Doença Cardiovascular,46,119,84,67,23,35.7,99,33.3,1,0,N
Pedro Lucas Albuquerque,Masculino,1938-07-05,173624054,472.650.913-61,Nenhuma,88,88,91,40,12,36.7,92,31.89,0,1,N
Arthur Miguel Fogaça,Masculino,1978-10-15,216785406,758.612.943-64,Doença Cardiovascular,47,101,89,111,16,36.0,90,9.12,1,1,N
Henrique Jesus,Masculino,1982-12-11,734065814,256.173.904-06,Hipertensão,43,108,75,67,19,35.3,92,88.27,1,1,S
Anna Liz da Mota,Feminino,1979-05-24,730826545,129.748.036-87,Doença Cardiovascular,47,79,84,114,17,36.4,93,69.27,1,0,N
Luara Azevedo,Feminino,1972-01-07,538420674,739.254.810-79,Diabetes,54,120,87,107,16,37.7,95,62.34,1,0,N
Fernando da Luz,Masculino,2002-05-12,328057149,209.875.463-92,Doença Cardiovascular,24,115,64,98,11,35.3,100,60.65,1,0,N
Joana Monteiro,Feminino,1992-12-04,517236849,834.592.701-79,Nenhuma,33,86,82,100,10,36.6,94,39.65,0,0,N
Ian Pires,Masculino,1974-05-17,315804762,402.539.816-89,Hipertensão,52,128,47,69,22,37.1,100,82.33,1,0,N
Diogo Pinto,Masculino,1971-09-20,35280614X,028.379.561-12,Hipertensão,55,134,87,131,19,38.3,90,93.0,1,1,N
Igor Camargo,Masculino,1952-01-27,327608146,523.089.641-89,Diabetes,74,124,89,86,22,36.1,95,0.56,1,0,N
Ester Rodrigues,Feminino,1940-06-30,203418578,246.831.509-05,Diabetes,86,113,91,92,15,36.0,100,7.92,1,0,N
Maysa Pacheco,Feminino,1969-07-24,248305670,964.801.237-78,Diabetes,57,131,74,68,14,35.6,100,67.5,1,0,N
Asafe Novaes,Masculino,1967-10-16,81357240X,681.405.932-06,Doença Cardiovascular,58,133,84,61,18,37.4,95,23.61,1,0,N
Ana Liz Silva,Feminino,1944-07-10,142836072,974.613.208-31,Doença Cardiovascular,82,126,101,96,22,35.8,100,91.17,1,0,N
José Miguel Almeida,Masculino,1966-01-03,36018425X,172.983.405-14,Asma,60,103,101,90,16,36.2,100,66.74,1,0,N
Vitor Hugo Silva,Masculino,1979-10-06,613085723,809.716.345-48,Hipertensão,47,125,79,65,22,35.0,94,36.83,1,0,N
Isaac Ferreira,Masculino,1990-06-27,38750624X,180.936.754-93,Doença Cardiovascular,36,143,82,49,12,37.2,98,41.53,1,0,N
Breno Montenegro,Masculino,1943-03-12,670132585,721.640.985-01,Nenhuma,83,108,96,53,17,37.4,99,69.09,0,0,N
Brenda Moraes,Feminino,2002-01-12,651087429,871.304.295-50,Doença Cardiovascular,24,161,57,114,17,37.2,94,14.1,1,0,N
Isabela Costela,Feminino,2005-06-29,064315782,671.245.083-71,Asma,21,109,75,69,24,35.2,100,88.34,1,0,N
Marcelo Rodrigues,Masculino,1946-07-31,048731262,201.853.794-60,Nenhuma,80,120,100,76,19,37.0,93,0.48,0,0,N
Ana Sophia Ramos,Feminino,1971-02-22,18536472X,583.609.742-92,Nenhuma,55,106,94,121,26,35.2,97,97.89,0,1,N
Larissa Casa Grande,Feminino,2005-04-12,472051635,281.349.075-04,Diabetes,21,124,85,56,11,36.5,92,16.76,1,1,N
Lunna Pereira,Feminino,1971-02-24,530724613,365.870.124-26,Nenhuma,55,85,57,66,18,36.7,97,74.21,0,0,N
Lívia Jesus,Feminino,1977-06-05,613027486,318.490.625-60,Diabetes,49,109,79,65,18,36.7,92,3.99,1,1,S
Ravy da Rocha,Masculino,1953-11-12,034715629,698.320.514-60,Asma,72,98,71,125,21,36.9,95,43.14,1,1,N
Ana Castro,Feminino,1996-05-26,453680215,458.219.063-42,Diabetes,30,122,84,134,13,36.5,90,63.03,1,1,N
Augusto da Rocha,Masculino,1991-05-21,148205677,904.175.263-34,Hipertensão,35,139,67,103,26,34.9,100,7.02,1,0,N
Amanda Caldeira,Feminino,1967-08-21,60142573X,851.734.906-75,Doença Cardiovascular,59,132,64,104,18,36.9,98,44.33,1,0,N
Heitor Dias,Masculino,1951-02-21,317648500,549.802.176-30,Doença Cardiovascular,75,72,49,70,12,36.6,100,30.31,1,0,N
Sophia Viana,Feminino,1986-01-12,432860514,345.867.192-73,Diabetes,40,160,98,133,17,35.8,95,49.82,1,1,N
Luiz Felipe Cunha,Masculino,1973-05-14,761423503,692.503.471-70,Doença Cardiovascular,53,125,74,91,16,35.2,100,50.46,1,0,N
Ana Beatriz Ribeiro,Feminino,1978-11-19,257681346,597.630.281-59,Doença Cardiovascular,47,104,82,106,31,37.7,97,78.52,1,0,S
Mateus Teixeira,Masculino,1956-11-05,368147022,817.394.065-75,Hipertensão,69,123,79,82,23,37.5,97,12.35,1,0,N
Ana Vitória Câmara,Feminino,1977-03-29,716328458,402.897.536-00,Doença Cardiovascular,49,123,63,78,18,37.1,100,8.27,1,0,N
Sarah Oliveira,Feminino,1944-01-23,581427063,645.893.107-75,Nenhuma,82,106,61,126,17,36.0,95,40.19,0,1,N
Mariah Nascimento,Feminino,1980-04-24,854712367,187.465.903-66,Doença Cardiovascular,46,123,64,98,22,34.5,100,88.75,1,0,N
Vinícius Aragão,Masculino,1994-08-28,304681258,160.842.379-40,Hipertensão,32,107,69,121,22,37.1,98,85.53,1,1,N
Ravy Ribeiro,Masculino,1940-08-19,540371282,058.492.367-83,Doença Cardiovascular,86,111,85,91,10,36.8,94,56.0,1,0,N
Stephany Macedo,Feminino,1995-10-16,312406587,295.083.764-65,Doença Cardiovascular,30,106,68,63,21,36.2,91,88.88,1,1,N
Juliana Correia,Feminino,1955-01-09,542803161,915.476.230-80,Diabetes,71,91,106,70,18,37.4,92,80.53,1,1,N
Juan da Cruz,Masculino,2000-03-26,241783604,281.509.643-98,Asma,26,122,95,87,11,37.2,100,27.79,1,0,N
Joaquim Vargas,Masculino,1997-08-28,406213586,072.413.568-53,Asma,29,131,92,69,22,36.6,100,17.01,1,0,S
Isabel Marques,Feminino,2005-07-07,032674181,049.581.637-00,Doença Cardiovascular,21,130,78,57,29,36.5,97,30.12,1,0,N
Danilo Sales,Masculino,1945-12-06,076534182,260.457.193-52,Nenhuma,80,136,102,115,20,36.5,97,22.71,0,0,N
Pedro Miguel Siqueira,Masculino,1951-05-23,083527412,235.879.614-09,Hipertensão,75,126,76,71,23,37.0,100,62.27,1,0,N
Luiz Miguel Barros,Masculino,1939-06-19,071623851,486.510.723-17,Diabetes,87,109,79,88,27,35.8,97,58.49,1,0,N
Sofia Barbosa,Feminino,1969-05-18,048563729,365.407.821-44,Asma,57,136,82,92,13,36.8,100,59.84,1,0,N
Rafaela Pereira,Feminino,2001-09-28,280417639,816.427.509-30,Hipertensão,25,92,90,70,10,35.8,98,18.93,1,0,N
Melissa Viana,Feminino,1997-05-17,081427359,518.397.406-39,Nenhuma,29,101,89,121,21,37.6,97,79.19,0,1,N
Ian Nunes,Masculino,1943-06-17,472531608,390.654.827-92,Diabetes,83,100,72,57,16,36.9,94,43.36,1,0,N
Zoe da Cruz,Feminino,1965-09-23,582173607,978.350.241-79,Asma,61,141,72,91,11,35.9,93,47.25,1,0,N
Davi Miguel Pereira,Masculino,1997-02-20,047325616,152.409.867-11,Nenhuma,29,138,89,91,17,36.6,84,99.7,0,1,N
João Pedro Fernandes,Masculino,1983-12-24,56428130X,645.832.019-15,Asma,42,129,90,83,21,35.8,100,28.23,1,0,N
Dante Barros,Masculino,1983-11-14,386142750,187.932.064-96,Asma,42,141,74,52,17,37.7,96,39.41,1,0,N
Mariah Montenegro,Feminino,1981-10-17,514072386,439.271.086-69,Asma,44,102,56,106,14,37.8,95,67.65,1,0,N
Sabrina Pires,Feminino,1983-12-15,027815341,342.017.968-50,Asma,42,126,76,103,16,37.1,89,88.04,1,1,N
Emilly Marques,Feminino,1954-09-08,065278318,832.401.975-88,Nenhuma,72,117,89,68,17,37.7,94,12.68,0,0,N
Enzo Campos,Masculino,1997-10-07,340851673,534.068.179-39,Diabetes,28,136,107,102,10,36.6,93,73.5,1,0,N
João Teixeira,Masculino,2001-08-02,306587245,784.293.651-09,Asma,25,117,62,94,17,37.1,93,91.83,1,0,N
Olivia Souza,Feminino,1975-08-01,120365741,285.391.407-05,Asma,51,112,73,52,11,37.5,98,42.29,1,0,S
Davi Lucas Andrade,Masculino,2006-10-16,230475863,647.893.051-39,Nenhuma,19,130,74,63,21,36.5,97,28.67,0,0,N
Amanda Sales,Feminino,1941-11-07,104786255,360.859.247-47,Doença Cardiovascular,84,137,100,113,10,36.6,91,67.77,1,1,N
Ana Sophia Cardoso,Feminino,1962-09-16,670512436,380.479.251-05,Doença Cardiovascular,64,106,79,92,23,37.2,91,24.61,1,1,N
Vitória Gomes,Feminino,1986-12-23,358270649,391.254.807-23,Nenhuma,39,118,66,70,15,37.0,91,38.43,0,1,N
Luiz Gustavo Cardoso,Masculino,1980-08-26,546318071,621.847.530-17,Doença Cardiovascular,46,98,88,63,15,35.9,100,89.69,1,0,N
Isabella Silva,Feminino,1973-03-10,246017831,018.563.972-03,Diabetes,53,70,73,72,19,34.8,100,59.03,1,0,N
Bárbara Fernandes,Feminino,1972-07-26,201738454,168.409.237-03,Nenhuma,54,124,61,73,13,36.4,93,9.5,0,0,N
Cauê Silveira,Masculino,2008-03-27,450867237,631.048.729-96,Nenhuma,18,132,66,63,19,34.8,89,32.97,0,1,N
Brayan Sousa,Masculino,1978-06-05,571436286,831.590.672-03,Diabetes,48,125,106,41,14,35.7,97,62.73,1,0,N
Melissa Jesus,Feminino,2001-07-03,310857624,351.489.607-01,Doença Cardiovascular,25,81,85,113,15,35.8,97,48.15,1,0,N
Maya da Rocha,Feminino,2001-04-04,823671501,847.351.692-37,Doença Cardiovascular,25,112,81,109,20,36.0,98,66.03,1,0,N
Davi Luiz Siqueira,Masculino,1941-11-02,247351064,035.247.961-25,Doença Cardiovascular,84,75,76,53,12,37.2,99,76.14,1,0,N
Sophia Barros,Feminino,1968-03-09,857210361,392.768.541-00,Hipertensão,58,147,84,88,11,37.3,98,48.06,1,0,S
Alana Pastor,Feminino,1937-05-18,157264385,487.639.501-20,Diabetes,89,98,84,62,19,36.9,92,98.7,1,1,S
Léo Rocha,Masculino,1996-10-16,720386159,290.185.437-05,Asma,29,145,84,78,17,37.0,98,91.47,1,0,N
Maria Helena Duarte,Feminino,1972-07-05,870154631,237.601.958-30,Diabetes,54,138,81,76,18,37.0,100,5.99,1,0,N
Felipe Moraes,Masculino,1978-08-23,754601328,417.963.250-07,Hipertensão,48,101,93,74,19,34.5,94,26.64,1,0,N
Lara Vargas,Feminino,1956-11-23,83405162X,869.350.274-38,Nenhuma,69,97,80,135,18,36.5,98,30.05,0,1,N
Isabel da Rosa,Feminino,1984-01-12,415073625,690.724.583-38,Asma,42,127,65,73,21,35.1,94,18.43,1,0,N
Manuela Aragão,Feminino,1937-12-21,026431750,194.582.637-19,Nenhuma,88,103,70,64,18,36.9,100,31.2,0,0,N
Stella Moura,Feminino,1995-08-18,752013841,051.342.798-88,Doença Cardiovascular,31,122,50,65,10,34.8,91,42.48,1,1,N
Sophia Lima,Feminino,1940-11-23,083461723,758.102.394-04,Doença Cardiovascular,85,110,110,111,10,36.4,100,5.16,1,0,N
Luna Gomes,Feminino,1975-08-25,287034161,975.840.312-50,Diabetes,51,84,92,43,27,36.9,90,12.73,1,1,N
Felipe Casa Grande,Masculino,1964-11-13,82013756X,640.731.952-80,Asma,61,75,67,65,18,35.6,100,9.62,1,0,N
Gustavo Henrique Lopes,Masculino,1954-09-22,138254709,258.631.497-28,Hipertensão,72,124,75,121,22,37.3,92,4.63,1,1,N
Lara Oliveira,Feminino,1974-10-22,562310782,971.802.346-13,Diabetes,51,108,70,91,16,36.9,97,48.15,1,0,N
Levi Brito,Masculino,1947-06-23,504862170,504.736.812-26,Doença Cardiovascular,79,108,103,89,17,36.8,90,33.38,1,1,N
João Miguel Cavalcante,Masculino,1944-07-09,472138054,504.198.327-50,Nenhuma,82,133,58,138,15,37.1,91,93.54,0,1,N
João Pedro da Mota,Masculino,2004-11-10,827364519,178.364.590-39,Asma,21,143,81,91,30,36.2,100,10.28,1,0,N
Maysa Câmara,Feminino,2000-03-27,473682515,753.086.941-84,Doença Cardiovascular,26,114,78,67,19,36.6,100,92.6,1,0,N
Laura da Luz,Feminino,1973-11-05,785026411,784.265.091-85,Doença Cardiovascular,52,113,92,77,15,36.5,97,8.65,1,0,N
Bianca da Conceição,Feminino,1989-07-30,503648127,039.184.572-14,Nenhuma,37,130,78,56,10,36.5,99,61.92,0,0,N
Cecília Brito,Feminino,1952-10-05,182406350,918.246.750-11,Diabetes,74,92,53,116,27,36.0,100,24.77,1,0,N
Sophia Sá,Feminino,2007-06-29,564302715,139.724.860-22,Asma,19,124,76,99,17,35.5,94,82.68,1,0,N
Arthur Peixoto,Masculino,2006-09-27,468372052,274.685.130-07,Hipertensão,20,131,65,113,21,36.2,91,6.15,1,1,N
Vitor Hugo Nascimento,Masculino,1963-01-11,463071256,419.875.203-60,Nenhuma,63,133,81,115,22,36.2,96,95.25,0,0,N
Alana Mendonça,Feminino,2003-10-26,85072613X,049.325.768-38,Asma,22,81,101,74,15,35.9,94,4.73,1,0,N
Maria Eduarda Costela,Feminino,1975-02-05,750816235,763.954.802-00,Asma,51,104,53,61,21,37.2,98,24.11,1,0,N
Mariane Siqueira,Feminino,1940-03-31,251064876,504.128.967-02,Asma,86,102,67,83,14,35.6,99,46.42,1,0,N
Stephany Cardoso,Feminino,1937-08-14,248531761,914.805.237-04,Doença Cardiovascular,89,121,71,63,13,36.4,94,75.61,1,0,N
Juan Camargo,Masculino,1975-03-04,357028144,639.574.218-37,Nenhuma,51,129,74,89,23,37.4,99,95.11,0,0,N
Bárbara Macedo,Feminino,1966-04-25,15708243X,951.432.807-88,Nenhuma,60,149,91,113,17,37.2,99,42.8,0,0,N
Thales da Luz,Masculino,1959-02-12,835421600,035.276.918-12,Asma,67,110,77,80,20,37.5,99,75.73,1,0,N
Davi Miguel da Mota,Masculino,1984-05-27,547680120,053.124.768-62,Diabetes,42,110,86,88,20,36.0,95,72.72,1,0,N
Luiz Gustavo Barros,Masculino,1996-03-31,356742088,971.805.324-79,Doença Cardiovascular,30,142,70,82,21,37.1,100,57.12,1,0,N
Breno Duarte,Masculino,1948-11-13,875620346,578.143.629-46,Asma,77,125,83,105,10,35.6,99,69.09,1,0,N
Thiago Farias,Masculino,1949-07-14,014832677,127.049.853-32,Diabetes,77,145,91,68,15,36.3,99,3.81,1,0,N
Mirella Pires,Feminino,1976-11-15,310628544,307.865.194-01,Asma,49,125,69,40,16,36.4,100,44.16,1,0,S
Ana Sophia Santos,Feminino,1957-08-11,604857317,965.371.802-95,Nenhuma,69,96,91,96,13,36.0,98,78.59,0,0,N
Arthur Miguel Lopes,Masculino,1965-03-06,045273686,417.568.093-48,Hipertensão,61,93,80,109,20,36.2,94,47.42,1,0,N
Stephany Dias,Feminino,1991-07-24,740623151,465.392.817-73,Asma,35,88,95,96,23,36.1,92,87.35,1,1,N
Arthur Miguel Porto,Masculino,1984-07-04,482761052,271.806.953-86,Diabetes,42,133,76,68,24,35.7,100,83.36,1,0,N
Isabelly Carvalho,Feminino,2003-12-09,420587639,326.819.504-06,Asma,22,143,85,56,16,37.2,98,86.34,1,0,N
Maria Flor Câmara,Feminino,1973-01-14,862740150,850.132.674-71,Asma,53,156,79,97,19,36.4,100,13.0,1,0,S
Julia Melo,Feminino,1972-03-21,258064717,594.761.028-02,Doença Cardiovascular,54,136,78,88,20,36.7,88,24.41,1,1,N
Ryan Cirino,Masculino,1995-05-25,104832563,750.941.823-23,Diabetes,31,143,83,81,21,36.6,100,2.96,1,0,N
Larissa Cardoso,Feminino,1955-06-26,076438211,436.259.018-89,Hipertensão,71,108,88,130,13,36.5,95,98.28,1,1,N
Aurora Moreira,Feminino,1947-10-24,164208379,276.814.953-55,Doença Cardiovascular,78,96,61,61,27,36.6,95,23.61,1,0,N
Hadassa Abreu,Feminino,1984-09-06,246713859,142.930.756-07,Hipertensão,42,137,101,129,22,36.3,93,36.71,1,1,N
Bernardo Mendonça,Masculino,1976-08-07,584136201,513.098.264-98,Diabetes,50,128,52,85,22,37.6,100,27.49,1,0,N
Gustavo Henrique Santos,Masculino,1972-08-01,62134087X,618.724.593-82,Hipertensão,54,122,69,40,24,37.1,99,3.98,1,0,N
Ana Carolina Leão,Feminino,1969-07-27,403781620,750.184.369-48,Asma,57,127,78,80,20,36.5,92,26.13,1,1,N
Mateus Pires,Masculino,1990-08-26,107852639,018.946.257-49,Nenhuma,36,126,86,108,12,36.1,97,9.82,0,0,N
Isabela Porto,Feminino,1977-12-24,042738167,285.461.093-89,Nenhuma,48,145,103,75,17,36.4,99,39.43,0,0,S
Rodrigo Moura,Masculino,2008-09-03,347215865,107.485.396-20,Hipertensão,18,145,52,48,10,36.8,97,96.68,1,0,S
Letícia da Conceição,Feminino,2003-08-26,387245601,874.231.690-13,Nenhuma,23,130,72,80,20,37.7,100,69.83,0,0,S
Raquel Mendonça,Feminino,1970-07-29,375480626,723.064.159-43,Doença Cardiovascular,56,136,48,63,17,35.4,95,70.69,1,0,N
Luiz Henrique Nogueira,Masculino,1982-02-16,185763248,396.508.742-83,Hipertensão,44,130,80,97,17,37.0,87,45.32,1,1,N
Juan Brito,Masculino,1955-03-30,23108657X,274.510.398-97,Hipertensão,71,110,84,104,24,37.4,97,81.13,1,0,N
Brenda Sá,Feminino,1978-09-23,170536488,791.602.543-43,Doença Cardiovascular,48,135,103,58,15,35.3,97,90.83,1,0,N
Otto Machado,Masculino,1952-06-26,876431053,832.756.094-83,Nenhuma,74,92,81,67,16,36.4,98,96.16,0,0,N
Josué Ribeiro,Masculino,1944-05-08,017564281,389.041.526-15,Hipertensão,82,141,95,103,18,35.6,100,9.9,1,0,N
Bruna Cavalcanti,Feminino,2001-10-15,821074362,346.179.205-52,Doença Cardiovascular,24,96,88,63,10,36.8,89,87.96,1,1,N
Liam Ribeiro,Masculino,1942-03-14,350486128,091.632.758-21,Doença Cardiovascular,84,125,73,57,16,36.2,96,22.51,1,0,N
Luiz Felipe Sampaio,Masculino,1978-02-26,570621434,497.186.503-93,Hipertensão,48,103,58,55,10,36.4,93,39.73,1,0,N
Carolina Vasconcelos,Feminino,1943-12-15,08561273X,709.314.825-50,Diabetes,82,131,84,93,15,36.2,92,34.55,1,1,N
Samuel Peixoto,Masculino,1966-12-04,413057288,605.127.849-49,Diabetes,59,119,57,92,22,37.1,96,67.51,1,0,N
Isabela Alves,Feminino,1971-10-31,378521603,791.068.342-13,Doença Cardiovascular,54,88,99,67,20,36.7,99,59.79,1,0,N
João Felipe Montenegro,Masculino,1976-01-11,306281478,896.435.071-57,Diabetes,50,128,77,85,15,36.7,98,10.91,1,0,N
Maria Luísa Araújo,Feminino,1953-11-08,731620859,402.791.356-61,Asma,72,108,97,123,18,36.6,94,78.28,1,1,N
Luna da Luz,Feminino,1971-05-01,826104757,367.910.845-10,Nenhuma,55,137,72,60,12,37.0,96,43.96,0,0,N
Noah Gonçalves,Masculino,1984-12-16,274368158,275.631.098-03,Nenhuma,41,120,84,40,17,36.3,100,0.22,0,0,N
Otávio Guerra,Masculino,1994-10-06,210356844,913.085.764-39,Diabetes,32,127,83,96,32,37.9,99,41.45,1,0,N
Benjamim da Mata,Masculino,1976-02-16,620418357,927.831.406-40,Doença Cardiovascular,50,100,79,82,27,35.5,94,51.63,1,0,N
Henry Fernandes,Masculino,1952-02-08,076534121,548.391.620-42,Hipertensão,74,108,73,67,18,35.1,94,6.89,1,0,N
Lorena Machado,Feminino,1988-07-06,361470289,926.340.718-50,Asma,38,110,85,101,18,35.1,90,15.11,1,1,N
Hellena Oliveira,Feminino,1961-08-03,508761323,390.127.586-02,Asma,65,137,66,105,13,34.8,95,99.36,1,0,S
Zoe Costela,Feminino,1992-08-12,65041827X,467.592.810-20,Diabetes,34,153,61,40,13,37.0,90,87.12,1,1,S
Luísa Cardoso,Feminino,1969-05-04,842675310,675.834.291-37,Hipertensão,57,103,98,68,19,36.9,100,13.33,1,0,S
Ágatha Almeida,Feminino,1993-12-27,258310467,643.950.827-00,Asma,32,141,90,142,15,37.5,93,58.03,1,1,S
Mateus Borges,Masculino,1994-06-30,481503626,590.832.764-65,Nenhuma,32,76,80,99,22,35.7,100,37.92,0,0,N
Luiz Gustavo Vargas,Masculino,1984-08-27,347028159,562.370.981-86,Doença Cardiovascular,42,96,104,101,25,37.1,100,54.37,1,0,N
Ana Luiza Rezende,Feminino,1964-10-22,482635174,514.672.309-52,Asma,61,100,75,114,19,36.5,97,47.05,1,0,N
Stella Costela,Feminino,1957-02-13,816257309,816.052.379-30,Nenhuma,69,92,99,85,18,36.6,96,4.81,0,0,N
Vitor Gabriel Costa,Masculino,1939-01-15,862370450,267.034.518-26,Asma,87,88,82,104,10,37.0,91,31.54,1,1,N
Zoe Gonçalves,Feminino,1979-11-21,041832577,976.351.048-10,Asma,46,128,64,102,21,35.9,94,12.55,1,0,N
Lavínia Castro,Feminino,1966-07-10,317845627,247.689.301-31,Nenhuma,60,115,107,98,12,38.6,100,48.9,0,0,N
Luísa Jesus,Feminino,1982-06-09,834176506,029.387.514-60,Nenhuma,44,127,94,76,15,37.6,98,90.73,0,0,N
Isadora Albuquerque,Feminino,1996-09-14,71268430X,024.569.713-61,Diabetes,30,133,78,89,22,36.1,97,99.55,1,0,N
Alícia Sá,Feminino,1963-03-20,256014371,629.143.785-64,Asma,63,125,90,70,23,35.6,100,94.43,1,0,S
Cauã Montenegro,Masculino,1975-08-29,243157605,605.713.942-99,Diabetes,51,133,73,85,15,36.4,99,98.57,1,0,N
Raquel Aparecida,Feminino,1988-04-30,072843159,654.709.832-00,Asma,38,118,92,55,15,36.6,96,1.52,1,0,S
João Miguel da Rosa,Masculino,2004-01-15,705831620,709.418.652-58,Nenhuma,22,96,44,65,14,37.4,97,72.94,0,0,N
Ian Pires,Masculino,1967-01-31,873152062,436.085.271-17,Nenhuma,59,141,64,77,12,35.6,93,27.29,0,0,N
Arthur Gabriel da Mata,Masculino,1955-02-19,054132782,750.389.126-21,Asma,71,108,94,61,14,36.7,94,86.56,1,0,N
Maria Flor Rezende,Feminino,1973-02-04,631042854,257.018.493-41,Hipertensão,53,101,76,72,10,35.3,96,81.37,1,0,N
Caroline Sousa,Feminino,1946-10-25,056478239,542.986.031-05,Asma,79,116,83,80,21,36.8,99,42.37,1,0,N
Antonella Barbosa,Feminino,1968-02-25,148703252,674.081.239-03,Nenhuma,58,101,59,95,19,36.4,92,47.33,0,1,N
Sofia Silveira,Feminino,1946-11-28,426503181,059.264.187-20,Asma,79,111,107,108,20,38.0,97,26.51,1,0,N
Maria Vitória Almeida,Feminino,1960-06-01,352167087,730.948.251-41,Asma,66,126,97,73,13,35.3,95,28.88,1,0,N
Vitor Hugo Pereira,Masculino,1963-12-01,716438203,879.602.514-01,Hipertensão,62,126,76,118,12,37.6,93,98.12,1,1,N
Aylla Sousa,Feminino,1947-05-30,406815379,429.160.835-70,Doença Cardiovascular,79,102,73,108,18,35.1,95,88.89,1,0,S
Maria Júlia Correia,Feminino,2003-11-19,436508278,682.413.509-70,Doença Cardiovascular,22,110,95,97,18,35.4,87,19.19,1,1,N
Luana Viana,Feminino,1978-01-31,730814658,397.081.254-23,Nenhuma,48,141,109,88,17,35.2,93,27.55,0,0,N
Otávio Moraes,Masculino,1953-06-29,305481629,675.429.083-83,Hipertensão,73,129,94,92,16,36.7,92,10.86,1,1,S
Kevin da Mota,Masculino,1981-10-03,736408526,974.861.352-64,Nenhuma,45,161,112,114,26,35.6,95,98.89,0,0,N
Guilherme Brito,Masculino,1955-11-01,127345607,927.054.816-30,Diabetes,70,143,66,115,20,35.4,87,90.72,1,1,N
Ravy Garcia,Masculino,1975-08-27,027841352,168.720.549-30,Hipertensão,51,142,67,118,27,36.7,97,55.21,1,1,N
Paulo Borges,Masculino,1935-10-08,48572103X,489.360.712-03,Doença Cardiovascular,91,92,62,86,24,36.9,100,69.29,1,0,N
Nicolas Novais,Masculino,2006-05-20,612745089,162.908.735-12,Doença Cardiovascular,20,135,86,98,26,36.5,96,74.79,1,0,N
Rafaela da Paz,Feminino,2005-11-01,784620155,981.756.034-10,Asma,20,118,82,118,12,36.4,98,20.38,1,0,N
Mateus Almeida,Masculino,1992-08-02,507468120,257.918.304-32,Diabetes,34,108,77,69,20,38.0,94,93.47,1,0,N
Matteo Freitas,Masculino,1955-02-26,406138576,543.021.896-06,Nenhuma,71,123,92,77,15,36.6,90,52.67,0,1,N
Bianca Machado,Feminino,1964-12-14,128036473,018.346.297-13,Nenhuma,61,138,98,85,10,37.1,97,9.25,0,0,N
Apollo Gonçalves,Masculino,1986-08-08,510687325,509.248.136-60,Asma,40,130,57,107,25,36.6,99,39.71,1,0,N
Melissa Freitas,Feminino,1952-05-20,853216708,680.579.214-20,Hipertensão,74,102,71,107,16,35.6,91,60.16,1,1,N
Bianca Ramos,Feminino,1938-09-28,846302172,143.760.895-75,Hipertensão,88,134,92,79,12,36.9,95,35.28,1,0,N
Lívia Casa Grande,Feminino,1967-07-26,638015728,820.596.371-12,Hipertensão,59,107,72,47,15,36.0,96,69.92,1,0,N
Calebe Novais,Masculino,2007-08-26,821365046,852.069.413-60,Asma,19,124,68,91,14,36.4,100,88.2,1,0,N
Gustavo Henrique Mendonça,Masculino,1964-08-04,187450237,078.923.456-47,Nenhuma,62,113,95,62,14,36.7,97,77.19,0,0,N
Isadora Barros,Feminino,1946-10-16,108364574,975.168.243-64,Doença Cardiovascular,80,115,60,47,16,34.9,89,64.27,1,1,N
Maria Luiza Pimenta,Feminino,2007-11-01,503621481,732.498.065-10,Diabetes,18,135,75,53,26,35.2,88,51.22,1,1,S
Stephany Silveira,Feminino,1974-03-25,284176539,894.217.360-87,Asma,52,99,84,93,14,37.2,99,25.45,1,0,N
Isabel Araújo,Feminino,1979-09-08,473106280,384.951.627-09,Doença Cardiovascular,47,158,71,119,26,36.0,100,45.49,1,1,N
José Jesus,Masculino,1940-09-19,452801369,072.634.981-03,Doença Cardiovascular,86,83,91,85,22,36.0,95,29.3,1,0,N
Maitê Cassiano,Feminino,1937-05-09,357214808,398.450.721-60,Hipertensão,89,108,71,90,19,36.6,95,93.4,1,0,N
Luna Sales,Feminino,1996-07-21,463751085,507.416.329-34,Diabetes,30,127,101,114,21,36.2,98,90.73,1,0,N
Maria Luísa Abreu,Feminino,1942-04-02,760325480,581.972.463-19,Doença Cardiovascular,84,131,78,46,18,36.8,93,15.58,1,0,N
Gustavo Henrique Sá,Masculino,1941-02-18,456218300,528.463.709-74,Diabetes,85,117,90,98,24,36.5,86,82.26,1,1,N
Rebeca Nogueira,Feminino,2008-08-25,054321761,968.075.132-59,Nenhuma,18,118,91,84,20,36.7,100,70.29,0,0,N
Levi Rezende,Masculino,1943-12-27,703216843,982.463.571-82,Doença Cardiovascular,82,128,70,99,10,35.9,94,97.52,1,0,N
Luna Martins,Feminino,2001-02-26,032457868,146.875.320-71,Doença Cardiovascular,25,115,49,72,19,36.7,100,46.33,1,0,S
Sophie Novais,Feminino,2008-04-27,160723851,278.960.513-03,Nenhuma,18,147,85,64,21,37.4,93,72.22,0,0,N
Cauã Lima,Masculino,1953-11-13,520674819,083.624.597-00,Asma,72,136,81,88,16,36.0,97,51.79,1,0,N
Maria Flor Cardoso,Feminino,1984-01-04,012867433,625.897.410-49,Asma,42,137,88,126,18,37.2,100,6.94,1,0,N
Enrico Moreira,Masculino,2007-10-21,067481322,870.413.962-31,Doença Cardiovascular,18,100,76,106,14,36.5,100,4.68,1,0,N
Eloah Costa,Feminino,1982-06-21,537284618,185.462.907-76,Diabetes,44,118,73,72,11,37.1,97,12.21,1,0,N
Danilo Andrade,Masculino,1947-08-29,574632013,957.843.201-14,Doença Cardiovascular,79,113,110,51,10,36.6,97,29.62,1,0,S
Thales Cavalcante,Masculino,1995-08-29,425807617,256.104.839-05,Nenhuma,31,99,57,42,10,36.5,99,25.91,0,0,N
Davi Miguel Souza,Masculino,1950-09-04,826375418,031.982.657-03,Nenhuma,76,127,91,117,21,36.8,98,72.83,0,1,N
Mariah Guerra,Feminino,1965-06-25,75083416X,091.876.524-20,Asma,61,109,71,61,10,37.5,91,71.59,1,1,N
Juan Campos,Masculino,1952-09-22,530462783,724.658.319-09,Asma,74,133,74,76,14,36.7,91,97.14,1,1,N
Juan Silveira,Masculino,1970-06-05,863452103,296.743.801-40,Hipertensão,56,98,75,118,14,36.9,88,31.04,1,1,N
Stephany Duarte,Feminino,1965-07-02,135827607,639.150.847-00,Asma,61,154,67,44,16,36.2,100,93.85,1,0,S
Maria Fernanda Nunes,Feminino,1935-10-10,278153069,598.623.014-06,Diabetes,91,102,88,122,10,37.8,95,61.29,1,1,S
Diego da Rocha,Masculino,1949-05-12,025473815,780.269.345-47,Doença Cardiovascular,77,124,100,78,20,37.0,100,49.53,1,0,N
Gabrielly Pimenta,Feminino,1953-11-22,172306450,987.405.612-67,Doença Cardiovascular,72,135,87,56,11,36.6,98,66.78,1,0,N
Valentim Pereira,Masculino,2002-10-13,037815647,215.463.807-44,Hipertensão,23,108,81,78,23,36.4,92,70.28,1,1,N
Ravy Martins,Masculino,1959-03-11,462083512,503.918.247-32,Asma,67,137,65,66,14,37.3,96,17.19,1,0,N
Luísa Souza,Feminino,1973-01-18,10835247X,529.167.083-59,Doença Cardiovascular,53,95,87,96,17,36.0,95,75.17,1,0,N
Enzo Moura,Masculino,1964-12-26,631542073,274.861.093-87,Asma,61,149,112,68,18,35.1,94,72.52,1,0,N
Anthony Dias,Masculino,1992-08-31,17086523X,018.742.936-78,Nenhuma,34,120,74,40,19,36.6,100,99.75,0,0,N
Emanuelly Cassiano,Feminino,1986-11-13,078423168,234.598.716-28,Diabetes,39,108,74,79,18,37.5,100,91.19,1,0,S
Bernardo Abreu,Masculino,2002-03-05,873516023,260.413.759-34,Asma,24,114,71,51,15,37.8,100,68.47,1,0,N
Esther Costa,Feminino,1962-01-17,623741854,239.406.875-29,Diabetes,64,136,72,90,19,36.4,96,71.24,1,0,N
Zoe Marques,Feminino,2005-07-17,607853219,418.305.976-39,Diabetes,21,108,40,55,20,36.5,100,94.6,1,0,N
Calebe Araújo,Masculino,1990-07-12,740683524,978.032.461-50,Nenhuma,36,105,86,72,14,36.9,100,96.72,0,0,S
Nina Peixoto,Feminino,1971-12-03,831274505,782.031.649-78,Doença Cardiovascular,54,115,67,89,20,36.3,91,82.7,1,1,N
Bernardo Ferreira,Masculino,1954-11-18,803752416,509.372.184-05,Asma,71,96,55,79,23,36.9,100,76.74,1,0,N
Heloisa Ferreira,Feminino,1980-09-24,083754623,496.218.735-09,Asma,46,156,91,91,21,36.4,100,11.14,1,0,N
Evelyn da Mota,Feminino,1967-01-20,285013762,259.841.703-88,Diabetes,59,108,63,102,22,37.3,100,83.03,1,0,S
Mariane Pacheco,Feminino,1983-03-20,05876432X,904.152.783-41,Doença Cardiovascular,43,136,74,56,18,37.1,100,25.32,1,0,S
Léo Pinto,Masculino,1999-06-23,638240712,913.574.082-50,Hipertensão,27,124,101,83,13,37.1,96,56.38,1,0,N
José Miguel Novais,Masculino,1986-08-17,764830521,294.806.357-47,Diabetes,40,100,58,40,13,36.3,100,40.54,1,0,N
Guilherme Barbosa,Masculino,1955-09-19,480631529,274.981.053-14,Doença Cardiovascular,71,119,57,91,19,38.0,98,34.56,1,0,N
Eduardo Caldeira,Masculino,1993-03-31,250438616,687.249.135-37,Hipertensão,33,135,84,77,22,36.9,95,31.03,1,0,N
João Lucas Cavalcanti,Masculino,1966-02-20,860351725,249.678.315-91,Asma,60,116,97,60,31,36.7,99,85.54,1,0,N
Cauã Cardoso,Masculino,1997-06-09,706124534,096.432.578-00,Doença Cardiovascular,29,143,56,92,22,35.9,100,76.91,1,0,N
Maria Isis Farias,Feminino,1970-01-21,580127461,164.259.783-09,Diabetes,56,140,86,114,12,36.4,97,52.34,1,0,N
João Guilherme Sousa,Masculino,1989-10-15,827640158,014.925.673-61,Diabetes,36,138,88,73,14,36.6,98,66.45,1,0,N
Renan Costela,Masculino,2001-03-12,580127369,517.326.409-80,Nenhuma,25,110,49,61,29,35.9,97,98.45,0,0,N
Alexandre Viana,Masculino,2003-09-25,631284072,357.961.820-21,Nenhuma,23,98,91,89,16,36.3,94,39.75,0,0,N
Helena Borges,Feminino,1940-07-06,547380264,918.437.605-84,Asma,86,107,93,51,18,36.4,93,55.11,1,0,N
Clara Casa Grande,Feminino,1973-05-24,201735842,253.746.108-80,Asma,53,123,75,68,13,36.5,91,53.35,1,1,S
Renan Abreu,Masculino,1986-11-09,201743681,013.659.728-95,Diabetes,39,130,98,115,25,35.1,100,93.6,1,0,N
Ana Vitória Aragão,Feminino,1979-02-23,742815638,803.156.497-39,Hipertensão,47,76,97,86,20,36.4,96,35.16,1,0,N
Sophia Macedo,Feminino,1977-08-03,80314765X,456.290.381-33,Asma,49,119,81,40,14,36.2,83,98.63,1,1,N
Ravy Duarte,Masculino,1975-08-25,630547129,803.976.214-69,Diabetes,51,123,73,40,13,36.5,98,30.47,1,0,N
Sarah Teixeira,Feminino,1938-10-18,761430258,105.439.268-42,Doença Cardiovascular,88,114,65,89,19,37.3,98,10.89,1,0,N
Isabella Novais,Feminino,1975-03-29,648750231,193.478.052-97,Nenhuma,51,145,79,106,18,38.1,89,19.14,0,1,N
Maria Flor Vasconcelos,Feminino,2001-12-29,470328150,051.643.972-34,Doença Cardiovascular,24,128,88,44,22,37.0,93,42.62,1,0,N
Olívia Fogaça,Feminino,1935-12-14,845236179,910.356.274-34,Nenhuma,90,146,75,96,20,35.5,93,64.98,0,0,N
Vicente Dias,Masculino,1964-12-29,135670846,631.279.540-34,Nenhuma,61,115,47,118,16,36.2,94,51.68,0,1,N
Bruno Pereira,Masculino,1996-07-29,423851706,248.617.905-49,Hipertensão,30,138,99,132,15,37.0,100,37.63,1,1,N
Enzo Porto,Masculino,1946-05-12,87615432X,384.061.257-80,Hipertensão,80,152,82,93,17,36.9,96,56.2,1,0,N
Diego Lopes,Masculino,1955-07-25,652748016,526.093.418-06,Doença Cardiovascular,71,146,74,97,15,37.3,95,83.88,1,0,N
Pedro Miguel Mendonça,Masculino,1968-01-27,483527610,318.750.946-01,Diabetes,58,98,92,40,17,36.4,100,83.89,1,0,N
Bárbara Novais,Feminino,1965-12-10,035861241,740.659.283-38,Hipertensão,60,114,102,137,18,36.2,98,72.62,1,1,N
Luiz Fernando Cavalcanti,Masculino,1997-08-19,437628103,852.107.694-02,Hipertensão,29,113,40,70,13,37.9,90,95.24,1,1,N
Maria Clara Martins,Feminino,1943-05-18,821657409,062.197.584-20,Nenhuma,83,129,86,61,21,36.5,94,59.02,0,0,N
Mariana Cunha,Feminino,1952-04-10,35864107X,827.319.450-79,Diabetes,74,133,58,78,16,35.7,98,0.77,1,0,N
Gabriel Garcia,Masculino,1959-07-29,578261406,465.173.928-82,Hipertensão,67,103,87,122,13,37.7,93,29.09,1,0,N
Felipe Souza,Masculino,1949-03-24,30715824X,983.620.415-60,Hipertensão,77,121,81,140,16,35.3,100,32.82,1,1,N
Fernanda Macedo,Feminino,1964-07-17,182534066,376.908.145-57,Hipertensão,62,79,89,88,19,34.0,97,54.73,1,0,N
Vinicius Correia,Masculino,1963-03-25,410625875,792.863.510-03,Doença Cardiovascular,63,148,72,109,18,37.1,93,90.49,1,0,N
Luana Farias,Feminino,1955-02-02,230815674,536.804.791-66,Hipertensão,71,109,51,86,20,37.2,92,83.81,1,1,N
Maria Eduarda da Cunha,Feminino,1966-07-25,154372067,840.579.261-94,Asma,60,121,73,59,22,36.8,100,23.22,1,0,S
Alice Pereira,Feminino,1984-02-26,634720181,967.134.285-09,Doença Cardiovascular,42,113,86,121,24,35.5,94,51.94,1,1,N
Ana Beatriz Ramos,Feminino,1980-10-24,21680453X,189.572.640-94,Asma,45,142,95,69,19,36.5,98,65.91,1,0,S
Rhavi Gonçalves,Masculino,2002-07-20,085426738,675.280.194-02,Doença Cardiovascular,24,70,62,123,12,36.3,92,98.75,1,1,N
Isis da Mota,Feminino,1986-10-05,023614857,032.478.165-26,Asma,40,119,95,117,16,36.1,97,3.13,1,0,N
Arthur Silva,Masculino,1978-03-19,564213871,367.485.091-57,Hipertensão,48,117,70,100,12,37.6,94,46.39,1,0,N
Mirella Mendonça,Feminino,1986-08-02,306541877,293.081.675-95,Nenhuma,40,110,85,130,26,35.7,95,98.81,0,1,S
Renan Souza,Masculino,1975-11-11,26735180X,534.029.781-05,Asma,50,154,72,140,27,36.8,93,97.72,1,1,N
Arthur Miguel Freitas,Masculino,1958-06-28,148053671,072.695.431-43,Doença Cardiovascular,68,102,82,80,21,37.5,100,33.07,1,0,N
Eduardo Santos,Masculino,1972-09-25,870265416,968.734.210-22,Asma,54,135,93,64,22,36.8,95,0.0,1,0,N
Caroline Barros,Feminino,1977-02-24,428103753,138.529.076-59,Nenhuma,49,127,61,40,19,37.5,96,58.67,0,0,N
Dante Araújo,Masculino,1986-01-07,612745806,638.429.715-91,Hipertensão,40,145,69,141,19,37.0,96,86.69,1,1,N
Bento Dias,Masculino,1999-01-06,672518405,789.653.402-92,Asma,27,106,82,74,10,36.8,100,32.43,1,0,N
Ísis da Mota,Feminino,1959-08-21,548321760,765.024.138-62,Doença Cardiovascular,67,105,116,113,17,36.8,100,93.43,1,0,N
Allana Farias,Feminino,1978-09-10,751483060,096.485.273-00,Diabetes,48,141,67,66,13,37.0,100,33.27,1,0,N
Eloá Pastor,Feminino,2007-03-16,574681036,368.710.952-68,Diabetes,19,128,110,123,19,36.2,90,61.02,1,1,N
Stella Albuquerque,Feminino,1994-05-28,587206433,102.685.479-20,Hipertensão,32,89,110,67,17,35.5,94,72.2,1,0,N
Maria Vitória Rios,Feminino,1939-05-05,087243659,451.869.732-46,Hipertensão,87,109,78,55,27,37.3,100,34.54,1,0,N
Ana Luiza Correia,Feminino,1944-10-20,784256032,731.065.498-66,Nenhuma,81,127,75,79,22,37.4,92,35.22,0,1,N
Clara Siqueira,Feminino,1945-07-31,578463106,039.542.871-88,Doença Cardiovascular,81,136,69,71,19,36.7,97,47.0,1,0,N
Bryan Cavalcanti,Masculino,1979-06-24,628157034,061.725.489-30,Hipertensão,47,106,78,99,16,36.1,92,83.52,1,1,N
Ana Clara da Mota,Feminino,1948-12-04,025761432,951.786.420-58,Nenhuma,77,70,58,83,26,35.3,93,10.09,0,0,S
Fernanda Sales,Feminino,1997-06-01,253716408,695.047.831-39,Hipertensão,29,130,78,100,17,36.6,100,63.15,1,0,N
Nicolas Cavalcanti,Masculino,1992-10-04,126785430,056.482.917-01,Hipertensão,34,95,102,77,19,35.4,99,67.73,1,0,N
Agatha das Neves,Feminino,2008-05-10,017854623,784.302.165-53,Diabetes,18,79,70,68,18,35.3,100,55.79,1,0,N
Marcela Campos,Feminino,1953-09-23,178562300,208.956.713-95,Diabetes,73,70,76,70,15,36.5,100,93.58,1,0,N
Nina Nunes,Feminino,2003-07-18,627410534,843.672.591-37,Asma,23,136,54,136,18,35.9,96,60.2,1,1,N
Nicole Borges,Feminino,2000-08-26,564281736,867.952.403-47,Asma,26,122,85,90,10,36.8,94,63.46,1,0,S
Ayla Cirino,Feminino,1938-12-28,870361545,271.039.486-31,Diabetes,87,115,83,40,10,36.4,95,59.98,1,0,N
Ester Dias,Feminino,1944-01-08,510287347,851.702.496-67,Doença Cardiovascular,82,147,80,71,19,36.0,96,72.2,1,0,S
Alícia Vargas,Feminino,1970-05-19,271438058,834.259.760-10,Diabetes,56,132,76,87,25,35.1,100,13.54,1,0,N
Anthony Cunha,Masculino,1966-08-02,160875237,541.796.082-94,Diabetes,60,152,75,131,19,35.8,91,89.43,1,1,N
Raul Barros,Masculino,1988-11-25,874213654,078.496.253-74,Doença Cardiovascular,37,92,87,110,14,35.8,94,4.25,1,0,N
Lorena Rodrigues,Feminino,1952-04-26,158376043,957.842.316-00,Hipertensão,74,119,79,61,10,35.5,93,64.07,1,0,N
Caroline das Neves,Feminino,1979-04-02,506387240,054.368.217-07,Nenhuma,47,87,84,145,21,36.2,100,61.55,0,1,N
Maria Helena Santos,Feminino,1990-09-10,856732412,319.647.520-43,Diabetes,36,115,83,84,15,35.6,100,20.81,1,0,N
Felipe da Mota,Masculino,1976-04-10,413287051,362.594.780-38,Doença Cardiovascular,50,115,96,116,21,36.4,98,4.07,1,0,N
Levi Jesus,Masculino,1964-07-27,182346705,374.026.958-83,Hipertensão,62,132,90,56,19,36.7,98,13.88,1,0,N
Esther da Mata,Feminino,1966-06-30,265104737,759.816.420-76,Doença Cardiovascular,60,120,82,40,20,35.8,97,27.17,1,0,N
Emanuelly da Rocha,Feminino,1953-11-20,361752805,613.402.859-24,Asma,72,132,102,49,18,36.8,98,88.21,1,0,N
Maysa da Luz,Feminino,2006-12-25,856170422,287.519.036-95,Asma,19,134,86,40,19,35.4,100,85.57,1,0,N
Samuel Fogaça,Masculino,1983-01-08,617503242,275.314.906-25,Doença Cardiovascular,43,163,99,137,17,35.6,98,6.39,1,0,N
Luiz Otávio Ferreira,Masculino,1943-01-16,870524318,423.175.896-46,Hipertensão,83,113,89,90,14,36.4,98,28.93,1,0,N
Milena Pires,Feminino,1978-01-11,486107528,209.358.614-24,Hipertensão,48,101,52,61,13,37.0,100,88.93,1,0,S
Arthur Miguel Pacheco,Masculino,1959-08-30,578362016,731.608.542-80,Nenhuma,67,124,99,96,10,37.2,89,23.67,0,1,N
Daniela Nascimento,Feminino,1979-07-04,658041733,403.781.652-08,Diabetes,47,103,82,89,17,37.8,97,99.6,1,0,N
Gustavo Henrique Sampaio,Masculino,1963-05-30,386125077,781.253.649-19,Nenhuma,63,149,79,100,25,36.2,98,25.68,0,0,N
Luiz Felipe Ramos,Masculino,1936-04-20,30286541X,987.256.140-02,Doença Cardiovascular,90,114,84,115,21,36.4,98,73.91,1,0,N
Giovanna Fernandes,Feminino,1937-07-20,60371254X,031.467.895-66,Doença Cardiovascular,89,108,74,77,19,35.7,96,41.71,1,0,N
Juliana Borges,Feminino,1983-08-21,683072511,523.019.874-50,Nenhuma,43,110,83,63,14,35.5,97,13.62,0,0,N
Gustavo Henrique da Luz,Masculino,1977-07-12,260734184,265.014.938-89,Asma,49,134,71,105,22,36.7,94,25.52,1,0,N
Nina da Luz,Feminino,1994-08-27,328765016,496.507.831-48,Diabetes,32,116,99,105,17,35.9,89,67.51,1,1,N
Danilo Moreira,Masculino,1957-07-19,125706480,320.768.154-90,Hipertensão,69,107,78,87,25,37.5,100,33.71,1,0,N
Ester Melo,Feminino,2006-08-25,847123066,960.315.784-84,Asma,20,153,74,139,13,35.3,92,60.41,1,1,N
Ravi Lucca Pastor,Masculino,1954-01-03,014578268,691.270.348-87,Nenhuma,72,102,66,74,14,36.9,96,20.55,0,0,N
Maria Fernanda Nunes,Feminino,1939-03-04,165840237,402.795.163-80,Asma,87,120,84,62,13,35.7,94,44.86,1,0,N
Ana Beatriz Duarte,Feminino,2002-12-10,270461851,217.605.943-34,Asma,23,133,82,95,10,35.8,100,51.22,1,0,N
Maria Alice Albuquerque,Feminino,2008-08-23,874103563,312.457.089-88,Doença Cardiovascular,18,87,85,68,13,36.9,96,41.28,1,0,N
Mariah Melo,Feminino,1985-07-23,183526703,796.258.130-12,Diabetes,41,129,64,97,18,36.0,95,19.79,1,0,N
Maitê Ramos,Feminino,1955-09-29,10435267X,249.763.581-19,Diabetes,71,98,55,64,14,36.1,99,46.16,1,0,N
Francisco Fogaça,Masculino,2001-08-31,261840733,762.941.380-78,Doença Cardiovascular,25,136,89,74,10,35.9,100,69.29,1,0,N
Elisa Martins,Feminino,1998-08-21,831407621,875.149.620-85,Asma,28,100,102,132,23,37.9,98,96.49,1,1,S
Ester Sá,Feminino,1980-07-09,173805462,702.319.465-70,Hipertensão,46,133,64,74,10,36.0,95,78.95,1,0,N
Maysa Pimenta,Feminino,1967-03-26,430125872,294.651.078-67,Doença Cardiovascular,59,142,103,65,20,36.5,99,16.15,1,0,N
Maya Siqueira,Feminino,1965-09-15,628751345,203.546.971-61,Hipertensão,61,137,84,114,18,36.3,90,27.27,1,1,N
Renan da Cruz,Masculino,1959-08-09,510472837,106.973.248-69,Doença Cardiovascular,67,125,79,58,28,36.7,97,7.88,1,0,N
Marcelo Peixoto,Masculino,1967-07-23,513740867,940.653.821-06,Hipertensão,59,115,74,67,22,36.0,100,13.56,1,0,N
Rafaela Rocha,Feminino,1947-07-23,716258304,250.698.347-38,Diabetes,79,108,59,99,15,36.3,97,25.07,1,0,S
Kaique Aparecida,Masculino,1995-08-14,816572033,975.241.863-55,Nenhuma,31,149,94,108,14,36.8,97,19.95,0,0,N
Thiago Caldeira,Masculino,2003-09-26,501623784,162.045.738-53,Nenhuma,23,106,68,115,25,35.8,97,21.36,0,0,N
Paulo Vasconcelos,Masculino,1958-09-20,467583122,593.462.781-37,Asma,68,99,68,66,10,37.4,95,23.08,1,0,N
Maria Liz Pastor,Feminino,1998-11-26,483527610,534.816.270-17,Hipertensão,27,133,94,99,18,37.4,98,30.07,1,0,S
Elisa Moraes,Feminino,1971-07-08,82043176X,768.091.524-58,Hipertensão,55,104,51,73,17,37.0,100,12.56,1,0,N
Letícia Peixoto,Feminino,1968-02-02,127643850,615.794.380-75,Doença Cardiovascular,58,100,57,69,16,36.6,95,27.78,1,0,N
Davi Miguel Cardoso,Masculino,1974-12-25,058162434,487.093.125-79,Asma,51,91,79,115,19,34.1,87,68.84,1,1,N
Benjamim Borges,Masculino,1937-11-15,462083172,019.365.248-05,Diabetes,88,110,84,71,18,36.8,98,23.64,1,0,N
Cecília Ferreira,Feminino,1968-08-21,634728155,405.381.726-90,Nenhuma,58,118,87,91,20,36.2,100,17.18,0,0,N
Maria Laura Cavalcante,Feminino,2005-04-24,13208675X,873.142.960-22,Asma,21,124,75,88,18,36.3,95,6.77,1,0,N
Alexandre Ribeiro,Masculino,1991-10-23,832057162,905.671.843-66,Hipertensão,34,139,117,58,20,35.0,91,50.0,1,1,N
Guilherme Cavalcanti,Masculino,2006-03-04,273685041,465.017.238-17,Nenhuma,20,130,76,109,18,36.9,99,84.2,0,0,S
Lorena Barros,Feminino,1949-10-12,675014839,307.851.624-53,Asma,77,116,76,99,14,35.3,100,5.9,1,0,N
Isaac Costela,Masculino,1972-09-17,783250617,423.658.179-55,Hipertensão,54,116,68,40,18,36.6,99,54.23,1,0,N
Ayla Silveira,Feminino,1980-03-03,370561247,385.790.624-38,Nenhuma,46,130,81,91,14,37.2,100,65.06,0,0,N
Daniela Rodrigues,Feminino,1966-10-12,035281741,654.392.870-00,Nenhuma,60,145,89,65,14,36.1,100,59.25,0,0,N
Marcelo Abreu,Masculino,1953-06-12,713850620,190.428.736-04,Nenhuma,73,122,98,112,16,37.5,99,87.76,0,0,N
Emanuel Ferreira,Masculino,1992-11-05,063725411,357.206.984-00,Doença Cardiovascular,33,110,57,48,17,35.9,94,86.64,1,0,N
Ravy Novaes,Masculino,1954-08-01,14375628X,253.064.971-52,Nenhuma,72,100,76,76,18,37.0,98,5.73,0,0,N
Hadassa Melo,Feminino,1965-04-07,842736153,034.275.961-25,Doença Cardiovascular,61,91,86,94,22,35.5,96,36.09,1,0,S
Nicole Santos,Feminino,1963-07-29,182403671,401.362.985-24,Doença Cardiovascular,63,133,88,86,15,37.3,96,67.08,1,0,N
Aylla Gomes,Feminino,1945-04-16,615403281,548.791.203-32,Nenhuma,81,131,80,104,18,37.2,95,95.24,0,0,N
Luiza Teixeira,Feminino,1981-12-28,35064178X,581.729.036-77,Asma,44,131,88,47,18,36.9,97,80.47,1,0,N
Maria Liz Vargas,Feminino,1991-12-26,863472059,408.961.352-33,Nenhuma,34,117,67,126,14,36.2,91,17.66,0,1,N
Larissa Rocha,Feminino,1960-04-22,031728455,986.403.712-96,Nenhuma,66,148,103,98,18,35.4,100,27.92,0,0,N
Maria Júlia Nascimento,Feminino,1956-11-07,051284637,306.914.758-57,Asma,69,110,94,118,23,36.2,93,76.36,1,1,N
Manuella Mendonça,Feminino,1943-08-28,073281463,278.513.604-71,Doença Cardiovascular,83,139,59,106,18,37.4,95,47.15,1,0,N
Amanda Câmara,Feminino,1981-12-04,247836059,817.325.469-91,Asma,44,119,63,84,19,36.6,98,54.73,1,0,N
Felipe Vargas,Masculino,1979-10-23,610427532,819.360.547-01,Nenhuma,46,107,64,52,14,35.3,93,60.9,0,0,N
Maria Eduarda Fonseca,Feminino,1961-01-28,046213570,742.108.563-71,Hipertensão,65,131,90,70,27,35.6,89,10.33,1,1,N
Theodoro Abreu,Masculino,2003-04-18,617543823,150.843.796-39,Hipertensão,23,128,60,124,14,37.5,95,85.6,1,1,N
Miguel Barbosa,Masculino,1936-05-30,620517438,029.615.837-21,Hipertensão,90,127,75,119,10,36.9,91,86.31,1,1,N
Davi Miguel Monteiro,Masculino,2003-10-10,612570435,506.841.739-48,Diabetes,22,121,86,69,22,35.5,99,46.82,1,0,S
Ana Clara Cunha,Feminino,1966-10-21,835246073,281.645.703-62,Doença Cardiovascular,59,119,79,40,17,35.1,92,62.68,1,1,N
Maya Borges,Feminino,1998-03-15,20748613X,097.413.582-88,Hipertensão,28,167,83,79,16,36.0,100,65.99,1,0,N
Matheus Rezende,Masculino,1944-05-21,027835418,241.805.693-70,Asma,82,143,64,77,15,35.0,96,18.97,1,0,N
Mariana Cassiano,Feminino,1946-11-07,42136807X,251.378.940-79,Doença Cardiovascular,79,134,88,78,27,36.4,97,11.26,1,0,N
Luana Gomes,Feminino,1948-12-16,427063516,421.085.639-89,Hipertensão,77,122,70,98,19,38.5,89,2.07,1,1,S
Ana Beatriz da Luz,Feminino,1991-05-16,628034714,103.852.976-02,Hipertensão,35,140,75,106,20,35.2,97,91.29,1,0,N
Felipe Castro,Masculino,1968-09-25,280653414,348.507.216-80,Nenhuma,58,130,83,109,18,36.4,96,34.57,0,0,N
Stella Caldeira,Feminino,2006-02-21,420576186,430.825.967-38,Asma,20,120,81,96,19,37.5,91,8.58,1,1,N
Bryan Ferreira,Masculino,1970-08-31,075431828,598.432.610-89,Hipertensão,56,113,80,40,24,37.1,97,46.58,1,0,N
Beatriz Rezende,Feminino,1983-09-05,245083613,649.203.175-06,Hipertensão,43,118,68,76,16,36.4,95,7.56,1,0,N
Alice Castro,Feminino,1958-06-02,514387609,134.076.859-39,Doença Cardiovascular,68,70,75,142,10,36.4,96,8.53,1,0,N
Davi Lucas Oliveira,Masculino,1945-07-19,453062817,483.276.190-04,Nenhuma,81,124,80,94,22,35.6,97,48.89,0,0,N
Maria Isis Rodrigues,Feminino,1958-10-23,861732455,480.975.136-84,Nenhuma,67,110,59,94,20,36.3,95,50.88,0,0,N
Anthony Mendonça,Masculino,1940-08-28,715308427,398.147.025-79,Doença Cardiovascular,86,151,73,93,18,36.7,97,58.01,1,0,N
Maria Liz Lima,Feminino,1937-10-07,173560283,092.834.617-03,Nenhuma,89,120,85,95,20,37.4,96,65.63,0,0,N
Liz Lima,Feminino,1941-07-07,081634754,735.940.628-56,Nenhuma,85,96,60,40,16,36.0,98,66.83,0,0,N
Danilo Pereira,Masculino,1956-04-01,451382079,748.056.391-48,Asma,70,119,97,79,18,36.3,94,43.3,1,0,N
Sarah Freitas,Feminino,2007-07-16,034678128,230.546.918-70,Diabetes,19,99,99,84,17,35.7,92,64.35,1,1,N
Lívia Nascimento,Feminino,1942-06-25,658420719,621.493.758-00,Asma,84,129,61,117,15,36.7,94,30.47,1,1,N
Daniel Viana,Masculino,2002-03-24,847563212,341.962.057-80,Diabetes,24,125,100,86,23,37.1,100,44.13,1,0,N
Otávio Nascimento,Masculino,1997-12-04,320145682,021.479.836-40,Doença Cardiovascular,28,139,77,43,10,37.0,100,39.33,1,0,N
Bruno Cassiano,Masculino,1995-04-05,864301522,271.460.598-20,Diabetes,31,104,86,95,29,35.6,100,32.91,1,0,S
Maitê Santos,Feminino,1954-01-30,574286135,465.812.739-37,Nenhuma,72,120,72,64,22,36.6,100,23.86,0,0,N
Joana Costa,Feminino,1993-12-01,530412780,234.109.568-24,Hipertensão,32,92,93,54,10,36.0,95,7.85,1,0,N
Rafael Lopes,Masculino,1982-06-03,430861527,259.473.068-83,Hipertensão,44,134,86,64,16,37.3,98,50.59,1,0,N
Nicole da Paz,Feminino,2008-04-05,253807463,524.960.813-24,Nenhuma,18,130,67,98,17,36.4,97,53.73,0,0,N
Camila Mendonça,Feminino,1936-03-10,263815705,751.842.036-80,Diabetes,90,129,62,116,19,35.3,99,33.62,1,1,N
Luiz Otávio Aragão,Masculino,2001-10-07,452731082,083.461.975-00,Hipertensão,24,120,58,97,13,36.3,95,97.58,1,0,N
Maria Eduarda da Cunha,Feminino,1974-12-07,263158470,347.069.215-70,Doença Cardiovascular,51,128,82,100,18,36.9,97,55.7,1,0,N
Maitê Rocha,Feminino,1943-08-26,601487539,834.176.902-69,Asma,83,152,88,96,17,36.7,97,88.9,1,0,N
Amanda Nogueira,Feminino,1978-09-23,081253679,761.439.058-00,Hipertensão,48,114,89,87,14,36.1,99,57.01,1,0,N
Emanuelly da Rocha,Feminino,2007-06-06,734685208,198.042.657-02,Asma,19,122,78,102,13,36.0,99,18.99,1,0,N
Oliver Almeida,Masculino,1970-11-14,381465275,675.432.019-25,Diabetes,55,98,62,40,22,35.7,97,97.46,1,0,N
Luan da Rosa,Masculino,1971-11-05,634571801,184.650.273-07,Hipertensão,54,102,69,87,10,36.2,97,88.53,1,0,N
Brenda Fogaça,Feminino,1976-07-15,734580125,163.920.485-70,Nenhuma,50,121,97,58,20,35.8,97,47.13,0,0,S
Yasmin Sousa,Feminino,1950-01-16,281703541,391.746.580-93,Hipertensão,76,142,72,114,21,37.3,100,24.31,1,0,N
Josué Cavalcanti,Masculino,1941-07-08,781526048,617.492.530-70,Doença Cardiovascular,85,114,82,81,16,35.8,90,22.27,1,1,N
Yasmin Brito,Feminino,1977-12-04,647301854,587.296.403-00,Diabetes,48,115,63,85,18,36.6,93,80.6,1,0,N
Clara Porto,Feminino,2000-03-01,250437685,241.359.087-05,Hipertensão,26,111,85,47,23,36.5,99,6.91,1,0,S
Pedro da Mota,Masculino,1961-11-26,681405727,487.502.391-04,Doença Cardiovascular,64,109,73,110,14,37.3,98,63.81,1,0,N
Raul Sales,Masculino,2003-09-08,785346107,091.652.834-06,Nenhuma,23,125,95,100,14,37.4,98,64.01,0,0,N
Isabelly Siqueira,Feminino,2001-03-30,714065821,704.316.589-00,Doença Cardiovascular,25,90,91,98,15,37.1,99,18.25,1,0,N
Raul Aparecida,Masculino,2003-09-15,468751026,315.967.082-12,Nenhuma,23,145,72,64,23,36.8,97,70.49,0,0,N
Lunna Freitas,Feminino,1955-09-08,538720414,435.270.186-62,Diabetes,71,106,78,65,24,35.7,94,70.54,1,0,S
Diogo Pereira,Masculino,1945-08-04,241307855,930.784.251-50,Doença Cardiovascular,81,134,71,90,11,35.6,99,35.0,1,0,N
Beatriz Garcia,Feminino,1988-03-06,327485012,267.519.834-09,Asma,38,94,58,67,23,35.8,97,48.34,1,0,N
Anna Liz Fernandes,Feminino,1993-08-06,514620870,014.783.962-96,Diabetes,33,133,67,95,22,37.1,95,83.28,1,0,S
Otávio Guerra,Masculino,1997-12-29,61784205X,674.518.092-85,Nenhuma,28,133,82,40,25,36.6,99,52.32,0,0,N
Ester Souza,Feminino,1982-05-12,358126708,904.316.287-69,Diabetes,44,127,84,72,19,37.2,99,61.82,1,0,N
Anna Liz Lopes,Feminino,1966-10-07,853162049,497.683.510-39,Nenhuma,60,100,82,129,17,37.3,97,41.28,0,1,N
Evelyn Oliveira,Feminino,1946-06-29,724581637,576.039.842-38,Doença Cardiovascular,80,124,75,95,23,35.9,100,14.96,1,0,N
Kevin Pimenta,Masculino,1943-11-03,80745316X,280.719.564-49,Diabetes,82,96,93,89,21,36.5,100,99.81,1,0,N
Vitor Hugo Vieira,Masculino,1947-10-05,457026133,092.567.183-59,Asma,79,114,80,134,29,36.5,100,53.15,1,1,N
Ana Julia Freitas,Feminino,1950-08-17,475123682,365.842.907-00,Doença Cardiovascular,76,140,90,40,22,36.2,100,33.64,1,0,N
Renan Cunha,Masculino,1954-01-30,346218755,816.957.342-46,Diabetes,72,135,53,64,18,36.1,96,71.38,1,0,N
João Guilherme Souza,Masculino,1989-06-06,103645871,678.023.514-80,Nenhuma,37,120,40,74,12,37.4,95,62.08,0,0,N
Kamilly Montenegro,Feminino,2000-04-24,281537604,945.187.630-84,Nenhuma,26,100,84,106,15,36.5,100,23.29,0,0,N
Maria Liz Cirino,Feminino,1960-09-20,531086744,839.567.420-10,Diabetes,66,132,58,106,10,36.5,95,87.69,1,0,N
Júlia Abreu,Feminino,1967-02-20,276803152,928.631.745-09,Hipertensão,59,120,76,63,16,35.9,97,7.09,1,0,N
Giovanna Almeida,Feminino,1986-08-01,638402517,978.145.306-01,Doença Cardiovascular,40,73,75,109,22,37.0,93,60.57,1,0,N
Caroline da Mota,Feminino,1988-12-30,536470819,637.284.501-62,Diabetes,37,135,103,74,17,35.7,99,47.79,1,0,S
Nicole Peixoto,Feminino,1998-12-28,81703254X,058.136.279-95,Hipertensão,27,119,85,115,23,36.9,91,31.82,1,1,S
Aylla Câmara,Feminino,1974-08-07,06478213X,931.720.658-12,Asma,52,144,82,59,19,36.9,96,82.64,1,0,N
Allana Santos,Feminino,1969-05-30,326174588,073.586.914-66,Hipertensão,57,98,92,81,15,36.2,96,65.63,1,0,N
Henry Azevedo,Masculino,1961-04-26,651874038,613.540.789-93,Asma,65,70,85,72,18,36.8,95,75.95,1,0,N
Laura Siqueira,Feminino,1995-07-13,842016351,029.315.487-23,Asma,31,125,73,111,20,36.6,89,41.47,1,1,N
Otto Porto,Masculino,1948-01-24,764815027,409.372.816-03,Hipertensão,78,125,96,71,18,36.5,89,94.24,1,1,N
Lucas Nogueira,Masculino,2007-07-14,812346506,236.914.570-61,Hipertensão,19,86,63,83,18,36.5,94,34.47,1,0,N
Renan Novais,Masculino,2004-12-12,702536489,357.289.614-28,Asma,21,100,84,97,14,36.5,99,53.1,1,0,N
Luigi Fernandes,Masculino,1948-07-03,06713824X,825.763.904-47,Doença Cardiovascular,78,175,56,98,15,36.6,98,93.37,1,0,N
Luiz Felipe Macedo,Masculino,1945-01-29,278045315,792.081.435-97,Nenhuma,81,113,83,107,29,36.5,96,8.32,0,0,N
Nicole Souza,Feminino,1984-10-12,305841270,309.452.861-98,Doença Cardiovascular,41,134,82,90,24,35.6,93,10.88,1,0,N
Gustavo Henrique Nascimento,Masculino,1986-06-16,142873652,687.430.125-07,Nenhuma,40,106,105,74,10,36.4,98,99.42,0,0,N
Maria Julia da Cunha,Feminino,1952-09-19,230518643,035.217.846-90,Asma,74,78,56,76,10,36.7,89,97.14,1,1,S
Arthur Gabriel Ribeiro,Masculino,1959-06-02,214805761,813.950.762-86,Diabetes,67,116,70,85,18,36.6,87,77.17,1,1,N
Anna Liz Pires,Feminino,1954-03-24,835046710,216.893.574-28,Doença Cardiovascular,72,114,92,91,22,37.3,96,48.42,1,0,N
Manuella Barros,Feminino,1993-12-01,045672313,347.286.059-65,Diabetes,32,112,85,81,15,37.0,94,50.61,1,0,S
Vitória Freitas,Feminino,2007-04-13,547602182,861.023.745-17,Hipertensão,19,117,82,85,23,35.8,100,25.72,1,0,S
João Vitor Sá,Masculino,1955-05-02,362780547,284.350.961-06,Nenhuma,71,125,65,47,18,36.4,97,43.27,0,0,S
Milena Rocha,Feminino,1938-01-14,705263149,543.809.267-29,Doença Cardiovascular,88,116,71,101,17,36.3,100,43.13,1,0,N
Ana Cassiano,Feminino,2004-09-12,053614823,659.784.321-55,Diabetes,22,94,98,89,21,36.5,94,3.61,1,0,N
Eloah Pinto,Feminino,1954-04-27,560428315,382.197.450-88,Doença Cardiovascular,72,129,79,110,15,36.5,98,45.32,1,0,S
Marina Leão,Feminino,1983-05-26,15068437X,312.456.809-51,Doença Cardiovascular,43,81,85,85,16,37.0,95,47.98,1,0,N
João Miguel Novais,Masculino,1956-07-24,685234010,230.579.614-52,Asma,70,78,78,41,21,36.6,100,66.58,1,0,N
Isaac Garcia,Masculino,1969-11-07,054862310,523.810.697-12,Diabetes,56,134,62,76,17,37.5,96,51.65,1,0,N
Caroline Garcia,Feminino,1989-09-30,762341506,741.328.590-88,Doença Cardiovascular,37,130,94,80,27,36.7,100,86.17,1,0,S
Camila Brito,Feminino,1999-03-31,143286055,431.276.809-96,Doença Cardiovascular,27,118,87,103,21,35.8,92,36.76,1,1,N
Helena Cunha,Feminino,1997-06-19,356108429,418.237.659-55,Doença Cardiovascular,29,92,114,40,21,36.1,95,40.97,1,0,N
Lavínia Cavalcanti,Feminino,1941-05-05,023675810,412.690.735-16,Asma,85,105,64,86,17,37.0,96,57.15,1,0,N
Murilo Novaes,Masculino,1945-12-16,245617085,058.129.476-94,Hipertensão,80,114,92,97,22,35.2,100,20.27,1,0,N
Luiz Gustavo Sá,Masculino,1949-11-14,108356747,674.802.531-17,Diabetes,76,88,60,68,16,35.4,88,39.35,1,1,N
Mariah Peixoto,Feminino,2003-12-22,735401627,579.618.230-77,Hipertensão,22,105,82,86,19,36.5,95,68.62,1,0,N
Liam Vargas,Masculino,2007-08-18,830251674,574.630.918-48,Doença Cardiovascular,19,133,94,69,13,37.3,95,41.18,1,0,N
Bianca Rios,Feminino,1956-07-31,801236757,831.729.504-41,Asma,70,148,48,66,23,37.5,88,90.66,1,1,N
Theodoro Nascimento,Masculino,1974-12-18,87251643X,728.469.503-00,Hipertensão,51,111,76,74,19,36.3,95,61.53,1,0,N
Matteo Câmara,Masculino,1991-08-13,683402754,572.910.836-21,Doença Cardiovascular,35,135,71,67,27,37.3,90,15.38,1,1,N
Thales Sá,Masculino,1989-02-07,085246372,598.436.207-47,Asma,37,81,69,102,29,36.6,87,48.74,1,1,N
Laura Machado,Feminino,1971-08-09,812360576,827.934.061-04,Diabetes,55,133,85,66,21,35.3,95,76.48,1,0,N
Felipe Guerra,Masculino,2004-05-15,435827601,620.149.875-30,Diabetes,22,103,96,62,18,36.5,95,64.33,1,0,S
Agatha Nascimento,Feminino,1989-04-14,80364257X,675.398.120-95,Diabetes,37,126,78,129,13,36.0,96,88.53,1,1,N
Nicole Rezende,Feminino,2007-07-11,412506737,584.036.219-06,Diabetes,19,115,83,109,22,37.2,98,75.0,1,0,S
Beatriz Gomes,Feminino,1968-08-24,614582702,851.496.072-58,Hipertensão,58,146,81,40,19,36.5,93,6.16,1,0,S
Mariah Leão,Feminino,2001-07-12,71063285X,519.806.273-12,Diabetes,25,102,80,65,20,35.5,100,11.25,1,0,S
Gabriel Porto,Masculino,1964-10-22,683452174,689.035.214-98,Hipertensão,61,132,63,91,26,35.3,96,64.97,1,0,N
Henry Gabriel Carvalho,Masculino,1950-10-20,536871425,418.672.593-46,Diabetes,75,114,96,93,13,36.5,100,23.84,1,0,N
Theodoro Barros,Masculino,1984-04-02,682457309,096.471.823-50,Doença Cardiovascular,42,116,84,47,13,34.6,90,58.78,1,1,N
Maria Luísa Almeida,Feminino,1982-11-01,238614505,902.768.314-03,Doença Cardiovascular,43,116,85,113,16,36.1,93,79.22,1,0,N
Josué Cavalcante,Masculino,1985-04-11,621357480,486.279.015-11,Asma,41,103,67,105,22,36.7,99,57.69,1,0,N
Ravy Rodrigues,Masculino,1947-11-20,160238572,178.296.034-13,Asma,78,119,73,97,20,35.7,96,41.55,1,0,N
Maria Eduarda Almeida,Feminino,1948-02-18,635240816,970.183.645-66,Diabetes,78,118,77,118,13,37.3,92,64.63,1,1,N
Maria Julia Novaes,Feminino,1949-09-24,380526475,234.678.150-90,Doença Cardiovascular,77,124,56,96,21,37.5,89,14.36,1,1,S
Evelyn Castro,Feminino,1996-07-10,132704857,521.743.986-64,Asma,30,121,54,96,11,35.7,99,72.32,1,0,N
Maria Eduarda Silveira,Feminino,1975-01-31,27483165X,179.264.530-99,Diabetes,51,135,70,123,13,36.3,99,69.7,1,1,N
Erick Melo,Masculino,1985-10-03,738154209,713.425.968-46,Diabetes,41,138,87,112,17,37.3,97,51.44,1,0,N
Lorenzo Cardoso,Masculino,1995-07-31,760431851,586.031.294-60,Doença Cardiovascular,31,98,70,63,15,36.5,95,27.88,1,0,N
Benício Alves,Masculino,2001-04-12,857421062,389.510.264-42,Asma,25,137,64,100,22,35.4,92,79.76,1,1,N
Nicole Marques,Feminino,1961-07-23,572043168,851.679.340-01,Asma,65,96,67,68,19,36.4,96,51.06,1,0,N
Pedro Miguel da Costa,Masculino,1936-08-30,406315784,976.084.325-00,Diabetes,90,131,73,97,26,35.8,91,5.92,1,1,N
Ravi Montenegro,Masculino,1975-05-17,172365806,780.245.936-29,Nenhuma,51,132,74,96,16,37.4,93,91.86,0,0,N
Luísa Castro,Feminino,1994-03-26,614728058,263.019.845-60,Diabetes,32,81,112,50,17,37.0,100,76.77,1,0,N
Ravi Silveira,Masculino,1940-08-26,184062731,763.598.042-47,Hipertensão,86,121,95,81,24,36.2,89,58.48,1,1,S
Alana Souza,Feminino,1992-12-23,514872068,895.670.214-49,Nenhuma,33,110,95,91,17,36.6,99,43.68,0,0,N
Maria Luísa Moreira,Feminino,2005-12-29,261845032,401.679.538-93,Hipertensão,20,104,97,74,25,35.5,100,95.99,1,0,N
Maria Isis Barbosa,Feminino,1996-02-04,615308740,154.906.237-99,Doença Cardiovascular,30,147,65,92,20,35.9,100,77.5,1,0,N
Joana Silva,Feminino,1954-05-09,482153672,065.391.248-05,Nenhuma,72,106,61,105,10,37.7,98,53.5,0,0,N
Dante Silva,Masculino,1987-12-03,207836152,201.948.675-01,Nenhuma,38,103,63,84,23,36.5,95,65.32,0,0,N
Yasmin Silva,Feminino,1949-12-06,16520784X,508.946.271-20,Diabetes,76,121,100,90,22,37.2,94,28.08,1,0,N
Maysa Mendes,Feminino,1963-12-19,378420562,850.214.936-98,Diabetes,62,133,71,119,22,36.7,88,19.57,1,1,N
Lavínia Gonçalves,Feminino,2008-04-30,340586722,107.693.582-68,Doença Cardiovascular,18,117,61,96,10,37.6,97,27.33,1,0,N
Maria Clara Guerra,Feminino,2007-03-15,714230583,257.936.481-19,Doença Cardiovascular,19,143,73,90,14,34.9,95,29.31,1,0,N
Maysa Lima,Feminino,1959-06-20,512460784,806.152.437-62,Hipertensão,67,130,76,61,15,36.3,94,73.97,1,0,N
Bella Casa Grande,Feminino,1975-07-21,534718206,802.179.345-79,Diabetes,51,76,84,101,13,37.8,96,14.01,1,0,N
Daniel Silveira,Masculino,1996-04-25,72435086X,672.953.048-00,Asma,30,109,83,93,26,37.3,97,77.76,1,0,N
Maria Clara Jesus,Feminino,1955-03-21,841750622,381.264.057-08,Diabetes,71,108,67,117,17,37.6,94,52.34,1,1,N
Diego da Cruz,Masculino,2000-12-28,826314703,072.854.916-67,Nenhuma,25,129,90,86,17,36.5,100,38.46,0,0,S
Giovanna da Luz,Feminino,1959-11-28,078235145,418.032.579-97,Asma,66,70,70,40,20,36.1,99,30.04,1,0,N
Lucas Ramos,Masculino,1952-06-30,038567246,870.432.516-80,Doença Cardiovascular,74,170,77,42,20,35.7,100,51.32,1,0,N
Raul Santos,Masculino,1958-01-19,457608237,508.674.913-10,Nenhuma,68,130,90,103,10,35.6,96,31.75,0,0,N
Isabelly Sá,Feminino,1938-05-09,871604358,501.297.634-70,Nenhuma,88,122,70,70,14,37.1,99,42.95,0,0,N
Manuela da Rocha,Feminino,2002-12-19,635178023,281.945.360-06,Hipertensão,23,143,71,95,10,36.9,93,73.9,1,0,S
Lucas Viana,Masculino,1986-11-04,736842019,908.473.516-10,Hipertensão,39,166,88,87,20,36.4,99,62.6,1,0,N
Joana Nunes,Feminino,1982-01-19,325807644,209.564.873-00,Nenhuma,44,137,67,80,16,36.9,96,74.8,0,0,N
Arthur Miguel Teixeira,Masculino,1943-04-28,471265032,392.840.567-56,Nenhuma,83,138,74,82,18,36.6,92,71.3,0,1,N
Clara Moreira,Feminino,1940-10-15,65241073X,483.761.295-46,Hipertensão,86,122,88,63,10,37.3,96,81.51,1,0,N
Amanda Câmara,Feminino,1999-06-11,736250815,145.238.906-33,Asma,27,117,110,84,16,37.3,95,20.17,1,0,N
Maria Cecília Silva,Feminino,1967-11-26,641305722,604.981.375-20,Doença Cardiovascular,58,110,89,70,23,35.6,100,99.51,1,0,S
Leandro Silva,Masculino,1972-08-14,871320460,568.172.493-09,Doença Cardiovascular,54,103,87,75,25,36.7,98,47.58,1,0,N
Lorena Melo,Feminino,1973-04-12,145680721,953.641.780-48,Diabetes,53,106,87,76,21,35.2,100,71.82,1,0,S
Juan Cassiano,Masculino,1940-08-18,184607322,957.206.348-00,Doença Cardiovascular,86,92,63,79,11,36.6,100,67.78,1,0,N
Diogo Pereira,Masculino,1966-10-07,645012786,760.814.259-67,Doença Cardiovascular,60,118,81,108,24,37.0,97,56.62,1,0,N
Maria Isis da Cunha,Feminino,2007-12-07,607314825,980.712.365-86,Asma,18,86,79,81,21,35.4,95,99.58,1,0,N
Ana Cunha,Feminino,1956-02-06,841236574,128.674.095-94,Doença Cardiovascular,70,123,84,110,17,36.2,90,21.73,1,1,S
Liz Casa Grande,Feminino,1954-04-25,458617301,951.062.437-34,Diabetes,72,119,81,123,10,36.5,93,42.17,1,1,N
Alice da Luz,Feminino,1984-08-27,746321855,729.480.513-04,Doença Cardiovascular,42,122,85,106,22,36.7,99,12.77,1,0,N
Thomas Souza,Masculino,1961-12-25,782364056,896.517.043-57,Hipertensão,64,109,75,98,15,36.3,95,18.18,1,0,N
Maria Luiza Mendes,Feminino,1954-11-10,853147620,326.859.147-73,Hipertensão,71,181,80,93,19,35.6,98,71.3,1,0,S
Eloá Ferreira,Feminino,1939-08-25,682301474,430.862.975-65,Diabetes,87,147,61,106,18,36.5,88,0.48,1,1,N
Theodoro Dias,Masculino,1974-07-24,12850643X,450.283.691-51,Diabetes,52,95,75,87,25,35.2,98,88.98,1,0,N
Marcelo Garcia,Masculino,1995-07-25,538621072,648.502.971-02,Nenhuma,31,124,100,109,17,36.3,100,63.32,0,0,N
Enzo Gabriel Moura,Masculino,1999-11-29,436258171,958.163.407-00,Hipertensão,26,107,84,100,17,36.1,89,44.09,1,1,N
Erick Mendes,Masculino,1985-12-31,834761208,287.503.914-88,Doença Cardiovascular,40,99,79,76,25,36.4,98,33.14,1,0,N
Alice Rios,Feminino,1970-06-05,527610835,247.831.965-91,Doença Cardiovascular,56,93,108,107,14,36.1,100,12.63,1,0,N
Luigi Câmara,Masculino,1980-12-20,536210470,618.974.250-58,Hipertensão,45,128,59,87,22,35.3,100,92.16,1,0,N
Gabrielly Câmara,Feminino,1968-08-13,735284015,302.456.897-29,Hipertensão,58,106,63,82,17,36.2,94,71.23,1,0,S
Lara Pereira,Feminino,1992-12-29,825730168,372.048.961-22,Hipertensão,33,139,105,73,12,37.2,100,33.64,1,0,N
Fernanda Fogaça,Feminino,1943-07-26,560748231,057.281.946-30,Nenhuma,83,139,80,89,18,37.5,100,7.09,0,0,N
Raul Nunes,Masculino,1982-08-05,036814520,421.035.879-79,Nenhuma,44,147,76,109,21,38.5,98,32.57,0,0,N
Vinicius da Conceição,Masculino,1983-04-05,35201748X,637.980.514-10,Diabetes,43,102,62,107,24,37.9,100,18.46,1,0,N
Maria Clara Rios,Feminino,2002-03-14,231485062,642.051.879-20,Hipertensão,24,129,86,93,25,35.5,96,78.63,1,0,N
Murilo Pires,Masculino,1988-09-28,283156703,589.176.204-85,Doença Cardiovascular,38,132,88,99,16,36.2,98,71.96,1,0,N
Lucas Montenegro,Masculino,1959-02-20,142683073,479.352.068-56,Diabetes,67,110,63,116,13,36.5,94,49.82,1,1,N
Júlia Novaes,Feminino,1982-09-24,042873162,761.905.438-39,Diabetes,44,104,77,81,16,36.4,96,88.58,1,0,N
Vitor Gabriel Barros,Masculino,1944-09-29,706852345,614.752.803-35,Diabetes,82,152,74,57,12,36.6,98,18.07,1,0,N
Melissa Nunes,Feminino,1974-12-01,328471057,196.372.580-86,Diabetes,51,124,83,117,16,38.4,94,45.2,1,1,S
Josué da Cruz,Masculino,2005-11-06,632857407,138.250.497-79,Nenhuma,20,132,63,71,16,35.6,96,71.06,0,0,N
Emilly Sales,Feminino,1973-02-26,385741029,279.451.836-46,Hipertensão,53,103,98,67,21,35.9,100,6.78,1,0,N
Heloísa Sales,Feminino,1954-05-23,570431621,973.154.826-28,Nenhuma,72,95,93,40,10,37.8,100,37.27,0,0,N
Emanuelly Aparecida,Feminino,1975-01-30,812654079,178.209.635-30,Hipertensão,51,108,74,99,14,36.0,88,57.17,1,1,S
Juliana Novaes,Feminino,1963-12-03,873516023,912.036.784-87,Asma,62,117,76,44,14,36.8,100,36.68,1,0,N
Caleb Souza,Masculino,1981-02-26,358201469,837.592.140-88,Doença Cardiovascular,45,98,77,66,23,37.3,95,48.02,1,0,N
Ana Luiza Cardoso,Feminino,1978-01-11,814520765,356.270.849-10,Asma,48,119,68,99,12,36.9,100,60.81,1,0,N
Liz Araújo,Feminino,2007-11-18,764851202,754.063.912-16,Hipertensão,18,86,73,103,19,36.7,100,36.84,1,0,N
Heloísa da Cruz,Feminino,1974-04-07,147532802,893.271.650-12,Doença Cardiovascular,52,97,75,68,17,37.3,100,10.6,1,0,N
Rhavi Martins,Masculino,1992-06-03,235046784,418.063.592-51,Nenhuma,34,133,104,81,23,35.8,94,13.94,0,0,N
Vitor Gabriel Viana,Masculino,2000-05-02,412603755,258.916.073-95,Nenhuma,26,132,94,63,20,36.1,96,52.7,0,0,N
Luiza Vieira,Feminino,1991-07-17,37126408X,492.351.087-05,Asma,35,112,94,71,18,36.9,96,17.47,1,0,N
Fernanda Mendes,Feminino,1979-06-17,024653172,140.872.639-40,Asma,47,99,85,91,15,34.8,95,88.98,1,0,S
Melina Barros,Feminino,1958-02-01,867425039,953.218.046-05,Asma,68,99,63,72,10,37.6,100,83.42,1,0,N
Gael Henrique Brito,Masculino,2007-09-02,168053743,690.281.437-69,Hipertensão,19,112,79,78,19,36.7,96,34.9,1,0,N
Henrique Peixoto,Masculino,1970-11-15,486315277,382.610.749-78,Nenhuma,55,132,94,48,20,36.6,90,83.1,0,1,N
Kaique Nunes,Masculino,1987-01-25,430628171,580.149.267-49,Asma,39,138,61,113,10,35.2,94,53.32,1,0,N
Pedro Camargo,Masculino,1996-11-18,108576322,053.748.291-14,Nenhuma,29,110,89,97,11,35.5,90,15.91,0,1,N
Evelyn Pastor,Feminino,1943-05-20,604582316,681.493.257-19,Doença Cardiovascular,83,96,114,104,19,36.2,96,61.42,1,0,N
Alexandre da Cunha,Masculino,1997-01-16,732461807,468.291.703-03,Hipertensão,29,125,95,117,19,37.1,99,67.95,1,1,N
Júlia Monteiro,Feminino,1985-06-16,312465087,857.901.623-12,Diabetes,41,103,101,64,13,34.8,94,8.39,1,0,N
Luísa Montenegro,Feminino,1954-04-09,257430167,270.864.195-67,Nenhuma,72,109,83,76,15,37.1,95,31.45,0,0,S
Sophie da Paz,Feminino,1952-09-19,014825636,573.891.406-66,Nenhuma,74,146,94,40,10,36.2,95,0.54,0,0,N
Julia Nascimento,Feminino,1994-11-21,516208470,012.839.576-12,Hipertensão,31,136,69,163,24,36.3,97,31.64,1,1,N
Luigi da Mota,Masculino,1998-08-29,058761238,031.927.865-40,Hipertensão,28,123,91,81,11,36.7,99,33.54,1,0,N
Sarah das Neves,Feminino,2007-10-04,745183062,982.071.435-41,Hipertensão,19,94,89,110,20,36.7,100,63.02,1,0,N
Daniel Sá,Masculino,1975-03-13,417632502,531.742.896-37,Diabetes,51,124,84,54,17,35.9,100,19.9,1,0,N
Ryan Abreu,Masculino,2006-01-29,548176322,391.257.046-99,Hipertensão,20,141,99,109,24,37.0,97,3.01,1,0,N
Thomas Melo,Masculino,1987-08-11,360215786,498.620.351-70,Diabetes,39,112,71,131,14,34.6,99,31.56,1,1,N
Enrico Cavalcanti,Masculino,1948-07-08,745621302,217.436.809-96,Asma,78,147,77,83,18,36.1,90,82.56,1,1,N
Marina Rocha,Feminino,1945-05-24,658713401,579.123.840-14,Diabetes,81,145,81,59,10,36.6,95,39.91,1,0,N
Aylla Macedo,Feminino,1950-08-13,014568329,642.859.310-60,Diabetes,76,153,64,81,10,36.2,95,41.51,1,0,N
Zoe Cirino,Feminino,1976-05-21,46302185X,063.987.152-68,Asma,50,126,83,40,20,35.0,92,46.9,1,1,N
Bianca Teixeira,Feminino,1952-04-08,701843251,653.821.409-60,Doença Cardiovascular,74,131,54,84,10,37.1,94,75.18,1,0,N
Heitor das Neves,Masculino,1968-07-23,63208571X,086.721.539-95,Asma,58,148,95,105,16,35.5,96,48.0,1,0,S
Lorena Dias,Feminino,1973-10-23,531078462,214.397.856-19,Hipertensão,52,128,80,84,23,36.4,94,9.13,1,0,S
Olivia Caldeira,Feminino,1953-02-19,387460214,491.083.257-23,Asma,73,109,72,77,21,36.6,100,20.64,1,0,N
Giovanna Oliveira,Feminino,1993-08-02,045137626,769.430.582-74,Hipertensão,33,111,67,98,14,36.5,99,18.79,1,0,N
Luna Castro,Feminino,1946-10-05,251307487,542.361.809-60,Hipertensão,80,124,76,100,10,37.4,100,50.79,1,0,S
Miguel Viana,Masculino,1943-12-21,158670322,709.315.824-23,Asma,82,94,90,43,20,36.5,100,2.99,1,0,N
Eduarda Pimenta,Feminino,1982-11-27,253468176,641.370.589-20,Nenhuma,43,117,88,87,24,36.8,94,28.36,0,0,N
Luan Moreira,Masculino,1975-11-15,138052463,915.638.047-00,Hipertensão,50,141,69,145,14,36.5,97,60.72,1,1,N
Oliver Vasconcelos,Masculino,1937-12-09,834265072,056.937.241-07,Doença Cardiovascular,88,76,67,51,13,37.0,95,35.47,1,0,N
Ian da Luz,Masculino,2002-11-25,681024537,035.941.867-84,Asma,23,150,89,82,15,37.6,96,70.77,1,0,N
Liz Freitas,Feminino,1947-03-19,035628741,091.467.528-11,Hipertensão,79,142,69,133,20,36.6,93,39.12,1,1,N
Leandro Farias,Masculino,2000-02-06,568213476,832.640.517-53,Diabetes,26,110,80,112,24,37.1,95,97.93,1,0,N
Luara Machado,Feminino,1951-01-29,137268403,564.129.078-58,Nenhuma,75,130,81,72,11,37.7,98,96.54,0,0,N
Mariana Nunes,Feminino,1948-04-29,451687024,236.019.547-61,Diabetes,78,120,84,90,10,37.6,98,79.98,1,0,N
Oliver Abreu,Masculino,1999-01-11,536248709,261.387.459-73,Asma,27,144,92,84,29,36.2,98,95.44,1,0,N
Benjamin Jesus,Masculino,2003-03-17,735248163,053.462.819-24,Hipertensão,23,139,61,66,17,37.3,96,20.48,1,0,N
Cecilia Marques,Feminino,1987-09-12,754182034,405.628.197-11,Nenhuma,39,91,51,83,19,36.7,100,75.09,0,0,N
Antony Santos,Masculino,1976-05-29,705328144,715.823.906-30,Doença Cardiovascular,50,131,71,78,14,37.4,95,32.17,1,0,N
Giovanna Ribeiro,Feminino,1951-03-24,128507640,592.480.736-38,Hipertensão,75,115,107,87,20,37.0,100,72.53,1,0,N
Juan Freitas,Masculino,1946-05-19,248371058,547.613.208-26,Hipertensão,80,121,110,66,22,36.7,89,37.39,1,1,N
Lorenzo Lima,Masculino,1939-01-05,507314864,938.762.140-50,Hipertensão,87,105,107,53,19,36.8,99,28.94,1,0,N
Luan Novais,Masculino,1944-04-12,34702581X,354.901.872-04,Hipertensão,82,154,77,83,26,36.7,98,95.88,1,0,N
Guilherme Cunha,Masculino,1949-04-03,264531784,319.685.274-19,Asma,77,140,53,127,16,36.7,94,20.99,1,0,S
Theodoro Macedo,Masculino,1948-07-27,271506386,608.795.231-40,Diabetes,78,105,44,87,16,36.4,95,75.86,1,0,N
Cauê Barbosa,Masculino,1935-11-24,541387261,473.821.690-22,Asma,90,93,70,76,19,36.3,98,67.47,1,0,N
Enrico Duarte,Masculino,1940-05-05,675234803,623.145.780-07,Doença Cardiovascular,86,112,77,103,20,37.9,100,30.35,1,0,N
Ravy Aparecida,Masculino,1973-11-07,685104230,891.453.760-93,Hipertensão,52,128,99,81,19,36.9,90,45.83,1,1,N
Raquel da Cruz,Feminino,1969-06-02,381746057,247.091.653-43,Diabetes,57,124,93,131,11,36.0,99,14.29,1,0,S
Marcos Vinicius Araújo,Masculino,1963-06-10,025368710,402.587.693-00,Asma,63,145,83,84,19,36.3,95,92.12,1,0,N
Ana Laura Porto,Feminino,1939-01-19,146720581,421.803.596-24,Diabetes,87,135,66,102,16,37.3,100,96.81,1,0,N
João Guilherme Nascimento,Masculino,1937-12-01,145326081,915.208.437-04,Nenhuma,88,139,65,66,15,35.9,89,73.25,0,1,N
Maysa da Paz,Feminino,1997-02-26,034265788,642.078.395-00,Doença Cardiovascular,29,126,83,97,18,35.3,100,84.94,1,0,N
Olivia Carvalho,Feminino,1979-04-25,608341757,208.513.694-05,Doença Cardiovascular,47,92,90,91,13,35.4,93,8.26,1,0,N
Luan Vasconcelos,Masculino,1999-02-04,560274816,097.124.583-50,Nenhuma,27,116,85,83,12,35.1,100,38.4,0,0,N
Clarice Cassiano,Feminino,2002-11-14,615247805,013.679.428-96,Hipertensão,23,141,64,72,10,35.5,96,33.08,1,0,S
Letícia Oliveira,Feminino,1985-02-22,25347081X,064.328.795-74,Hipertensão,41,118,89,69,26,35.6,93,56.5,1,0,N
Caio Macedo,Masculino,1987-12-06,064815237,961.083.427-22,Asma,38,130,86,92,20,37.6,98,18.34,1,0,N
Lunna Oliveira,Feminino,1944-08-17,47560832X,734.051.869-00,Hipertensão,82,113,63,100,17,36.5,100,56.34,1,0,N
Joana Novais,Feminino,1975-09-23,271064833,061.254.873-26,Diabetes,51,99,68,81,14,36.2,90,65.44,1,1,N
Lavínia Sales,Feminino,1995-06-12,518674034,091.842.376-78,Doença Cardiovascular,31,117,90,92,10,35.3,99,13.24,1,0,N
Cecilia Vargas,Feminino,1949-07-25,281064350,320.695.147-06,Diabetes,77,126,76,84,14,36.4,96,13.17,1,0,N
Luara Fonseca,Feminino,1963-10-03,384652074,564.719.028-67,Diabetes,63,106,103,87,21,35.1,99,3.54,1,0,S
Hadassa Cirino,Feminino,1942-07-12,135467287,764.831.952-73,Diabetes,84,115,87,79,22,36.2,97,76.09,1,0,S
Nina da Conceição,Feminino,1940-03-31,374186522,301.462.578-71,Doença Cardiovascular,86,101,72,85,21,38.2,94,33.1,1,0,N
Maria Cecília Farias,Feminino,1988-08-19,821307459,259.471.036-99,Doença Cardiovascular,38,142,79,152,18,37.0,92,22.54,1,1,N
Joana da Cunha,Feminino,2001-04-12,682074317,431.750.689-01,Diabetes,25,114,80,92,24,36.3,99,77.81,1,0,S
Antônio Carvalho,Masculino,1956-11-12,862371053,947.156.038-10,Asma,69,149,69,101,16,37.1,99,14.33,1,0,N
Noah Lima,Masculino,1959-01-20,203478617,728.916.403-22,Nenhuma,67,150,66,95,23,36.1,99,42.72,0,0,N
Raquel Aragão,Feminino,1953-07-21,178065328,318.769.405-57,Doença Cardiovascular,73,118,90,78,16,35.9,98,74.48,1,0,S
Ana Liz Moraes,Feminino,2004-08-11,084216578,217.354.698-82,Asma,22,99,92,117,13,37.9,100,57.38,1,1,N
Antony Nunes,Masculino,1978-10-14,418560377,084.215.976-20,Hipertensão,47,78,89,77,12,35.6,100,55.4,1,0,N
Arthur Gabriel Montenegro,Masculino,1990-11-13,631025844,984.562.710-20,Nenhuma,35,90,102,111,12,36.2,89,15.75,0,1,N
Zoe Mendonça,Feminino,1993-02-18,506281735,730.249.856-38,Hipertensão,33,92,71,76,21,36.7,87,18.09,1,1,S
Lívia Porto,Feminino,1955-12-01,124608735,813.940.276-13,Asma,70,147,105,61,14,35.8,100,58.26,1,0,N
Ana Vitória Nunes,Feminino,1992-11-26,416305283,726.394.581-91,Hipertensão,33,122,66,94,12,37.0,91,2.36,1,1,N
Daniel Nascimento,Masculino,1991-09-11,627048511,605.481.329-33,Asma,35,127,64,57,21,36.3,92,86.91,1,1,N
Théo Borges,Masculino,1975-12-02,321406850,289.731.654-37,Hipertensão,50,75,53,98,19,37.0,95,35.05,1,0,N
Ravi Lucca Pimenta,Masculino,1945-11-01,578620340,932.064.718-69,Diabetes,80,96,73,55,22,37.0,90,41.66,1,1,N
Ana Sophia Vargas,Feminino,1958-09-23,761832452,576.409.328-74,Nenhuma,68,137,72,77,20,36.3,95,25.84,0,0,S
Kamilly Martins,Feminino,1965-07-29,158246731,926.475.801-11,Doença Cardiovascular,61,125,87,49,14,37.9,93,87.67,1,0,N
Clarice Rezende,Feminino,2007-06-18,168230471,516.234.089-89,Doença Cardiovascular,19,117,83,155,18,36.0,96,64.25,1,1,N
Ana Sophia Cirino,Feminino,1958-11-03,485362107,723.086.541-71,Asma,67,131,62,43,18,37.6,98,44.99,1,0,N
Maitê Marques,Feminino,1985-02-10,32540687X,354.701.982-60,Diabetes,41,152,74,85,13,37.4,95,58.53,1,0,N
Pedro Almeida,Masculino,1942-11-14,154720380,682.097.154-02,Diabetes,83,115,74,113,12,37.9,95,38.04,1,0,N
Laís Abreu,Feminino,1936-01-04,810652742,574.208.916-30,Nenhuma,90,121,53,110,14,36.6,98,46.56,0,0,N
Mathias Almeida,Masculino,1989-04-11,236581740,950.387.241-32,Diabetes,37,123,65,106,28,35.9,100,35.76,1,0,N
Heloisa Duarte,Feminino,2008-05-07,824605135,804.326.195-42,Doença Cardiovascular,18,167,68,77,15,38.2,100,41.07,1,0,N
Clarice da Luz,Feminino,1969-02-08,816752400,872.456.901-11,Asma,57,78,101,118,24,36.2,96,31.5,1,1,N
Luan Nascimento,Masculino,1990-08-11,163750488,970.123.584-32,Doença Cardiovascular,36,133,82,107,15,35.8,100,7.76,1,0,N
Guilherme Vargas,Masculino,2002-08-12,164783258,689.035.274-29,Asma,24,117,89,90,22,36.3,100,3.73,1,0,N
Maria Silva,Feminino,1935-12-31,780461253,105.742.983-04,Hipertensão,90,131,57,91,22,35.7,92,17.41,1,1,N
Eduardo Correia,Masculino,1995-05-31,475302862,085.492.136-24,Asma,31,106,97,77,22,36.9,91,25.16,1,1,N
Gabrielly das Neves,Feminino,1956-02-08,471085327,268.341.975-91,Asma,70,119,99,62,19,36.0,94,89.05,1,0,N
Beatriz Alves,Feminino,1959-10-16,130562749,746.812.350-08,Doença Cardiovascular,67,134,50,115,24,36.3,100,61.12,1,0,N
Ana Cecília Vasconcelos,Feminino,1989-12-03,416527036,465.920.138-42,Doença Cardiovascular,36,182,69,117,19,37.3,94,95.83,1,1,S
Ágatha Ferreira,Feminino,1963-06-04,483762015,621.708.594-11,Doença Cardiovascular,63,136,87,62,26,37.0,89,33.96,1,1,N
Luan Dias,Masculino,1996-08-19,632405715,437.065.198-01,Doença Cardiovascular,30,103,89,81,10,36.5,96,40.17,1,0,N
